split,regime,task,seed,episodes,success_rate,mechanism_precision,incompatible_retrieval_rate,damage_rate,recovery_success,query_cost,calibration_error,ablation,interpretation
combined_stress,source_matched,drawer_pull_with_stiction,0,84,0.642857,0.620784,0.100784,0.057454,0.583243,0.232744,0.074273,full_mechanism_retrieval,all components
combined_stress,source_matched,drawer_pull_with_stiction,1,84,0.690476,0.621600,0.101390,0.056943,0.584128,0.232469,0.074676,full_mechanism_retrieval,all components
combined_stress,source_matched,drawer_pull_with_stiction,2,84,0.690476,0.622416,0.101996,0.049380,0.585013,0.232861,0.067075,full_mechanism_retrieval,all components
combined_stress,source_matched,drawer_pull_with_stiction,3,84,0.726190,0.623232,0.102602,0.049107,0.585898,0.232753,0.067478,full_mechanism_retrieval,all components
combined_stress,source_matched,drawer_pull_with_stiction,4,84,0.738095,0.624048,0.103208,0.049311,0.586782,0.232978,0.067881,full_mechanism_retrieval,all components
combined_stress,source_matched,drawer_pull_with_stiction,5,84,0.738095,0.624864,0.103814,0.049752,0.587667,0.233370,0.068284,full_mechanism_retrieval,all components
combined_stress,source_matched,drawer_pull_with_stiction,6,84,0.785714,0.625680,0.104420,0.049241,0.588552,0.233096,0.068687,full_mechanism_retrieval,all components
combined_stress,source_matched,peg_insert_contact_search,0,84,0.678571,0.628265,0.106399,0.053457,0.566879,0.236641,0.070754,full_mechanism_retrieval,all components
combined_stress,source_matched,peg_insert_contact_search,1,84,0.726190,0.629081,0.107005,0.052946,0.567764,0.236366,0.071156,full_mechanism_retrieval,all components
combined_stress,source_matched,peg_insert_contact_search,2,84,0.642857,0.629897,0.107611,0.055054,0.568649,0.237925,0.071559,full_mechanism_retrieval,all components
combined_stress,source_matched,peg_insert_contact_search,3,84,0.642857,0.614705,0.108217,0.055495,0.569534,0.238317,0.071962,full_mechanism_retrieval,all components
combined_stress,source_matched,peg_insert_contact_search,4,84,0.726190,0.615521,0.108823,0.054270,0.552409,0.237542,0.072365,full_mechanism_retrieval,all components
combined_stress,source_matched,peg_insert_contact_search,5,84,0.738095,0.616337,0.109429,0.054473,0.553294,0.237768,0.072768,full_mechanism_retrieval,all components
combined_stress,source_matched,peg_insert_contact_search,6,84,0.714286,0.617153,0.098029,0.054490,0.554659,0.230489,0.072955,full_mechanism_retrieval,all components
combined_stress,source_matched,cable_route_around_hook,0,84,0.678571,0.621757,0.103780,0.052876,0.596741,0.237481,0.071589,full_mechanism_retrieval,all components
combined_stress,source_matched,cable_route_around_hook,1,84,0.690476,0.622557,0.104374,0.053070,0.597608,0.237698,0.071984,full_mechanism_retrieval,all components
combined_stress,source_matched,cable_route_around_hook,2,84,0.547619,0.623357,0.104968,0.056360,0.598476,0.240082,0.072378,full_mechanism_retrieval,all components
combined_stress,source_matched,cable_route_around_hook,3,84,0.654762,0.624157,0.105562,0.054650,0.599343,0.238966,0.072773,full_mechanism_retrieval,all components
combined_stress,source_matched,cable_route_around_hook,4,84,0.642857,0.624957,0.106156,0.055321,0.600210,0.239517,0.073168,full_mechanism_retrieval,all components
combined_stress,source_matched,cable_route_around_hook,5,84,0.607143,0.625757,0.106750,0.056467,0.601077,0.232397,0.073562,full_mechanism_retrieval,all components
combined_stress,source_matched,cable_route_around_hook,6,84,0.666667,0.626557,0.107344,0.055709,0.601945,0.231948,0.073957,full_mechanism_retrieval,all components
combined_stress,source_matched,cloth_slide_over_edge,0,84,0.714286,0.617118,0.101419,0.052317,0.588624,0.238130,0.072685,full_mechanism_retrieval,all components
combined_stress,source_matched,cloth_slide_over_edge,1,84,0.619048,0.617902,0.102001,0.054645,0.589474,0.239839,0.073071,full_mechanism_retrieval,all components
combined_stress,source_matched,cloth_slide_over_edge,2,84,0.678571,0.618686,0.102583,0.053878,0.590323,0.231378,0.073458,full_mechanism_retrieval,all components
combined_stress,source_matched,cloth_slide_over_edge,3,84,0.690476,0.619470,0.103165,0.054064,0.591173,0.231587,0.073844,full_mechanism_retrieval,all components
combined_stress,source_matched,cloth_slide_over_edge,4,84,0.607143,0.620254,0.103747,0.056154,0.592023,0.233130,0.074231,full_mechanism_retrieval,all components
combined_stress,source_matched,cloth_slide_over_edge,5,84,0.583333,0.621038,0.104329,0.057054,0.592872,0.233839,0.074617,full_mechanism_retrieval,all components
combined_stress,source_matched,cloth_slide_over_edge,6,84,0.738095,0.621822,0.104911,0.054382,0.593722,0.232049,0.067000,full_mechanism_retrieval,all components
combined_stress,source_matched,twist_lid_with_force_limit,0,84,0.690476,0.622868,0.101731,0.056588,0.554790,0.231717,0.073926,full_mechanism_retrieval,all components
combined_stress,source_matched,twist_lid_with_force_limit,1,84,0.726190,0.623692,0.102343,0.056320,0.555683,0.231613,0.074333,full_mechanism_retrieval,all components
combined_stress,source_matched,twist_lid_with_force_limit,2,84,0.738095,0.624516,0.102955,0.048524,0.556577,0.231843,0.066736,full_mechanism_retrieval,all components
combined_stress,source_matched,twist_lid_with_force_limit,3,84,0.809524,0.625340,0.103567,0.047541,0.557471,0.231239,0.067143,full_mechanism_retrieval,all components
combined_stress,source_matched,twist_lid_with_force_limit,4,84,0.773810,0.626164,0.104179,0.048701,0.558364,0.232135,0.067550,full_mechanism_retrieval,all components
combined_stress,source_matched,twist_lid_with_force_limit,5,84,0.750000,0.626988,0.104791,0.049623,0.559258,0.232864,0.067957,full_mechanism_retrieval,all components
combined_stress,source_matched,twist_lid_with_force_limit,6,84,0.738095,0.627812,0.105403,0.050307,0.560151,0.233427,0.068364,full_mechanism_retrieval,all components
combined_stress,friction_mismatch,drawer_pull_with_stiction,0,84,0.642857,0.610411,0.116628,0.058706,0.590295,0.236407,0.070499,full_mechanism_retrieval,all components
combined_stress,friction_mismatch,drawer_pull_with_stiction,1,84,0.761905,0.611251,0.117252,0.056780,0.573198,0.235144,0.070914,full_mechanism_retrieval,all components
combined_stress,friction_mismatch,drawer_pull_with_stiction,2,84,0.726190,0.612091,0.117876,0.057949,0.574109,0.236048,0.071329,full_mechanism_retrieval,all components
combined_stress,friction_mismatch,drawer_pull_with_stiction,3,84,0.678571,0.612931,0.106494,0.058456,0.575500,0.237119,0.071528,full_mechanism_retrieval,all components
combined_stress,friction_mismatch,drawer_pull_with_stiction,4,84,0.726190,0.613771,0.107118,0.057958,0.576411,0.236856,0.071943,full_mechanism_retrieval,all components
combined_stress,friction_mismatch,drawer_pull_with_stiction,5,84,0.690476,0.614611,0.107742,0.059127,0.577322,0.237760,0.072359,full_mechanism_retrieval,all components
combined_stress,friction_mismatch,drawer_pull_with_stiction,6,84,0.702381,0.615451,0.108366,0.059344,0.578233,0.237998,0.072774,full_mechanism_retrieval,all components
combined_stress,friction_mismatch,peg_insert_contact_search,0,84,0.702381,0.616548,0.109229,0.060589,0.554931,0.239299,0.074077,full_mechanism_retrieval,all components
combined_stress,friction_mismatch,peg_insert_contact_search,1,84,0.761905,0.617388,0.109853,0.059853,0.555842,0.238869,0.074492,full_mechanism_retrieval,all components
combined_stress,friction_mismatch,peg_insert_contact_search,2,84,0.702381,0.618228,0.110477,0.061498,0.556753,0.240107,0.074907,full_mechanism_retrieval,all components
combined_stress,friction_mismatch,peg_insert_contact_search,3,84,0.714286,0.619068,0.111101,0.061715,0.557664,0.240344,0.075322,full_mechanism_retrieval,all components
combined_stress,friction_mismatch,peg_insert_contact_search,4,84,0.642857,0.619908,0.111725,0.063598,0.558575,0.241748,0.075737,full_mechanism_retrieval,all components
combined_stress,friction_mismatch,peg_insert_contact_search,5,84,0.726190,0.620748,0.112349,0.062386,0.559486,0.232981,0.076153,full_mechanism_retrieval,all components
combined_stress,friction_mismatch,peg_insert_contact_search,6,84,0.619048,0.621588,0.112973,0.064984,0.560397,0.234885,0.076568,full_mechanism_retrieval,all components
combined_stress,friction_mismatch,cable_route_around_hook,0,84,0.690476,0.620984,0.114818,0.058330,0.596777,0.237774,0.072528,full_mechanism_retrieval,all components
combined_stress,friction_mismatch,cable_route_around_hook,1,84,0.702381,0.621808,0.115430,0.058538,0.597670,0.238003,0.072935,full_mechanism_retrieval,all components
combined_stress,friction_mismatch,cable_route_around_hook,2,84,0.642857,0.606624,0.116042,0.060174,0.598564,0.239232,0.073342,full_mechanism_retrieval,all components
combined_stress,friction_mismatch,cable_route_around_hook,3,84,0.690476,0.607448,0.116654,0.059667,0.599457,0.238962,0.073749,full_mechanism_retrieval,all components
combined_stress,friction_mismatch,cable_route_around_hook,4,84,0.642857,0.608272,0.117266,0.061066,0.582342,0.240024,0.074156,full_mechanism_retrieval,all components
combined_stress,friction_mismatch,cable_route_around_hook,5,84,0.642857,0.609096,0.117878,0.061512,0.583235,0.240420,0.074563,full_mechanism_retrieval,all components
combined_stress,friction_mismatch,cable_route_around_hook,6,84,0.714286,0.609920,0.106484,0.059629,0.584609,0.239816,0.074754,full_mechanism_retrieval,all components
combined_stress,friction_mismatch,cloth_slide_over_edge,0,84,0.642857,0.610873,0.108353,0.056393,0.582667,0.236853,0.070814,full_mechanism_retrieval,all components
combined_stress,friction_mismatch,cloth_slide_over_edge,1,84,0.607143,0.611681,0.108953,0.057545,0.583543,0.237741,0.071212,full_mechanism_retrieval,all components
combined_stress,friction_mismatch,cloth_slide_over_edge,2,84,0.630952,0.612489,0.109553,0.057505,0.584419,0.237796,0.071611,full_mechanism_retrieval,all components
combined_stress,friction_mismatch,cloth_slide_over_edge,3,84,0.690476,0.613297,0.110153,0.056752,0.585295,0.237351,0.072010,full_mechanism_retrieval,all components
combined_stress,friction_mismatch,cloth_slide_over_edge,4,84,0.642857,0.614105,0.110753,0.058141,0.586171,0.238405,0.072409,full_mechanism_retrieval,all components
combined_stress,friction_mismatch,cloth_slide_over_edge,5,84,0.642857,0.614913,0.111353,0.058578,0.587047,0.238793,0.072808,full_mechanism_retrieval,all components
combined_stress,friction_mismatch,cloth_slide_over_edge,6,84,0.678571,0.615721,0.111953,0.058301,0.587923,0.238681,0.073206,full_mechanism_retrieval,all components
combined_stress,friction_mismatch,twist_lid_with_force_limit,0,84,0.690476,0.614463,0.107045,0.058035,0.546468,0.236365,0.070945,full_mechanism_retrieval,all components
combined_stress,friction_mismatch,twist_lid_with_force_limit,1,84,0.678571,0.615311,0.107675,0.058732,0.547388,0.236939,0.071365,full_mechanism_retrieval,all components
combined_stress,friction_mismatch,twist_lid_with_force_limit,2,84,0.690476,0.616159,0.108305,0.058953,0.548308,0.237181,0.071784,full_mechanism_retrieval,all components
combined_stress,friction_mismatch,twist_lid_with_force_limit,3,84,0.678571,0.617007,0.108935,0.059651,0.549228,0.237755,0.072203,full_mechanism_retrieval,all components
combined_stress,friction_mismatch,twist_lid_with_force_limit,4,84,0.690476,0.617855,0.109565,0.059872,0.550148,0.237997,0.072623,full_mechanism_retrieval,all components
combined_stress,friction_mismatch,twist_lid_with_force_limit,5,84,0.738095,0.618703,0.110195,0.059379,0.551067,0.237738,0.073042,full_mechanism_retrieval,all components
combined_stress,friction_mismatch,twist_lid_with_force_limit,6,84,0.678571,0.619551,0.110825,0.061028,0.551987,0.238979,0.073461,full_mechanism_retrieval,all components
combined_stress,support_topology_shift,drawer_pull_with_stiction,0,84,0.750000,0.603518,0.114733,0.058645,0.579448,0.240614,0.076296,full_mechanism_retrieval,all components
combined_stress,support_topology_shift,drawer_pull_with_stiction,1,84,0.738095,0.604398,0.115387,0.059360,0.580403,0.241205,0.076732,full_mechanism_retrieval,all components
combined_stress,support_topology_shift,drawer_pull_with_stiction,2,84,0.642857,0.605278,0.116041,0.061742,0.581358,0.242962,0.077168,full_mechanism_retrieval,all components
combined_stress,support_topology_shift,drawer_pull_with_stiction,3,84,0.714286,0.606158,0.116695,0.060790,0.582313,0.234382,0.077604,full_mechanism_retrieval,all components
combined_stress,support_topology_shift,drawer_pull_with_stiction,4,84,0.583333,0.607038,0.117349,0.063886,0.583268,0.236639,0.078039,full_mechanism_retrieval,all components
combined_stress,support_topology_shift,drawer_pull_with_stiction,5,84,0.714286,0.607918,0.118003,0.061744,0.584222,0.235230,0.078475,full_mechanism_retrieval,all components
combined_stress,support_topology_shift,drawer_pull_with_stiction,6,84,0.750000,0.608798,0.118657,0.061507,0.585177,0.235154,0.078911,full_mechanism_retrieval,all components
combined_stress,support_topology_shift,peg_insert_contact_search,0,84,0.702381,0.607415,0.117660,0.062325,0.559160,0.235882,0.078940,full_mechanism_retrieval,all components
combined_stress,support_topology_shift,peg_insert_contact_search,1,84,0.642857,0.608295,0.118314,0.063992,0.560115,0.237139,0.071372,full_mechanism_retrieval,all components
combined_stress,support_topology_shift,peg_insert_contact_search,2,84,0.690476,0.609175,0.118968,0.063517,0.561069,0.236897,0.071808,full_mechanism_retrieval,all components
combined_stress,support_topology_shift,peg_insert_contact_search,3,84,0.738095,0.610055,0.119622,0.063042,0.562024,0.236654,0.072244,full_mechanism_retrieval,all components
combined_stress,support_topology_shift,peg_insert_contact_search,4,84,0.595238,0.610935,0.120276,0.066376,0.562979,0.239078,0.072679,full_mechanism_retrieval,all components
combined_stress,support_topology_shift,peg_insert_contact_search,5,84,0.726190,0.611815,0.120930,0.064234,0.545925,0.237669,0.073115,full_mechanism_retrieval,all components
combined_stress,support_topology_shift,peg_insert_contact_search,6,84,0.678571,0.612695,0.121584,0.065663,0.546880,0.238759,0.073551,full_mechanism_retrieval,all components
combined_stress,support_topology_shift,cable_route_around_hook,0,84,0.666667,0.603412,0.116918,0.063852,0.591764,0.238474,0.073057,full_mechanism_retrieval,all components
combined_stress,support_topology_shift,cable_route_around_hook,1,84,0.583333,0.604276,0.117560,0.065986,0.592701,0.240057,0.073485,full_mechanism_retrieval,all components
combined_stress,support_topology_shift,cable_route_around_hook,2,84,0.666667,0.605140,0.118202,0.064788,0.593638,0.239306,0.073912,full_mechanism_retrieval,all components
combined_stress,support_topology_shift,cable_route_around_hook,3,84,0.714286,0.606004,0.118844,0.064304,0.594576,0.239056,0.074340,full_mechanism_retrieval,all components
combined_stress,support_topology_shift,cable_route_around_hook,4,84,0.559524,0.606868,0.119486,0.067867,0.595513,0.241638,0.074768,full_mechanism_retrieval,all components
combined_stress,support_topology_shift,cable_route_around_hook,5,84,0.714286,0.607732,0.120128,0.065240,0.596450,0.239888,0.075195,full_mechanism_retrieval,all components
combined_stress,support_topology_shift,cable_route_around_hook,6,84,0.630952,0.608596,0.120770,0.067375,0.597388,0.241470,0.075623,full_mechanism_retrieval,all components
combined_stress,support_topology_shift,cloth_slide_over_edge,0,84,0.678571,0.616196,0.115620,0.064556,0.585197,0.240164,0.074880,full_mechanism_retrieval,all components
combined_stress,support_topology_shift,cloth_slide_over_edge,1,84,0.654762,0.617044,0.116250,0.065492,0.586117,0.240906,0.075300,full_mechanism_retrieval,all components
combined_stress,support_topology_shift,cloth_slide_over_edge,2,84,0.666667,0.617892,0.116880,0.065713,0.587036,0.241147,0.075719,full_mechanism_retrieval,all components
combined_stress,support_topology_shift,cloth_slide_over_edge,3,84,0.607143,0.602732,0.117510,0.067362,0.587956,0.242388,0.076138,full_mechanism_retrieval,all components
combined_stress,support_topology_shift,cloth_slide_over_edge,4,84,0.714286,0.603580,0.118140,0.065679,0.588876,0.241296,0.076558,full_mechanism_retrieval,all components
combined_stress,support_topology_shift,cloth_slide_over_edge,5,84,0.619048,0.604428,0.118770,0.068043,0.589796,0.243038,0.076977,full_mechanism_retrieval,all components
combined_stress,support_topology_shift,cloth_slide_over_edge,6,84,0.678571,0.605276,0.119400,0.067312,0.590716,0.242612,0.077396,full_mechanism_retrieval,all components
combined_stress,support_topology_shift,twist_lid_with_force_limit,0,84,0.642857,0.610851,0.119616,0.063794,0.556742,0.236375,0.078643,full_mechanism_retrieval,all components
combined_stress,support_topology_shift,twist_lid_with_force_limit,1,84,0.726190,0.611739,0.120276,0.062609,0.557705,0.235636,0.079083,full_mechanism_retrieval,all components
combined_stress,support_topology_shift,twist_lid_with_force_limit,2,84,0.702381,0.612627,0.120936,0.063567,0.540660,0.236397,0.071519,full_mechanism_retrieval,all components
combined_stress,support_topology_shift,twist_lid_with_force_limit,3,84,0.607143,0.613515,0.121596,0.065953,0.541623,0.238159,0.071959,full_mechanism_retrieval,all components
combined_stress,support_topology_shift,twist_lid_with_force_limit,4,84,0.702381,0.614403,0.110250,0.063629,0.543067,0.237253,0.072183,full_mechanism_retrieval,all components
combined_stress,support_topology_shift,twist_lid_with_force_limit,5,84,0.773810,0.615291,0.110910,0.062682,0.544031,0.236681,0.072623,full_mechanism_retrieval,all components
combined_stress,support_topology_shift,twist_lid_with_force_limit,6,84,0.690476,0.616179,0.111570,0.064830,0.544994,0.238276,0.073063,full_mechanism_retrieval,all components
combined_stress,compliance_shift,drawer_pull_with_stiction,0,84,0.726190,0.605616,0.122680,0.062569,0.570577,0.238893,0.074447,full_mechanism_retrieval,all components
combined_stress,compliance_shift,drawer_pull_with_stiction,1,84,0.690476,0.606448,0.111292,0.062833,0.571960,0.239793,0.074642,full_mechanism_retrieval,all components
combined_stress,compliance_shift,drawer_pull_with_stiction,2,84,0.714286,0.607280,0.111910,0.062808,0.572862,0.239860,0.075054,full_mechanism_retrieval,all components
combined_stress,compliance_shift,drawer_pull_with_stiction,3,84,0.642857,0.608112,0.112528,0.064686,0.573764,0.241260,0.075465,full_mechanism_retrieval,all components
combined_stress,compliance_shift,drawer_pull_with_stiction,4,84,0.750000,0.608944,0.113146,0.062994,0.574667,0.240160,0.075876,full_mechanism_retrieval,all components
combined_stress,compliance_shift,drawer_pull_with_stiction,5,84,0.654762,0.609776,0.113764,0.065349,0.575569,0.241893,0.076287,full_mechanism_retrieval,all components
combined_stress,compliance_shift,drawer_pull_with_stiction,6,84,0.702381,0.610608,0.114382,0.064847,0.576471,0.241626,0.076698,full_mechanism_retrieval,all components
combined_stress,compliance_shift,peg_insert_contact_search,0,84,0.738095,0.612201,0.115617,0.065653,0.553713,0.234672,0.078256,full_mechanism_retrieval,all components
combined_stress,compliance_shift,peg_insert_contact_search,1,84,0.678571,0.613033,0.116235,0.067294,0.554615,0.235905,0.078667,full_mechanism_retrieval,all components
combined_stress,compliance_shift,peg_insert_contact_search,2,84,0.726190,0.613865,0.116853,0.066792,0.555517,0.235638,0.079078,full_mechanism_retrieval,all components
combined_stress,compliance_shift,peg_insert_contact_search,3,84,0.750000,0.614697,0.117471,0.058762,0.556419,0.235705,0.079489,full_mechanism_retrieval,all components
combined_stress,compliance_shift,peg_insert_contact_search,4,84,0.690476,0.615529,0.118089,0.060403,0.557322,0.236938,0.071896,full_mechanism_retrieval,all components
combined_stress,compliance_shift,peg_insert_contact_search,5,84,0.595238,0.616361,0.118707,0.062758,0.558224,0.238672,0.072307,full_mechanism_retrieval,all components
combined_stress,compliance_shift,peg_insert_contact_search,6,84,0.630952,0.617193,0.119325,0.062494,0.559126,0.238572,0.072718,full_mechanism_retrieval,all components
combined_stress,compliance_shift,cable_route_around_hook,0,84,0.630952,0.602317,0.122472,0.066238,0.579398,0.243328,0.077573,full_mechanism_retrieval,all components
combined_stress,compliance_shift,cable_route_around_hook,1,84,0.642857,0.603133,0.123078,0.066442,0.580282,0.243553,0.077976,full_mechanism_retrieval,all components
combined_stress,compliance_shift,cable_route_around_hook,2,84,0.690476,0.603949,0.111678,0.065030,0.581647,0.243278,0.078163,full_mechanism_retrieval,all components
combined_stress,compliance_shift,cable_route_around_hook,3,84,0.702381,0.604765,0.112284,0.065234,0.582532,0.235500,0.078566,full_mechanism_retrieval,all components
combined_stress,compliance_shift,cable_route_around_hook,4,84,0.690476,0.605581,0.112890,0.065913,0.583417,0.236058,0.078969,full_mechanism_retrieval,all components
combined_stress,compliance_shift,cable_route_around_hook,5,84,0.595238,0.606397,0.113496,0.068259,0.584302,0.237784,0.079372,full_mechanism_retrieval,all components
combined_stress,compliance_shift,cable_route_around_hook,6,84,0.607143,0.607213,0.114102,0.068463,0.585186,0.238009,0.079775,full_mechanism_retrieval,all components
combined_stress,compliance_shift,cloth_slide_over_edge,0,84,0.630952,0.610038,0.117376,0.064364,0.585295,0.242653,0.076796,full_mechanism_retrieval,all components
combined_stress,compliance_shift,cloth_slide_over_edge,1,84,0.607143,0.610838,0.117970,0.065273,0.586162,0.243370,0.077191,full_mechanism_retrieval,all components
combined_stress,compliance_shift,cloth_slide_over_edge,2,84,0.642857,0.611638,0.118564,0.064991,0.587029,0.243254,0.077585,full_mechanism_retrieval,all components
combined_stress,compliance_shift,cloth_slide_over_edge,3,84,0.583333,0.612438,0.119158,0.066614,0.587896,0.244471,0.077980,full_mechanism_retrieval,all components
combined_stress,compliance_shift,cloth_slide_over_edge,4,84,0.583333,0.613238,0.119752,0.067047,0.588764,0.236851,0.078375,full_mechanism_retrieval,all components
combined_stress,compliance_shift,cloth_slide_over_edge,5,84,0.821429,0.614038,0.120346,0.062717,0.589631,0.233902,0.078769,full_mechanism_retrieval,all components
combined_stress,compliance_shift,cloth_slide_over_edge,6,84,0.571429,0.614838,0.120940,0.068150,0.590498,0.237786,0.079164,full_mechanism_retrieval,all components
combined_stress,compliance_shift,twist_lid_with_force_limit,0,84,0.714286,0.609012,0.112605,0.062724,0.544041,0.239356,0.074557,full_mechanism_retrieval,all components
combined_stress,compliance_shift,twist_lid_with_force_limit,1,84,0.702381,0.609852,0.113229,0.063417,0.544952,0.239927,0.074973,full_mechanism_retrieval,all components
combined_stress,compliance_shift,twist_lid_with_force_limit,2,84,0.642857,0.610692,0.113853,0.065062,0.545863,0.241164,0.075388,full_mechanism_retrieval,all components
combined_stress,compliance_shift,twist_lid_with_force_limit,3,84,0.702381,0.611532,0.114477,0.064326,0.546774,0.240735,0.075803,full_mechanism_retrieval,all components
combined_stress,compliance_shift,twist_lid_with_force_limit,4,84,0.666667,0.612372,0.115101,0.065495,0.547685,0.241639,0.076218,full_mechanism_retrieval,all components
combined_stress,compliance_shift,twist_lid_with_force_limit,5,84,0.726190,0.613212,0.115725,0.064760,0.548596,0.241209,0.076633,full_mechanism_retrieval,all components
combined_stress,compliance_shift,twist_lid_with_force_limit,6,84,0.654762,0.614052,0.116349,0.066643,0.549507,0.242613,0.077049,full_mechanism_retrieval,all components
combined_stress,occluded_contact_shift,drawer_pull_with_stiction,0,84,0.750000,0.607382,0.126448,0.068488,0.568969,0.239806,0.075855,full_mechanism_retrieval,all components
combined_stress,occluded_contact_shift,drawer_pull_with_stiction,1,84,0.726190,0.608262,0.127102,0.069441,0.569924,0.240563,0.076291,full_mechanism_retrieval,all components
combined_stress,occluded_contact_shift,drawer_pull_with_stiction,2,84,0.702381,0.609142,0.115750,0.069494,0.571359,0.241321,0.076511,full_mechanism_retrieval,all components
combined_stress,occluded_contact_shift,drawer_pull_with_stiction,3,84,0.738095,0.610022,0.116404,0.069256,0.572313,0.241245,0.076946,full_mechanism_retrieval,all components
combined_stress,occluded_contact_shift,drawer_pull_with_stiction,4,84,0.726190,0.610902,0.117058,0.069972,0.573268,0.241835,0.077382,full_mechanism_retrieval,all components
combined_stress,occluded_contact_shift,drawer_pull_with_stiction,5,84,0.654762,0.611782,0.117712,0.063873,0.574223,0.243259,0.077818,full_mechanism_retrieval,all components
combined_stress,occluded_contact_shift,drawer_pull_with_stiction,6,84,0.761905,0.612662,0.118366,0.062207,0.575178,0.242183,0.078254,full_mechanism_retrieval,all components
combined_stress,occluded_contact_shift,peg_insert_contact_search,0,84,0.750000,0.611279,0.117369,0.062311,0.549160,0.242411,0.078283,full_mechanism_retrieval,all components
combined_stress,occluded_contact_shift,peg_insert_contact_search,1,84,0.654762,0.612159,0.118023,0.064693,0.550115,0.244169,0.078719,full_mechanism_retrieval,all components
combined_stress,occluded_contact_shift,peg_insert_contact_search,2,84,0.642857,0.613039,0.118677,0.065408,0.551070,0.236755,0.079155,full_mechanism_retrieval,all components
combined_stress,occluded_contact_shift,peg_insert_contact_search,3,84,0.738095,0.613919,0.119331,0.063980,0.552025,0.235846,0.079590,full_mechanism_retrieval,all components
combined_stress,occluded_contact_shift,peg_insert_contact_search,4,84,0.630952,0.598791,0.119985,0.066600,0.552980,0.237770,0.080026,full_mechanism_retrieval,all components
combined_stress,occluded_contact_shift,peg_insert_contact_search,5,84,0.666667,0.599671,0.120639,0.066363,0.553935,0.237694,0.080462,full_mechanism_retrieval,all components
combined_stress,occluded_contact_shift,peg_insert_contact_search,6,84,0.666667,0.600551,0.121293,0.066840,0.554889,0.238118,0.072894,full_mechanism_retrieval,all components
combined_stress,occluded_contact_shift,cable_route_around_hook,0,84,0.571429,0.607276,0.116628,0.066694,0.581764,0.239000,0.080404,full_mechanism_retrieval,all components
combined_stress,occluded_contact_shift,cable_route_around_hook,1,84,0.666667,0.608140,0.117270,0.065258,0.582702,0.238082,0.080832,full_mechanism_retrieval,all components
combined_stress,occluded_contact_shift,cable_route_around_hook,2,84,0.654762,0.609004,0.117912,0.065964,0.583639,0.238665,0.073255,full_mechanism_retrieval,all components
combined_stress,occluded_contact_shift,cable_route_around_hook,3,84,0.666667,0.609868,0.118554,0.066194,0.584576,0.238914,0.073683,full_mechanism_retrieval,all components
combined_stress,occluded_contact_shift,cable_route_around_hook,4,84,0.476190,0.610732,0.119196,0.070472,0.585514,0.241997,0.074110,full_mechanism_retrieval,all components
combined_stress,occluded_contact_shift,cable_route_around_hook,5,84,0.654762,0.611596,0.119838,0.067369,0.586451,0.239913,0.074538,full_mechanism_retrieval,all components
combined_stress,occluded_contact_shift,cable_route_around_hook,6,84,0.535714,0.612460,0.120480,0.070218,0.587388,0.241996,0.074965,full_mechanism_retrieval,all components
combined_stress,occluded_contact_shift,cloth_slide_over_edge,0,84,0.571429,0.604052,0.115330,0.067637,0.575197,0.240856,0.074223,full_mechanism_retrieval,all components
combined_stress,occluded_contact_shift,cloth_slide_over_edge,1,84,0.607143,0.604900,0.115960,0.067382,0.576117,0.240764,0.074642,full_mechanism_retrieval,all components
combined_stress,occluded_contact_shift,cloth_slide_over_edge,2,84,0.702381,0.605748,0.116590,0.065937,0.577037,0.239839,0.075062,full_mechanism_retrieval,all components
combined_stress,occluded_contact_shift,cloth_slide_over_edge,3,84,0.583333,0.606596,0.117220,0.068777,0.577957,0.241914,0.075481,full_mechanism_retrieval,all components
combined_stress,occluded_contact_shift,cloth_slide_over_edge,4,84,0.607143,0.607444,0.117850,0.068760,0.578877,0.241988,0.075900,full_mechanism_retrieval,all components
combined_stress,occluded_contact_shift,cloth_slide_over_edge,5,84,0.571429,0.608292,0.118480,0.069933,0.579796,0.242896,0.076320,full_mechanism_retrieval,all components
combined_stress,occluded_contact_shift,cloth_slide_over_edge,6,84,0.607143,0.609140,0.119110,0.069678,0.580716,0.242804,0.076739,full_mechanism_retrieval,all components
combined_stress,occluded_contact_shift,twist_lid_with_force_limit,0,84,0.666667,0.598707,0.119325,0.064256,0.546742,0.243237,0.077986,full_mechanism_retrieval,all components
combined_stress,occluded_contact_shift,twist_lid_with_force_limit,1,84,0.797619,0.599595,0.119985,0.062118,0.547706,0.241832,0.078426,full_mechanism_retrieval,all components
combined_stress,occluded_contact_shift,twist_lid_with_force_limit,2,84,0.642857,0.600483,0.120645,0.065695,0.548669,0.244427,0.078866,full_mechanism_retrieval,all components
combined_stress,occluded_contact_shift,twist_lid_with_force_limit,3,84,0.666667,0.601371,0.121305,0.065701,0.549633,0.236517,0.079306,full_mechanism_retrieval,all components
combined_stress,occluded_contact_shift,twist_lid_with_force_limit,4,84,0.654762,0.602259,0.121965,0.066420,0.550597,0.237112,0.079746,full_mechanism_retrieval,all components
combined_stress,occluded_contact_shift,twist_lid_with_force_limit,5,84,0.702381,0.603147,0.122625,0.065949,0.551560,0.236873,0.080186,full_mechanism_retrieval,all components
combined_stress,occluded_contact_shift,twist_lid_with_force_limit,6,84,0.666667,0.604035,0.123285,0.067145,0.552524,0.237801,0.080626,full_mechanism_retrieval,all components
combined_stress,actuator_lag_shift,drawer_pull_with_stiction,0,84,0.654762,0.603700,0.117834,0.067046,0.569916,0.239714,0.074368,full_mechanism_retrieval,all components
combined_stress,actuator_lag_shift,drawer_pull_with_stiction,1,84,0.619048,0.604548,0.118464,0.068220,0.570836,0.240622,0.074788,full_mechanism_retrieval,all components
combined_stress,actuator_lag_shift,drawer_pull_with_stiction,2,84,0.738095,0.605396,0.119094,0.066298,0.571756,0.239363,0.075207,full_mechanism_retrieval,all components
combined_stress,actuator_lag_shift,drawer_pull_with_stiction,3,84,0.666667,0.606244,0.119724,0.068186,0.572676,0.240771,0.075626,full_mechanism_retrieval,all components
combined_stress,actuator_lag_shift,drawer_pull_with_stiction,4,84,0.702381,0.607092,0.120354,0.067931,0.573595,0.240679,0.076046,full_mechanism_retrieval,all components
combined_stress,actuator_lag_shift,drawer_pull_with_stiction,5,84,0.654762,0.607940,0.120984,0.069343,0.574515,0.241754,0.076465,full_mechanism_retrieval,all components
combined_stress,actuator_lag_shift,drawer_pull_with_stiction,6,84,0.642857,0.608788,0.121614,0.070040,0.575435,0.242328,0.076884,full_mechanism_retrieval,all components
combined_stress,actuator_lag_shift,peg_insert_contact_search,0,84,0.738095,0.609390,0.122105,0.069104,0.551590,0.242048,0.077932,full_mechanism_retrieval,all components
combined_stress,actuator_lag_shift,peg_insert_contact_search,1,84,0.726190,0.610238,0.122735,0.069801,0.552510,0.242623,0.078352,full_mechanism_retrieval,all components
combined_stress,actuator_lag_shift,peg_insert_contact_search,2,84,0.583333,0.611086,0.123365,0.073118,0.553430,0.245031,0.078771,full_mechanism_retrieval,all components
combined_stress,actuator_lag_shift,peg_insert_contact_search,3,84,0.678571,0.611934,0.123995,0.071672,0.554349,0.244106,0.079190,full_mechanism_retrieval,all components
combined_stress,actuator_lag_shift,peg_insert_contact_search,4,84,0.535714,0.596774,0.124625,0.074989,0.555269,0.246514,0.079610,full_mechanism_retrieval,all components
combined_stress,actuator_lag_shift,peg_insert_contact_search,5,84,0.714286,0.597622,0.125255,0.071876,0.556189,0.236418,0.080029,full_mechanism_retrieval,all components
combined_stress,actuator_lag_shift,peg_insert_contact_search,6,84,0.642857,0.598470,0.125885,0.065760,0.557109,0.237826,0.080448,full_mechanism_retrieval,all components
combined_stress,actuator_lag_shift,cable_route_around_hook,0,84,0.595238,0.596130,0.126428,0.068525,0.591587,0.241513,0.075516,full_mechanism_retrieval,all components
combined_stress,actuator_lag_shift,cable_route_around_hook,1,84,0.583333,0.596962,0.127046,0.069214,0.592490,0.242079,0.075928,full_mechanism_retrieval,all components
combined_stress,actuator_lag_shift,cable_route_around_hook,2,84,0.607143,0.597794,0.127664,0.069188,0.593392,0.242146,0.076339,full_mechanism_retrieval,all components
combined_stress,actuator_lag_shift,cable_route_around_hook,3,84,0.690476,0.598626,0.128282,0.067972,0.594294,0.241379,0.076750,full_mechanism_retrieval,all components
combined_stress,actuator_lag_shift,cable_route_around_hook,4,84,0.595238,0.599458,0.128900,0.070327,0.577187,0.243113,0.077161,full_mechanism_retrieval,all components
combined_stress,actuator_lag_shift,cable_route_around_hook,5,84,0.666667,0.600290,0.129518,0.069348,0.578090,0.242513,0.077572,full_mechanism_retrieval,all components
combined_stress,actuator_lag_shift,cable_route_around_hook,6,84,0.642857,0.601122,0.118130,0.069375,0.579472,0.243246,0.077767,full_mechanism_retrieval,all components
combined_stress,actuator_lag_shift,cloth_slide_over_edge,0,84,0.642857,0.600203,0.118596,0.071674,0.575481,0.238347,0.080870,full_mechanism_retrieval,all components
combined_stress,actuator_lag_shift,cloth_slide_over_edge,1,84,0.654762,0.601019,0.119202,0.071877,0.576366,0.238572,0.081273,full_mechanism_retrieval,all components
combined_stress,actuator_lag_shift,cloth_slide_over_edge,2,84,0.678571,0.601835,0.119808,0.071842,0.577250,0.238631,0.081676,full_mechanism_retrieval,all components
combined_stress,actuator_lag_shift,cloth_slide_over_edge,3,84,0.690476,0.602651,0.120414,0.072045,0.578135,0.238856,0.074075,full_mechanism_retrieval,all components
combined_stress,actuator_lag_shift,cloth_slide_over_edge,4,84,0.654762,0.603467,0.121020,0.065197,0.579020,0.239748,0.074478,full_mechanism_retrieval,all components
combined_stress,actuator_lag_shift,cloth_slide_over_edge,5,84,0.714286,0.604283,0.121626,0.064448,0.579905,0.239307,0.074880,full_mechanism_retrieval,all components
combined_stress,actuator_lag_shift,cloth_slide_over_edge,6,84,0.607143,0.605099,0.122232,0.067033,0.580789,0.241199,0.075283,full_mechanism_retrieval,all components
combined_stress,actuator_lag_shift,twist_lid_with_force_limit,0,84,0.595238,0.608409,0.120749,0.069783,0.544336,0.241500,0.075368,full_mechanism_retrieval,all components
combined_stress,actuator_lag_shift,twist_lid_with_force_limit,1,84,0.630952,0.609265,0.121385,0.069533,0.545265,0.241412,0.075791,full_mechanism_retrieval,all components
combined_stress,actuator_lag_shift,twist_lid_with_force_limit,2,84,0.702381,0.610121,0.122021,0.068568,0.546193,0.240824,0.076215,full_mechanism_retrieval,all components
combined_stress,actuator_lag_shift,twist_lid_with_force_limit,3,84,0.583333,0.610977,0.122657,0.071413,0.547122,0.242902,0.076638,full_mechanism_retrieval,all components
combined_stress,actuator_lag_shift,twist_lid_with_force_limit,4,84,0.678571,0.611833,0.123293,0.069972,0.548050,0.241981,0.077062,full_mechanism_retrieval,all components
combined_stress,actuator_lag_shift,twist_lid_with_force_limit,5,84,0.750000,0.596681,0.123929,0.069007,0.548979,0.241393,0.077485,full_mechanism_retrieval,all components
combined_stress,actuator_lag_shift,twist_lid_with_force_limit,6,84,0.666667,0.597537,0.124565,0.071137,0.549908,0.242972,0.077909,full_mechanism_retrieval,all components
combined_stress,compound_mechanism_shift,drawer_pull_with_stiction,0,84,0.726190,0.603950,0.126809,0.075951,0.568354,0.241767,0.077802,full_mechanism_retrieval,all components
combined_stress,compound_mechanism_shift,drawer_pull_with_stiction,1,84,0.678571,0.604846,0.127475,0.077389,0.569327,0.242866,0.078246,full_mechanism_retrieval,all components
combined_stress,compound_mechanism_shift,drawer_pull_with_stiction,2,84,0.702381,0.605742,0.128141,0.077399,0.570299,0.242965,0.078690,full_mechanism_retrieval,all components
combined_stress,compound_mechanism_shift,drawer_pull_with_stiction,3,84,0.630952,0.590630,0.128807,0.079313,0.571271,0.244397,0.079134,full_mechanism_retrieval,all components
combined_stress,compound_mechanism_shift,drawer_pull_with_stiction,4,84,0.571429,0.591526,0.129473,0.080990,0.572244,0.245662,0.079578,full_mechanism_retrieval,all components
combined_stress,compound_mechanism_shift,drawer_pull_with_stiction,5,84,0.630952,0.592422,0.130139,0.072281,0.573216,0.245261,0.080022,full_mechanism_retrieval,all components
combined_stress,compound_mechanism_shift,drawer_pull_with_stiction,6,84,0.666667,0.593318,0.130805,0.072053,0.574188,0.245193,0.080466,full_mechanism_retrieval,all components
combined_stress,compound_mechanism_shift,peg_insert_contact_search,0,84,0.666667,0.590943,0.129064,0.071366,0.547085,0.244758,0.079986,full_mechanism_retrieval,all components
combined_stress,compound_mechanism_shift,peg_insert_contact_search,1,84,0.559524,0.591839,0.129730,0.073995,0.548057,0.246690,0.080430,full_mechanism_retrieval,all components
combined_stress,compound_mechanism_shift,peg_insert_contact_search,2,84,0.619048,0.592735,0.130396,0.073291,0.549029,0.246289,0.080874,full_mechanism_retrieval,all components
combined_stress,compound_mechanism_shift,peg_insert_contact_search,3,84,0.773810,0.593631,0.131062,0.070681,0.550002,0.244554,0.081318,full_mechanism_retrieval,all components
combined_stress,compound_mechanism_shift,peg_insert_contact_search,4,84,0.726190,0.594527,0.131728,0.072120,0.550974,0.245653,0.081762,full_mechanism_retrieval,all components
combined_stress,compound_mechanism_shift,peg_insert_contact_search,5,84,0.642857,0.595423,0.132394,0.074272,0.551946,0.247251,0.082205,full_mechanism_retrieval,all components
combined_stress,compound_mechanism_shift,peg_insert_contact_search,6,84,0.607143,0.596319,0.133060,0.075473,0.552919,0.240179,0.082649,full_mechanism_retrieval,all components
combined_stress,compound_mechanism_shift,cable_route_around_hook,0,84,0.607143,0.599572,0.125790,0.079495,0.575992,0.245996,0.080373,full_mechanism_retrieval,all components
combined_stress,compound_mechanism_shift,cable_route_around_hook,1,84,0.583333,0.600452,0.126444,0.080449,0.576947,0.246753,0.080809,full_mechanism_retrieval,all components
combined_stress,compound_mechanism_shift,cable_route_around_hook,2,84,0.559524,0.601332,0.127098,0.073398,0.577901,0.247510,0.081245,full_mechanism_retrieval,all components
combined_stress,compound_mechanism_shift,cable_route_around_hook,3,84,0.619048,0.602212,0.127752,0.072684,0.578856,0.247101,0.081680,full_mechanism_retrieval,all components
combined_stress,compound_mechanism_shift,cable_route_around_hook,4,84,0.619048,0.603092,0.128406,0.073162,0.579811,0.247525,0.082116,full_mechanism_retrieval,all components
combined_stress,compound_mechanism_shift,cable_route_around_hook,5,84,0.535714,0.603972,0.129060,0.075305,0.580766,0.249116,0.082552,full_mechanism_retrieval,all components
combined_stress,compound_mechanism_shift,cable_route_around_hook,6,84,0.535714,0.604852,0.129714,0.075782,0.581721,0.241536,0.082988,full_mechanism_retrieval,all components
combined_stress,compound_mechanism_shift,cloth_slide_over_edge,0,84,0.630952,0.592700,0.133762,0.078833,0.582959,0.245695,0.080539,full_mechanism_retrieval,all components
combined_stress,compound_mechanism_shift,cloth_slide_over_edge,1,84,0.738095,0.593564,0.134404,0.077158,0.583896,0.244611,0.080966,full_mechanism_retrieval,all components
combined_stress,compound_mechanism_shift,cloth_slide_over_edge,2,84,0.619048,0.594428,0.135046,0.080008,0.584834,0.246694,0.081394,full_mechanism_retrieval,all components
combined_stress,compound_mechanism_shift,cloth_slide_over_edge,3,84,0.595238,0.595292,0.135688,0.080952,0.585771,0.247443,0.081822,full_mechanism_retrieval,all components
combined_stress,compound_mechanism_shift,cloth_slide_over_edge,4,84,0.642857,0.596156,0.136330,0.072464,0.568699,0.247192,0.082249,full_mechanism_retrieval,all components
combined_stress,compound_mechanism_shift,cloth_slide_over_edge,5,84,0.619048,0.597020,0.136972,0.073408,0.569637,0.239938,0.082677,full_mechanism_retrieval,all components
combined_stress,compound_mechanism_shift,cloth_slide_over_edge,6,84,0.630952,0.597884,0.125608,0.072738,0.571054,0.240187,0.082888,full_mechanism_retrieval,all components
combined_stress,compound_mechanism_shift,twist_lid_with_force_limit,0,84,0.642857,0.596587,0.132676,0.073350,0.547084,0.245855,0.080823,full_mechanism_retrieval,all components
combined_stress,compound_mechanism_shift,twist_lid_with_force_limit,1,84,0.702381,0.597491,0.133348,0.072649,0.548065,0.245457,0.081271,full_mechanism_retrieval,all components
combined_stress,compound_mechanism_shift,twist_lid_with_force_limit,2,84,0.642857,0.598395,0.134020,0.074330,0.549046,0.246727,0.081719,full_mechanism_retrieval,all components
combined_stress,compound_mechanism_shift,twist_lid_with_force_limit,3,84,0.714286,0.599299,0.134692,0.073392,0.550028,0.246163,0.082167,full_mechanism_retrieval,all components
combined_stress,compound_mechanism_shift,twist_lid_with_force_limit,4,84,0.785714,0.600203,0.135364,0.072454,0.551009,0.237595,0.082615,full_mechanism_retrieval,all components
combined_stress,compound_mechanism_shift,twist_lid_with_force_limit,5,84,0.690476,0.601107,0.136036,0.074849,0.533981,0.239364,0.083063,full_mechanism_retrieval,all components
combined_stress,compound_mechanism_shift,twist_lid_with_force_limit,6,84,0.690476,0.602011,0.136708,0.075340,0.534962,0.239800,0.083511,full_mechanism_retrieval,all components
combined_stress,source_matched,drawer_pull_with_stiction,0,84,0.619048,0.542984,0.191866,0.080161,0.513553,0.225745,0.068577,minus_mechanism_index,retrieval index loses physical mechanism fields
combined_stress,source_matched,drawer_pull_with_stiction,1,84,0.797619,0.543776,0.192454,0.077018,0.496402,0.223625,0.068967,minus_mechanism_index,retrieval index loses physical mechanism fields
combined_stress,source_matched,drawer_pull_with_stiction,2,84,0.726190,0.544568,0.193042,0.078874,0.497261,0.225005,0.069358,minus_mechanism_index,retrieval index loses physical mechanism fields
combined_stress,source_matched,drawer_pull_with_stiction,3,84,0.595238,0.529352,0.181624,0.081021,0.498600,0.227218,0.069532,minus_mechanism_index,retrieval index loses physical mechanism fields
combined_stress,source_matched,drawer_pull_with_stiction,4,84,0.642857,0.530144,0.182212,0.072493,0.499458,0.226932,0.069923,minus_mechanism_index,retrieval index loses physical mechanism fields
combined_stress,source_matched,drawer_pull_with_stiction,5,84,0.595238,0.530936,0.182800,0.073873,0.500317,0.227978,0.070314,minus_mechanism_index,retrieval index loses physical mechanism fields
combined_stress,source_matched,drawer_pull_with_stiction,6,84,0.642857,0.531728,0.183388,0.073349,0.501175,0.227692,0.070704,minus_mechanism_index,retrieval index loses physical mechanism fields
combined_stress,source_matched,peg_insert_contact_search,0,84,0.654762,0.535801,0.186330,0.075999,0.481138,0.230314,0.073532,minus_mechanism_index,retrieval index loses physical mechanism fields
combined_stress,source_matched,peg_insert_contact_search,1,84,0.726190,0.536593,0.186918,0.074999,0.481996,0.229694,0.073923,minus_mechanism_index,retrieval index loses physical mechanism fields
combined_stress,source_matched,peg_insert_contact_search,2,84,0.583333,0.537385,0.187506,0.078284,0.482855,0.232074,0.074314,minus_mechanism_index,retrieval index loses physical mechanism fields
combined_stress,source_matched,peg_insert_contact_search,3,84,0.630952,0.538177,0.188094,0.077760,0.483713,0.223784,0.074704,minus_mechanism_index,retrieval index loses physical mechanism fields
combined_stress,source_matched,peg_insert_contact_search,4,84,0.583333,0.538969,0.188682,0.079140,0.484572,0.224830,0.075095,minus_mechanism_index,retrieval index loses physical mechanism fields
combined_stress,source_matched,peg_insert_contact_search,5,84,0.595238,0.539761,0.189270,0.079330,0.485430,0.225044,0.075485,minus_mechanism_index,retrieval index loses physical mechanism fields
combined_stress,source_matched,peg_insert_contact_search,6,84,0.607143,0.540553,0.189858,0.079520,0.486289,0.225257,0.075876,minus_mechanism_index,retrieval index loses physical mechanism fields
combined_stress,source_matched,cable_route_around_hook,0,84,0.678571,0.534357,0.187968,0.077794,0.516527,0.225349,0.068972,minus_mechanism_index,retrieval index loses physical mechanism fields
combined_stress,source_matched,cable_route_around_hook,1,84,0.583333,0.535133,0.188544,0.080118,0.517368,0.227054,0.069355,minus_mechanism_index,retrieval index loses physical mechanism fields
combined_stress,source_matched,cable_route_around_hook,2,84,0.654762,0.535909,0.189120,0.079109,0.518209,0.226426,0.069737,minus_mechanism_index,retrieval index loses physical mechanism fields
combined_stress,source_matched,cable_route_around_hook,3,84,0.583333,0.536685,0.189696,0.080957,0.519050,0.227798,0.070119,minus_mechanism_index,retrieval index loses physical mechanism fields
combined_stress,source_matched,cable_route_around_hook,4,84,0.642857,0.537461,0.190272,0.080185,0.519891,0.227337,0.070502,minus_mechanism_index,retrieval index loses physical mechanism fields
combined_stress,source_matched,cable_route_around_hook,5,84,0.511905,0.538237,0.190848,0.083223,0.520731,0.229542,0.070884,minus_mechanism_index,retrieval index loses physical mechanism fields
combined_stress,source_matched,cable_route_around_hook,6,84,0.571429,0.539013,0.191424,0.074448,0.521572,0.229081,0.071266,minus_mechanism_index,retrieval index loses physical mechanism fields
combined_stress,source_matched,cloth_slide_over_edge,0,84,0.595238,0.535190,0.189597,0.074647,0.514406,0.230401,0.072876,minus_mechanism_index,retrieval index loses physical mechanism fields
combined_stress,source_matched,cloth_slide_over_edge,1,84,0.642857,0.535950,0.190161,0.074105,0.515229,0.230098,0.073250,minus_mechanism_index,retrieval index loses physical mechanism fields
combined_stress,source_matched,cloth_slide_over_edge,2,84,0.678571,0.536710,0.190725,0.073801,0.516053,0.229962,0.073624,minus_mechanism_index,retrieval index loses physical mechanism fields
combined_stress,source_matched,cloth_slide_over_edge,3,84,0.654762,0.537470,0.191289,0.074687,0.516876,0.230659,0.073998,minus_mechanism_index,retrieval index loses physical mechanism fields
combined_stress,source_matched,cloth_slide_over_edge,4,84,0.559524,0.538230,0.191853,0.077002,0.517699,0.232357,0.074373,minus_mechanism_index,retrieval index loses physical mechanism fields
combined_stress,source_matched,cloth_slide_over_edge,5,84,0.559524,0.538990,0.192417,0.077413,0.518523,0.232721,0.074747,minus_mechanism_index,retrieval index loses physical mechanism fields
combined_stress,source_matched,cloth_slide_over_edge,6,84,0.619048,0.539750,0.192981,0.076633,0.501337,0.224247,0.075121,minus_mechanism_index,retrieval index loses physical mechanism fields
combined_stress,source_matched,twist_lid_with_force_limit,0,84,0.619048,0.543100,0.191279,0.079149,0.482947,0.224401,0.075221,minus_mechanism_index,retrieval index loses physical mechanism fields
combined_stress,source_matched,twist_lid_with_force_limit,1,84,0.666667,0.543900,0.191873,0.078629,0.483814,0.224119,0.075616,minus_mechanism_index,retrieval index loses physical mechanism fields
combined_stress,source_matched,twist_lid_with_force_limit,2,84,0.642857,0.544700,0.192467,0.079538,0.466673,0.224836,0.076011,minus_mechanism_index,retrieval index loses physical mechanism fields
combined_stress,source_matched,twist_lid_with_force_limit,3,84,0.678571,0.529492,0.193061,0.079256,0.467540,0.224720,0.068402,minus_mechanism_index,retrieval index loses physical mechanism fields
combined_stress,source_matched,twist_lid_with_force_limit,4,84,0.726190,0.530292,0.181649,0.077836,0.468887,0.224437,0.068580,minus_mechanism_index,retrieval index loses physical mechanism fields
combined_stress,source_matched,twist_lid_with_force_limit,5,84,0.559524,0.531092,0.182243,0.081602,0.469754,0.227155,0.068975,minus_mechanism_index,retrieval index loses physical mechanism fields
combined_stress,source_matched,twist_lid_with_force_limit,6,84,0.666667,0.531892,0.182837,0.071887,0.470622,0.226039,0.069369,minus_mechanism_index,retrieval index loses physical mechanism fields
combined_stress,friction_mismatch,drawer_pull_with_stiction,0,84,0.666667,0.524619,0.192765,0.083348,0.494203,0.232750,0.076545,minus_mechanism_index,retrieval index loses physical mechanism fields
combined_stress,friction_mismatch,drawer_pull_with_stiction,1,84,0.726190,0.525435,0.193371,0.082599,0.495088,0.232308,0.076948,minus_mechanism_index,retrieval index loses physical mechanism fields
combined_stress,friction_mismatch,drawer_pull_with_stiction,2,84,0.642857,0.526251,0.193977,0.084707,0.495973,0.233867,0.077351,minus_mechanism_index,retrieval index loses physical mechanism fields
combined_stress,friction_mismatch,drawer_pull_with_stiction,3,84,0.583333,0.527067,0.194583,0.086339,0.496857,0.227088,0.077754,minus_mechanism_index,retrieval index loses physical mechanism fields
combined_stress,friction_mismatch,drawer_pull_with_stiction,4,84,0.654762,0.527883,0.195189,0.085352,0.497742,0.226480,0.078157,minus_mechanism_index,retrieval index loses physical mechanism fields
combined_stress,friction_mismatch,drawer_pull_with_stiction,5,84,0.547619,0.528699,0.195795,0.087936,0.498627,0.228372,0.078560,minus_mechanism_index,retrieval index loses physical mechanism fields
combined_stress,friction_mismatch,drawer_pull_with_stiction,6,84,0.642857,0.529515,0.196401,0.086473,0.499512,0.227431,0.078962,minus_mechanism_index,retrieval index loses physical mechanism fields
combined_stress,friction_mismatch,peg_insert_contact_search,0,84,0.619048,0.532100,0.198227,0.081006,0.477845,0.229809,0.073022,minus_mechanism_index,retrieval index loses physical mechanism fields
combined_stress,friction_mismatch,peg_insert_contact_search,1,84,0.607143,0.532916,0.198833,0.081686,0.478730,0.230368,0.073425,minus_mechanism_index,retrieval index loses physical mechanism fields
combined_stress,friction_mismatch,peg_insert_contact_search,2,84,0.571429,0.533732,0.199439,0.082841,0.479615,0.231260,0.073828,minus_mechanism_index,retrieval index loses physical mechanism fields
combined_stress,friction_mismatch,peg_insert_contact_search,3,84,0.619048,0.534548,0.200045,0.082330,0.480499,0.230985,0.074231,minus_mechanism_index,retrieval index loses physical mechanism fields
combined_stress,friction_mismatch,peg_insert_contact_search,4,84,0.511905,0.535364,0.200651,0.084915,0.481384,0.232877,0.074634,minus_mechanism_index,retrieval index loses physical mechanism fields
combined_stress,friction_mismatch,peg_insert_contact_search,5,84,0.619048,0.536180,0.201257,0.083213,0.482269,0.231769,0.075037,minus_mechanism_index,retrieval index loses physical mechanism fields
combined_stress,friction_mismatch,peg_insert_contact_search,6,84,0.500000,0.536996,0.201863,0.086036,0.483154,0.233828,0.075440,minus_mechanism_index,retrieval index loses physical mechanism fields
combined_stress,friction_mismatch,cable_route_around_hook,0,84,0.547619,0.525592,0.196067,0.081889,0.507689,0.231650,0.073866,minus_mechanism_index,retrieval index loses physical mechanism fields
combined_stress,friction_mismatch,cable_route_around_hook,1,84,0.535714,0.526392,0.196661,0.082559,0.508556,0.232200,0.074261,minus_mechanism_index,retrieval index loses physical mechanism fields
combined_stress,friction_mismatch,cable_route_around_hook,2,84,0.523810,0.527192,0.197255,0.083230,0.509423,0.232751,0.074655,minus_mechanism_index,retrieval index loses physical mechanism fields
combined_stress,friction_mismatch,cable_route_around_hook,3,84,0.559524,0.527992,0.197849,0.082948,0.510290,0.232635,0.075050,minus_mechanism_index,retrieval index loses physical mechanism fields
combined_stress,friction_mismatch,cable_route_around_hook,4,84,0.511905,0.528792,0.198443,0.084333,0.511158,0.233686,0.075445,minus_mechanism_index,retrieval index loses physical mechanism fields
combined_stress,friction_mismatch,cable_route_around_hook,5,84,0.654762,0.529592,0.199037,0.081909,0.512025,0.232070,0.075839,minus_mechanism_index,retrieval index loses physical mechanism fields
combined_stress,friction_mismatch,cable_route_around_hook,6,84,0.488095,0.530392,0.199631,0.085674,0.512892,0.234787,0.076234,minus_mechanism_index,retrieval index loses physical mechanism fields
combined_stress,friction_mismatch,cloth_slide_over_edge,0,84,0.500000,0.536961,0.193592,0.082987,0.499576,0.233465,0.074960,minus_mechanism_index,retrieval index loses physical mechanism fields
combined_stress,friction_mismatch,cloth_slide_over_edge,1,84,0.678571,0.521737,0.194174,0.079840,0.500426,0.231341,0.075346,minus_mechanism_index,retrieval index loses physical mechanism fields
combined_stress,friction_mismatch,cloth_slide_over_edge,2,84,0.607143,0.522521,0.194756,0.081692,0.501275,0.232717,0.075733,minus_mechanism_index,retrieval index loses physical mechanism fields
combined_stress,friction_mismatch,cloth_slide_over_edge,3,84,0.571429,0.523305,0.195338,0.082830,0.502125,0.233593,0.076119,minus_mechanism_index,retrieval index loses physical mechanism fields
combined_stress,friction_mismatch,cloth_slide_over_edge,4,84,0.595238,0.524089,0.195920,0.082777,0.502975,0.233636,0.076506,minus_mechanism_index,retrieval index loses physical mechanism fields
combined_stress,friction_mismatch,cloth_slide_over_edge,5,84,0.535714,0.524873,0.196502,0.084391,0.503825,0.234845,0.076892,minus_mechanism_index,retrieval index loses physical mechanism fields
combined_stress,friction_mismatch,cloth_slide_over_edge,6,84,0.619048,0.525657,0.197084,0.083148,0.504674,0.234055,0.077279,minus_mechanism_index,retrieval index loses physical mechanism fields
combined_stress,friction_mismatch,twist_lid_with_force_limit,0,84,0.559524,0.526703,0.193654,0.085574,0.465752,0.233890,0.076196,minus_mechanism_index,retrieval index loses physical mechanism fields
combined_stress,friction_mismatch,twist_lid_with_force_limit,1,84,0.547619,0.527527,0.194266,0.086258,0.466646,0.234453,0.076603,minus_mechanism_index,retrieval index loses physical mechanism fields
combined_stress,friction_mismatch,twist_lid_with_force_limit,2,84,0.547619,0.528351,0.194878,0.086703,0.467539,0.234849,0.077010,minus_mechanism_index,retrieval index loses physical mechanism fields
combined_stress,friction_mismatch,twist_lid_with_force_limit,3,84,0.595238,0.529175,0.195490,0.086197,0.468433,0.234578,0.077417,minus_mechanism_index,retrieval index loses physical mechanism fields
combined_stress,friction_mismatch,twist_lid_with_force_limit,4,84,0.642857,0.529999,0.196102,0.085691,0.469326,0.226303,0.077824,minus_mechanism_index,retrieval index loses physical mechanism fields
combined_stress,friction_mismatch,twist_lid_with_force_limit,5,84,0.654762,0.530823,0.196714,0.085898,0.470220,0.226533,0.078231,minus_mechanism_index,retrieval index loses physical mechanism fields
combined_stress,friction_mismatch,twist_lid_with_force_limit,6,84,0.583333,0.531647,0.197326,0.087773,0.471113,0.227929,0.078638,minus_mechanism_index,retrieval index loses physical mechanism fields
combined_stress,support_topology_shift,drawer_pull_with_stiction,0,84,0.630952,0.519070,0.205241,0.087894,0.502302,0.231625,0.075270,minus_mechanism_index,retrieval index loses physical mechanism fields
combined_stress,support_topology_shift,drawer_pull_with_stiction,1,84,0.654762,0.519926,0.205877,0.087882,0.503231,0.231703,0.075693,minus_mechanism_index,retrieval index loses physical mechanism fields
combined_stress,support_topology_shift,drawer_pull_with_stiction,2,84,0.583333,0.520782,0.206513,0.089774,0.504159,0.233115,0.076116,minus_mechanism_index,retrieval index loses physical mechanism fields
combined_stress,support_topology_shift,drawer_pull_with_stiction,3,84,0.571429,0.521638,0.207149,0.090476,0.505088,0.233694,0.076540,minus_mechanism_index,retrieval index loses physical mechanism fields
combined_stress,support_topology_shift,drawer_pull_with_stiction,4,84,0.547619,0.522494,0.207785,0.091416,0.506016,0.234439,0.076963,minus_mechanism_index,retrieval index loses physical mechanism fields
combined_stress,support_topology_shift,drawer_pull_with_stiction,5,84,0.738095,0.523350,0.208421,0.088070,0.506945,0.232185,0.077387,minus_mechanism_index,retrieval index loses physical mechanism fields
combined_stress,support_topology_shift,drawer_pull_with_stiction,6,84,0.714286,0.524206,0.209057,0.089010,0.507873,0.232930,0.077810,minus_mechanism_index,retrieval index loses physical mechanism fields
combined_stress,support_topology_shift,peg_insert_contact_search,0,84,0.642857,0.524311,0.209023,0.083116,0.465482,0.234735,0.078601,minus_mechanism_index,retrieval index loses physical mechanism fields
combined_stress,support_topology_shift,peg_insert_contact_search,1,84,0.714286,0.525167,0.209659,0.082151,0.466411,0.226143,0.079024,minus_mechanism_index,retrieval index loses physical mechanism fields
combined_stress,support_topology_shift,peg_insert_contact_search,2,84,0.607143,0.526023,0.198289,0.083857,0.467820,0.228055,0.079232,minus_mechanism_index,retrieval index loses physical mechanism fields
combined_stress,support_topology_shift,peg_insert_contact_search,3,84,0.535714,0.526879,0.198925,0.085749,0.468748,0.229467,0.079655,minus_mechanism_index,retrieval index loses physical mechanism fields
combined_stress,support_topology_shift,peg_insert_contact_search,4,84,0.619048,0.527735,0.199561,0.084546,0.469677,0.228713,0.080079,minus_mechanism_index,retrieval index loses physical mechanism fields
combined_stress,support_topology_shift,peg_insert_contact_search,5,84,0.630952,0.528591,0.200197,0.084772,0.470605,0.228958,0.072498,minus_mechanism_index,retrieval index loses physical mechanism fields
combined_stress,support_topology_shift,peg_insert_contact_search,6,84,0.619048,0.529447,0.200833,0.085474,0.471534,0.229537,0.072921,minus_mechanism_index,retrieval index loses physical mechanism fields
combined_stress,support_topology_shift,cable_route_around_hook,0,84,0.547619,0.525372,0.200533,0.087784,0.504093,0.232689,0.075110,minus_mechanism_index,retrieval index loses physical mechanism fields
combined_stress,support_topology_shift,cable_route_around_hook,1,84,0.523810,0.526212,0.201157,0.088715,0.505004,0.233426,0.075526,minus_mechanism_index,retrieval index loses physical mechanism fields
combined_stress,support_topology_shift,cable_route_around_hook,2,84,0.607143,0.527052,0.201781,0.087503,0.505915,0.232664,0.075941,minus_mechanism_index,retrieval index loses physical mechanism fields
combined_stress,support_topology_shift,cable_route_around_hook,3,84,0.547619,0.527892,0.202405,0.089148,0.506826,0.233901,0.076356,minus_mechanism_index,retrieval index loses physical mechanism fields
combined_stress,support_topology_shift,cable_route_around_hook,4,84,0.535714,0.528732,0.203029,0.089841,0.507737,0.234472,0.076771,minus_mechanism_index,retrieval index loses physical mechanism fields
combined_stress,support_topology_shift,cable_route_around_hook,5,84,0.547619,0.529572,0.203653,0.090058,0.508648,0.234709,0.077187,minus_mechanism_index,retrieval index loses physical mechanism fields
combined_stress,support_topology_shift,cable_route_around_hook,6,84,0.583333,0.530412,0.204277,0.089798,0.509559,0.234613,0.077602,minus_mechanism_index,retrieval index loses physical mechanism fields
combined_stress,support_topology_shift,cloth_slide_over_edge,0,84,0.583333,0.527620,0.203224,0.091047,0.503523,0.228778,0.079741,minus_mechanism_index,retrieval index loses physical mechanism fields
combined_stress,support_topology_shift,cloth_slide_over_edge,1,84,0.595238,0.528444,0.203836,0.091255,0.504416,0.229007,0.080148,minus_mechanism_index,retrieval index loses physical mechanism fields
combined_stress,support_topology_shift,cloth_slide_over_edge,2,84,0.535714,0.529268,0.204448,0.084887,0.505310,0.230236,0.080555,minus_mechanism_index,retrieval index loses physical mechanism fields
combined_stress,support_topology_shift,cloth_slide_over_edge,3,84,0.559524,0.530092,0.205060,0.084857,0.506203,0.230299,0.072958,minus_mechanism_index,retrieval index loses physical mechanism fields
combined_stress,support_topology_shift,cloth_slide_over_edge,4,84,0.535714,0.530916,0.205672,0.085779,0.507097,0.231028,0.073365,minus_mechanism_index,retrieval index loses physical mechanism fields
combined_stress,support_topology_shift,cloth_slide_over_edge,5,84,0.476190,0.531740,0.206284,0.087416,0.507990,0.232258,0.073772,minus_mechanism_index,retrieval index loses physical mechanism fields
combined_stress,support_topology_shift,cloth_slide_over_edge,6,84,0.511905,0.532564,0.206896,0.087147,0.508884,0.232154,0.074179,minus_mechanism_index,retrieval index loses physical mechanism fields
combined_stress,support_topology_shift,twist_lid_with_force_limit,0,84,0.642857,0.524435,0.208591,0.089563,0.477443,0.232739,0.076605,minus_mechanism_index,retrieval index loses physical mechanism fields
combined_stress,support_topology_shift,twist_lid_with_force_limit,1,84,0.607143,0.525299,0.209233,0.090746,0.460371,0.233655,0.077033,minus_mechanism_index,retrieval index loses physical mechanism fields
combined_stress,support_topology_shift,twist_lid_with_force_limit,2,84,0.714286,0.526163,0.209875,0.089071,0.461308,0.232571,0.077460,minus_mechanism_index,retrieval index loses physical mechanism fields
combined_stress,support_topology_shift,twist_lid_with_force_limit,3,84,0.500000,0.527027,0.198511,0.092924,0.462726,0.235987,0.077672,minus_mechanism_index,retrieval index loses physical mechanism fields
combined_stress,support_topology_shift,twist_lid_with_force_limit,4,84,0.571429,0.527891,0.199153,0.083960,0.463663,0.235403,0.078099,minus_mechanism_index,retrieval index loses physical mechanism fields
combined_stress,support_topology_shift,twist_lid_with_force_limit,5,84,0.535714,0.528755,0.199795,0.085142,0.464600,0.236319,0.078527,minus_mechanism_index,retrieval index loses physical mechanism fields
combined_stress,support_topology_shift,twist_lid_with_force_limit,6,84,0.535714,0.529619,0.200437,0.085610,0.465538,0.228731,0.078954,minus_mechanism_index,retrieval index loses physical mechanism fields
combined_stress,compliance_shift,drawer_pull_with_stiction,0,84,0.642857,0.522776,0.203068,0.083145,0.495645,0.230208,0.074042,minus_mechanism_index,retrieval index loses physical mechanism fields
combined_stress,compliance_shift,drawer_pull_with_stiction,1,84,0.583333,0.523584,0.203668,0.084772,0.496521,0.231429,0.074441,minus_mechanism_index,retrieval index loses physical mechanism fields
combined_stress,compliance_shift,drawer_pull_with_stiction,2,84,0.654762,0.524392,0.204268,0.083781,0.497397,0.230817,0.074840,minus_mechanism_index,retrieval index loses physical mechanism fields
combined_stress,compliance_shift,drawer_pull_with_stiction,3,84,0.571429,0.525200,0.204868,0.085885,0.498273,0.232372,0.075239,minus_mechanism_index,retrieval index loses physical mechanism fields
combined_stress,compliance_shift,drawer_pull_with_stiction,4,84,0.535714,0.526008,0.205468,0.087036,0.499149,0.233260,0.075638,minus_mechanism_index,retrieval index loses physical mechanism fields
combined_stress,compliance_shift,drawer_pull_with_stiction,5,84,0.714286,0.526816,0.206068,0.083901,0.500025,0.231148,0.076036,minus_mechanism_index,retrieval index loses physical mechanism fields
combined_stress,compliance_shift,drawer_pull_with_stiction,6,84,0.511905,0.527624,0.206668,0.088386,0.500901,0.234369,0.076435,minus_mechanism_index,retrieval index loses physical mechanism fields
combined_stress,compliance_shift,peg_insert_contact_search,0,84,0.619048,0.530705,0.208866,0.088580,0.479778,0.235162,0.078754,minus_mechanism_index,retrieval index loses physical mechanism fields
combined_stress,compliance_shift,peg_insert_contact_search,1,84,0.607143,0.531513,0.209466,0.089255,0.480654,0.235717,0.079153,minus_mechanism_index,retrieval index loses physical mechanism fields
combined_stress,compliance_shift,peg_insert_contact_search,2,84,0.583333,0.532321,0.210066,0.090168,0.481530,0.236438,0.079552,minus_mechanism_index,retrieval index loses physical mechanism fields
combined_stress,compliance_shift,peg_insert_contact_search,3,84,0.559524,0.517121,0.210666,0.091081,0.464397,0.229156,0.079950,minus_mechanism_index,retrieval index loses physical mechanism fields
combined_stress,compliance_shift,peg_insert_contact_search,4,84,0.630952,0.517929,0.211266,0.090090,0.465273,0.228544,0.080349,minus_mechanism_index,retrieval index loses physical mechanism fields
combined_stress,compliance_shift,peg_insert_contact_search,5,84,0.571429,0.518737,0.199860,0.090817,0.466629,0.229765,0.080532,minus_mechanism_index,retrieval index loses physical mechanism fields
combined_stress,compliance_shift,peg_insert_contact_search,6,84,0.511905,0.519545,0.200460,0.092444,0.467505,0.230986,0.080931,minus_mechanism_index,retrieval index loses physical mechanism fields
combined_stress,compliance_shift,cable_route_around_hook,0,84,0.523810,0.525885,0.207972,0.090878,0.511470,0.230176,0.080464,minus_mechanism_index,retrieval index loses physical mechanism fields
combined_stress,compliance_shift,cable_route_around_hook,1,84,0.511905,0.526677,0.208560,0.091544,0.512328,0.230722,0.080855,minus_mechanism_index,retrieval index loses physical mechanism fields
combined_stress,compliance_shift,cable_route_around_hook,2,84,0.583333,0.527469,0.209148,0.090543,0.513186,0.230102,0.081245,minus_mechanism_index,retrieval index loses physical mechanism fields
combined_stress,compliance_shift,cable_route_around_hook,3,84,0.476190,0.528261,0.209736,0.093114,0.514045,0.231982,0.081636,minus_mechanism_index,retrieval index loses physical mechanism fields
combined_stress,compliance_shift,cable_route_around_hook,4,84,0.535714,0.529053,0.210324,0.092352,0.514903,0.231529,0.074023,minus_mechanism_index,retrieval index loses physical mechanism fields
combined_stress,compliance_shift,cable_route_around_hook,5,84,0.500000,0.529845,0.210912,0.093494,0.515762,0.232409,0.074413,minus_mechanism_index,retrieval index loses physical mechanism fields
combined_stress,compliance_shift,cable_route_around_hook,6,84,0.535714,0.530637,0.211500,0.093208,0.498611,0.232289,0.074804,minus_mechanism_index,retrieval index loses physical mechanism fields
combined_stress,compliance_shift,cloth_slide_over_edge,0,84,0.535714,0.523070,0.206865,0.091801,0.505354,0.232070,0.074491,minus_mechanism_index,retrieval index loses physical mechanism fields
combined_stress,compliance_shift,cloth_slide_over_edge,1,84,0.571429,0.523846,0.207441,0.091505,0.506195,0.231942,0.074873,minus_mechanism_index,retrieval index loses physical mechanism fields
combined_stress,compliance_shift,cloth_slide_over_edge,2,84,0.583333,0.524622,0.208017,0.091687,0.507036,0.232147,0.075255,minus_mechanism_index,retrieval index loses physical mechanism fields
combined_stress,compliance_shift,cloth_slide_over_edge,3,84,0.559524,0.525398,0.208593,0.092582,0.507877,0.232853,0.075638,minus_mechanism_index,retrieval index loses physical mechanism fields
combined_stress,compliance_shift,cloth_slide_over_edge,4,84,0.583333,0.526174,0.209169,0.092525,0.508718,0.232891,0.076020,minus_mechanism_index,retrieval index loses physical mechanism fields
combined_stress,compliance_shift,cloth_slide_over_edge,5,84,0.571429,0.526950,0.209745,0.085178,0.509559,0.233430,0.076403,minus_mechanism_index,retrieval index loses physical mechanism fields
combined_stress,compliance_shift,cloth_slide_over_edge,6,84,0.619048,0.527726,0.210321,0.084645,0.510400,0.233135,0.076785,minus_mechanism_index,retrieval index loses physical mechanism fields
combined_stress,compliance_shift,twist_lid_with_force_limit,0,84,0.595238,0.524204,0.203465,0.091819,0.466476,0.230187,0.073357,minus_mechanism_index,retrieval index loses physical mechanism fields
combined_stress,compliance_shift,twist_lid_with_force_limit,1,84,0.595238,0.525020,0.204071,0.084257,0.467360,0.230579,0.073760,minus_mechanism_index,retrieval index loses physical mechanism fields
combined_stress,compliance_shift,twist_lid_with_force_limit,2,84,0.619048,0.525836,0.204677,0.084222,0.468245,0.230637,0.074163,minus_mechanism_index,retrieval index loses physical mechanism fields
combined_stress,compliance_shift,twist_lid_with_force_limit,3,84,0.583333,0.526652,0.205283,0.085378,0.469130,0.231529,0.074565,minus_mechanism_index,retrieval index loses physical mechanism fields
combined_stress,compliance_shift,twist_lid_with_force_limit,4,84,0.595238,0.527468,0.205889,0.085581,0.470015,0.231755,0.074968,minus_mechanism_index,retrieval index loses physical mechanism fields
combined_stress,compliance_shift,twist_lid_with_force_limit,5,84,0.607143,0.528284,0.206495,0.085784,0.470899,0.231980,0.075371,minus_mechanism_index,retrieval index loses physical mechanism fields
combined_stress,compliance_shift,twist_lid_with_force_limit,6,84,0.583333,0.529100,0.207101,0.086702,0.471784,0.232705,0.075774,minus_mechanism_index,retrieval index loses physical mechanism fields
combined_stress,occluded_contact_shift,drawer_pull_with_stiction,0,84,0.654762,0.525502,0.208574,0.089912,0.495047,0.231767,0.075962,minus_mechanism_index,retrieval index loses physical mechanism fields
combined_stress,occluded_contact_shift,drawer_pull_with_stiction,1,84,0.595238,0.526358,0.209210,0.091566,0.495975,0.233013,0.076385,minus_mechanism_index,retrieval index loses physical mechanism fields
combined_stress,occluded_contact_shift,drawer_pull_with_stiction,2,84,0.583333,0.527214,0.209846,0.092268,0.496904,0.233591,0.076808,minus_mechanism_index,retrieval index loses physical mechanism fields
combined_stress,occluded_contact_shift,drawer_pull_with_stiction,3,84,0.440476,0.528070,0.210482,0.095589,0.497832,0.236003,0.077232,minus_mechanism_index,retrieval index loses physical mechanism fields
combined_stress,occluded_contact_shift,drawer_pull_with_stiction,4,84,0.619048,0.528926,0.211118,0.092481,0.498761,0.233915,0.077655,minus_mechanism_index,retrieval index loses physical mechanism fields
combined_stress,occluded_contact_shift,drawer_pull_with_stiction,5,84,0.595238,0.513774,0.211754,0.093421,0.499689,0.234661,0.078079,minus_mechanism_index,retrieval index loses physical mechanism fields
combined_stress,occluded_contact_shift,drawer_pull_with_stiction,6,84,0.630952,0.514630,0.212390,0.093170,0.500618,0.234573,0.078502,minus_mechanism_index,retrieval index loses physical mechanism fields
combined_stress,occluded_contact_shift,peg_insert_contact_search,0,84,0.678571,0.514735,0.212356,0.092899,0.476236,0.234711,0.079293,minus_mechanism_index,retrieval index loses physical mechanism fields
combined_stress,occluded_contact_shift,peg_insert_contact_search,1,84,0.571429,0.515591,0.212992,0.095506,0.477165,0.236623,0.079716,minus_mechanism_index,retrieval index loses physical mechanism fields
combined_stress,occluded_contact_shift,peg_insert_contact_search,2,84,0.535714,0.516447,0.213628,0.096684,0.478093,0.237535,0.080140,minus_mechanism_index,retrieval index loses physical mechanism fields
combined_stress,occluded_contact_shift,peg_insert_contact_search,3,84,0.654762,0.517303,0.214264,0.094767,0.479022,0.236281,0.080563,minus_mechanism_index,retrieval index loses physical mechanism fields
combined_stress,occluded_contact_shift,peg_insert_contact_search,4,84,0.535714,0.518159,0.214900,0.089607,0.479950,0.230355,0.080987,minus_mechanism_index,retrieval index loses physical mechanism fields
combined_stress,occluded_contact_shift,peg_insert_contact_search,5,84,0.547619,0.519015,0.215536,0.089833,0.462870,0.230601,0.081410,minus_mechanism_index,retrieval index loses physical mechanism fields
combined_stress,occluded_contact_shift,peg_insert_contact_search,6,84,0.607143,0.519871,0.216172,0.089106,0.463798,0.230179,0.081833,minus_mechanism_index,retrieval index loses physical mechanism fields
combined_stress,occluded_contact_shift,cable_route_around_hook,0,84,0.523810,0.515796,0.215872,0.091654,0.514367,0.233498,0.076018,minus_mechanism_index,retrieval index loses physical mechanism fields
combined_stress,occluded_contact_shift,cable_route_around_hook,1,84,0.464286,0.516636,0.216496,0.093299,0.497269,0.234736,0.076434,minus_mechanism_index,retrieval index loses physical mechanism fields
combined_stress,occluded_contact_shift,cable_route_around_hook,2,84,0.511905,0.517476,0.217120,0.092802,0.498180,0.234473,0.076849,minus_mechanism_index,retrieval index loses physical mechanism fields
combined_stress,occluded_contact_shift,cable_route_around_hook,3,84,0.511905,0.518316,0.205738,0.092356,0.499571,0.234877,0.077048,minus_mechanism_index,retrieval index loses physical mechanism fields
combined_stress,occluded_contact_shift,cable_route_around_hook,4,84,0.535714,0.519156,0.206362,0.092335,0.500482,0.234948,0.077463,minus_mechanism_index,retrieval index loses physical mechanism fields
combined_stress,occluded_contact_shift,cable_route_around_hook,5,84,0.654762,0.519996,0.206986,0.090409,0.501393,0.233685,0.077879,minus_mechanism_index,retrieval index loses physical mechanism fields
combined_stress,occluded_contact_shift,cable_route_around_hook,6,84,0.607143,0.520836,0.207610,0.091816,0.502304,0.234756,0.078294,minus_mechanism_index,retrieval index loses physical mechanism fields
combined_stress,occluded_contact_shift,cloth_slide_over_edge,0,84,0.595238,0.518044,0.206557,0.093303,0.496267,0.237091,0.080433,minus_mechanism_index,retrieval index loses physical mechanism fields
combined_stress,occluded_contact_shift,cloth_slide_over_edge,1,84,0.452381,0.518868,0.207169,0.096606,0.497161,0.231483,0.080840,minus_mechanism_index,retrieval index loses physical mechanism fields
combined_stress,occluded_contact_shift,cloth_slide_over_edge,2,84,0.500000,0.519692,0.207781,0.096100,0.498054,0.231212,0.081247,minus_mechanism_index,retrieval index loses physical mechanism fields
combined_stress,occluded_contact_shift,cloth_slide_over_edge,3,84,0.571429,0.520516,0.208393,0.095117,0.498948,0.230608,0.081654,minus_mechanism_index,retrieval index loses physical mechanism fields
combined_stress,occluded_contact_shift,cloth_slide_over_edge,4,84,0.595238,0.521340,0.209005,0.095087,0.499841,0.230671,0.082061,minus_mechanism_index,retrieval index loses physical mechanism fields
combined_stress,occluded_contact_shift,cloth_slide_over_edge,5,84,0.535714,0.522164,0.209617,0.096723,0.500735,0.231900,0.082468,minus_mechanism_index,retrieval index loses physical mechanism fields
combined_stress,occluded_contact_shift,cloth_slide_over_edge,6,84,0.619048,0.522988,0.210229,0.087498,0.501628,0.231130,0.074871,minus_mechanism_index,retrieval index loses physical mechanism fields
combined_stress,occluded_contact_shift,twist_lid_with_force_limit,0,84,0.654762,0.514859,0.211924,0.091819,0.470187,0.233048,0.077297,minus_mechanism_index,retrieval index loses physical mechanism fields
combined_stress,occluded_contact_shift,twist_lid_with_force_limit,1,84,0.559524,0.515723,0.212566,0.094192,0.471125,0.234797,0.077725,minus_mechanism_index,retrieval index loses physical mechanism fields
combined_stress,occluded_contact_shift,twist_lid_with_force_limit,2,84,0.488095,0.516587,0.213208,0.096089,0.472062,0.236213,0.078152,minus_mechanism_index,retrieval index loses physical mechanism fields
combined_stress,occluded_contact_shift,twist_lid_with_force_limit,3,84,0.500000,0.517451,0.213850,0.096319,0.472999,0.236463,0.078580,minus_mechanism_index,retrieval index loses physical mechanism fields
combined_stress,occluded_contact_shift,twist_lid_with_force_limit,4,84,0.511905,0.518315,0.214492,0.096549,0.473937,0.236712,0.079007,minus_mechanism_index,retrieval index loses physical mechanism fields
combined_stress,occluded_contact_shift,twist_lid_with_force_limit,5,84,0.571429,0.519179,0.215134,0.095826,0.474874,0.236295,0.079435,minus_mechanism_index,retrieval index loses physical mechanism fields
combined_stress,occluded_contact_shift,twist_lid_with_force_limit,6,84,0.583333,0.520043,0.215776,0.096056,0.457802,0.236544,0.079862,minus_mechanism_index,retrieval index loses physical mechanism fields
combined_stress,actuator_lag_shift,drawer_pull_with_stiction,0,84,0.690476,0.515604,0.208322,0.091375,0.488667,0.234738,0.079521,minus_mechanism_index,retrieval index loses physical mechanism fields
combined_stress,actuator_lag_shift,drawer_pull_with_stiction,1,84,0.559524,0.516428,0.208934,0.094440,0.489560,0.236967,0.079928,minus_mechanism_index,retrieval index loses physical mechanism fields
combined_stress,actuator_lag_shift,drawer_pull_with_stiction,2,84,0.523810,0.517252,0.209546,0.095600,0.490454,0.237863,0.080335,minus_mechanism_index,retrieval index loses physical mechanism fields
combined_stress,actuator_lag_shift,drawer_pull_with_stiction,3,84,0.595238,0.518076,0.210158,0.094617,0.491347,0.237259,0.080742,minus_mechanism_index,retrieval index loses physical mechanism fields
combined_stress,actuator_lag_shift,drawer_pull_with_stiction,4,84,0.559524,0.518900,0.210770,0.095777,0.492241,0.238155,0.081149,minus_mechanism_index,retrieval index loses physical mechanism fields
combined_stress,actuator_lag_shift,drawer_pull_with_stiction,5,84,0.571429,0.519724,0.211382,0.095985,0.493134,0.238384,0.081556,minus_mechanism_index,retrieval index loses physical mechanism fields
combined_stress,actuator_lag_shift,drawer_pull_with_stiction,6,84,0.654762,0.520548,0.211994,0.094764,0.494028,0.229610,0.081963,minus_mechanism_index,retrieval index loses physical mechanism fields
combined_stress,actuator_lag_shift,peg_insert_contact_search,0,84,0.630952,0.522638,0.213448,0.089022,0.471818,0.231740,0.075768,minus_mechanism_index,retrieval index loses physical mechanism fields
combined_stress,actuator_lag_shift,peg_insert_contact_search,1,84,0.464286,0.523462,0.214060,0.092801,0.472712,0.234470,0.076175,minus_mechanism_index,retrieval index loses physical mechanism fields
combined_stress,actuator_lag_shift,peg_insert_contact_search,2,84,0.464286,0.524286,0.214672,0.093247,0.473605,0.234866,0.076583,minus_mechanism_index,retrieval index loses physical mechanism fields
combined_stress,actuator_lag_shift,peg_insert_contact_search,3,84,0.595238,0.525110,0.215284,0.091074,0.474499,0.233428,0.076990,minus_mechanism_index,retrieval index loses physical mechanism fields
combined_stress,actuator_lag_shift,peg_insert_contact_search,4,84,0.571429,0.525934,0.215896,0.091996,0.475392,0.234158,0.077397,minus_mechanism_index,retrieval index loses physical mechanism fields
combined_stress,actuator_lag_shift,peg_insert_contact_search,5,84,0.488095,0.526758,0.216508,0.094108,0.476286,0.235720,0.077804,minus_mechanism_index,retrieval index loses physical mechanism fields
combined_stress,actuator_lag_shift,peg_insert_contact_search,6,84,0.559524,0.527582,0.217120,0.093126,0.477179,0.235116,0.078211,minus_mechanism_index,retrieval index loses physical mechanism fields
combined_stress,actuator_lag_shift,cable_route_around_hook,0,84,0.547619,0.514442,0.210022,0.097207,0.499814,0.232903,0.075745,minus_mechanism_index,retrieval index loses physical mechanism fields
combined_stress,actuator_lag_shift,cable_route_around_hook,1,84,0.500000,0.515250,0.210622,0.098597,0.500690,0.233958,0.076144,minus_mechanism_index,retrieval index loses physical mechanism fields
combined_stress,actuator_lag_shift,cable_route_around_hook,2,84,0.571429,0.516058,0.211222,0.089601,0.501566,0.233346,0.076543,minus_mechanism_index,retrieval index loses physical mechanism fields
combined_stress,actuator_lag_shift,cable_route_around_hook,3,84,0.500000,0.516866,0.211822,0.091467,0.502442,0.234734,0.076942,minus_mechanism_index,retrieval index loses physical mechanism fields
combined_stress,actuator_lag_shift,cable_route_around_hook,4,84,0.440476,0.517674,0.212422,0.093094,0.503318,0.235955,0.077340,minus_mechanism_index,retrieval index loses physical mechanism fields
combined_stress,actuator_lag_shift,cable_route_around_hook,5,84,0.511905,0.518482,0.213022,0.092103,0.504194,0.235343,0.077739,minus_mechanism_index,retrieval index loses physical mechanism fields
combined_stress,actuator_lag_shift,cable_route_around_hook,6,84,0.511905,0.519290,0.213622,0.092540,0.505070,0.235731,0.078138,minus_mechanism_index,retrieval index loses physical mechanism fields
combined_stress,actuator_lag_shift,cloth_slide_over_edge,0,84,0.583333,0.523987,0.218185,0.096525,0.507232,0.232640,0.076119,minus_mechanism_index,retrieval index loses physical mechanism fields
combined_stress,actuator_lag_shift,cloth_slide_over_edge,1,84,0.547619,0.524779,0.218773,0.097668,0.508091,0.233520,0.076509,minus_mechanism_index,retrieval index loses physical mechanism fields
combined_stress,actuator_lag_shift,cloth_slide_over_edge,2,84,0.440476,0.525571,0.219361,0.100239,0.490940,0.235400,0.076900,minus_mechanism_index,retrieval index loses physical mechanism fields
combined_stress,actuator_lag_shift,cloth_slide_over_edge,3,84,0.511905,0.526363,0.219949,0.099238,0.491799,0.234780,0.077290,minus_mechanism_index,retrieval index loses physical mechanism fields
combined_stress,actuator_lag_shift,cloth_slide_over_edge,4,84,0.654762,0.527155,0.220537,0.088805,0.492657,0.233160,0.077681,minus_mechanism_index,retrieval index loses physical mechanism fields
combined_stress,actuator_lag_shift,cloth_slide_over_edge,5,84,0.488095,0.511939,0.209119,0.091666,0.493996,0.235874,0.077855,minus_mechanism_index,retrieval index loses physical mechanism fields
combined_stress,actuator_lag_shift,cloth_slide_over_edge,6,84,0.500000,0.512731,0.209707,0.091856,0.494854,0.236087,0.078246,minus_mechanism_index,retrieval index loses physical mechanism fields
combined_stress,actuator_lag_shift,twist_lid_with_force_limit,0,84,0.571429,0.518345,0.209704,0.094203,0.460934,0.236373,0.079509,minus_mechanism_index,retrieval index loses physical mechanism fields
combined_stress,actuator_lag_shift,twist_lid_with_force_limit,1,84,0.595238,0.519177,0.210322,0.094177,0.461836,0.236440,0.079920,minus_mechanism_index,retrieval index loses physical mechanism fields
combined_stress,actuator_lag_shift,twist_lid_with_force_limit,2,84,0.583333,0.520009,0.210940,0.094866,0.462739,0.237006,0.080331,minus_mechanism_index,retrieval index loses physical mechanism fields
combined_stress,actuator_lag_shift,twist_lid_with_force_limit,3,84,0.642857,0.520841,0.211558,0.094126,0.463641,0.236573,0.080742,minus_mechanism_index,retrieval index loses physical mechanism fields
combined_stress,actuator_lag_shift,twist_lid_with_force_limit,4,84,0.607143,0.521673,0.212176,0.095290,0.464543,0.237473,0.081154,minus_mechanism_index,retrieval index loses physical mechanism fields
combined_stress,actuator_lag_shift,twist_lid_with_force_limit,5,84,0.630952,0.522505,0.212794,0.095264,0.465445,0.237540,0.081565,minus_mechanism_index,retrieval index loses physical mechanism fields
combined_stress,actuator_lag_shift,twist_lid_with_force_limit,6,84,0.619048,0.523337,0.213412,0.095953,0.466348,0.230102,0.081976,minus_mechanism_index,retrieval index loses physical mechanism fields
combined_stress,compound_mechanism_shift,drawer_pull_with_stiction,0,84,0.547619,0.516430,0.220105,0.097060,0.487640,0.240079,0.083293,minus_mechanism_index,retrieval index loses physical mechanism fields
combined_stress,compound_mechanism_shift,drawer_pull_with_stiction,1,84,0.666667,0.517302,0.220753,0.095151,0.488586,0.238833,0.083725,minus_mechanism_index,retrieval index loses physical mechanism fields
combined_stress,compound_mechanism_shift,drawer_pull_with_stiction,2,84,0.559524,0.518174,0.221401,0.097767,0.489533,0.232749,0.084156,minus_mechanism_index,retrieval index loses physical mechanism fields
combined_stress,compound_mechanism_shift,drawer_pull_with_stiction,3,84,0.595238,0.519046,0.222049,0.097525,0.490479,0.232669,0.084588,minus_mechanism_index,retrieval index loses physical mechanism fields
combined_stress,compound_mechanism_shift,drawer_pull_with_stiction,4,84,0.619048,0.519918,0.222697,0.097521,0.491425,0.232755,0.085020,minus_mechanism_index,retrieval index loses physical mechanism fields
combined_stress,compound_mechanism_shift,drawer_pull_with_stiction,5,84,0.523810,0.520790,0.223345,0.099899,0.492371,0.234509,0.085451,minus_mechanism_index,retrieval index loses physical mechanism fields
combined_stress,compound_mechanism_shift,drawer_pull_with_stiction,6,84,0.571429,0.505654,0.223993,0.099419,0.493317,0.234262,0.077879,minus_mechanism_index,retrieval index loses physical mechanism fields
combined_stress,compound_mechanism_shift,peg_insert_contact_search,0,84,0.595238,0.520775,0.223215,0.099072,0.467849,0.234238,0.078160,minus_mechanism_index,retrieval index loses physical mechanism fields
combined_stress,compound_mechanism_shift,peg_insert_contact_search,1,84,0.547619,0.505639,0.223863,0.100497,0.468795,0.235325,0.078592,minus_mechanism_index,retrieval index loses physical mechanism fields
combined_stress,compound_mechanism_shift,peg_insert_contact_search,2,84,0.488095,0.506511,0.224511,0.102160,0.469741,0.236578,0.079024,minus_mechanism_index,retrieval index loses physical mechanism fields
combined_stress,compound_mechanism_shift,peg_insert_contact_search,3,84,0.535714,0.507383,0.225159,0.101681,0.470687,0.236331,0.079455,minus_mechanism_index,retrieval index loses physical mechanism fields
combined_stress,compound_mechanism_shift,peg_insert_contact_search,4,84,0.452381,0.508255,0.225807,0.103820,0.471633,0.237918,0.079887,minus_mechanism_index,retrieval index loses physical mechanism fields
combined_stress,compound_mechanism_shift,peg_insert_contact_search,5,84,0.535714,0.509127,0.226455,0.102626,0.472579,0.237171,0.080319,minus_mechanism_index,retrieval index loses physical mechanism fields
combined_stress,compound_mechanism_shift,peg_insert_contact_search,6,84,0.464286,0.509999,0.227103,0.104527,0.473525,0.238591,0.080750,minus_mechanism_index,retrieval index loses physical mechanism fields
combined_stress,compound_mechanism_shift,cable_route_around_hook,0,84,0.535714,0.518460,0.224199,0.102049,0.502282,0.238008,0.081156,minus_mechanism_index,retrieval index loses physical mechanism fields
combined_stress,compound_mechanism_shift,cable_route_around_hook,1,84,0.511905,0.519316,0.224835,0.102989,0.503211,0.238753,0.081580,minus_mechanism_index,retrieval index loses physical mechanism fields
combined_stress,compound_mechanism_shift,cable_route_around_hook,2,84,0.547619,0.520172,0.225471,0.102738,0.504140,0.238665,0.082003,minus_mechanism_index,retrieval index loses physical mechanism fields
combined_stress,compound_mechanism_shift,cable_route_around_hook,3,84,0.440476,0.505020,0.226107,0.105345,0.505068,0.240577,0.082427,minus_mechanism_index,retrieval index loses physical mechanism fields
combined_stress,compound_mechanism_shift,cable_route_around_hook,4,84,0.523810,0.505876,0.226743,0.104142,0.505997,0.239822,0.082850,minus_mechanism_index,retrieval index loses physical mechanism fields
combined_stress,compound_mechanism_shift,cable_route_around_hook,5,84,0.440476,0.506732,0.227379,0.106272,0.506925,0.241401,0.083274,minus_mechanism_index,retrieval index loses physical mechanism fields
combined_stress,compound_mechanism_shift,cable_route_around_hook,6,84,0.535714,0.507588,0.228015,0.104831,0.507854,0.240480,0.083697,minus_mechanism_index,retrieval index loses physical mechanism fields
combined_stress,compound_mechanism_shift,cloth_slide_over_edge,0,84,0.464286,0.517060,0.224154,0.105426,0.497717,0.241776,0.083914,minus_mechanism_index,retrieval index loses physical mechanism fields
combined_stress,compound_mechanism_shift,cloth_slide_over_edge,1,84,0.488095,0.517900,0.224778,0.105404,0.498628,0.233843,0.084329,minus_mechanism_index,retrieval index loses physical mechanism fields
combined_stress,compound_mechanism_shift,cloth_slide_over_edge,2,84,0.416667,0.518740,0.225402,0.107288,0.499540,0.235247,0.084744,minus_mechanism_index,retrieval index loses physical mechanism fields
combined_stress,compound_mechanism_shift,cloth_slide_over_edge,3,84,0.452381,0.519580,0.226026,0.099024,0.500451,0.235151,0.085160,minus_mechanism_index,retrieval index loses physical mechanism fields
combined_stress,compound_mechanism_shift,cloth_slide_over_edge,4,84,0.500000,0.520420,0.226650,0.098527,0.501362,0.234888,0.085575,minus_mechanism_index,retrieval index loses physical mechanism fields
combined_stress,compound_mechanism_shift,cloth_slide_over_edge,5,84,0.595238,0.505252,0.227274,0.097077,0.502273,0.233959,0.077986,minus_mechanism_index,retrieval index loses physical mechanism fields
combined_stress,compound_mechanism_shift,cloth_slide_over_edge,6,84,0.511905,0.506092,0.227898,0.099198,0.503184,0.235530,0.078401,minus_mechanism_index,retrieval index loses physical mechanism fields
combined_stress,compound_mechanism_shift,twist_lid_with_force_limit,0,84,0.523810,0.507099,0.224439,0.100173,0.464218,0.234345,0.085302,minus_mechanism_index,retrieval index loses physical mechanism fields
combined_stress,compound_mechanism_shift,twist_lid_with_force_limit,1,84,0.559524,0.507979,0.225093,0.099935,0.465172,0.234269,0.077734,minus_mechanism_index,retrieval index loses physical mechanism fields
combined_stress,compound_mechanism_shift,twist_lid_with_force_limit,2,84,0.571429,0.508859,0.225747,0.100174,0.466127,0.234527,0.078170,minus_mechanism_index,retrieval index loses physical mechanism fields
combined_stress,compound_mechanism_shift,twist_lid_with_force_limit,3,84,0.535714,0.509739,0.226401,0.101366,0.467082,0.235451,0.078606,minus_mechanism_index,retrieval index loses physical mechanism fields
combined_stress,compound_mechanism_shift,twist_lid_with_force_limit,4,84,0.452381,0.510619,0.227055,0.103509,0.468037,0.237041,0.079041,minus_mechanism_index,retrieval index loses physical mechanism fields
combined_stress,compound_mechanism_shift,twist_lid_with_force_limit,5,84,0.488095,0.511499,0.227709,0.103272,0.468992,0.236965,0.079477,minus_mechanism_index,retrieval index loses physical mechanism fields
combined_stress,compound_mechanism_shift,twist_lid_with_force_limit,6,84,0.559524,0.512379,0.228363,0.102321,0.469947,0.236389,0.079913,minus_mechanism_index,retrieval index loses physical mechanism fields
combined_stress,source_matched,drawer_pull_with_stiction,0,84,0.666667,0.559872,0.167860,0.072416,0.523432,0.232110,0.071177,minus_action_conditioned_key,retrieval no longer depends on candidate action
combined_stress,source_matched,drawer_pull_with_stiction,1,84,0.630952,0.560720,0.168490,0.073590,0.524352,0.233018,0.071596,minus_action_conditioned_key,retrieval no longer depends on candidate action
combined_stress,source_matched,drawer_pull_with_stiction,2,84,0.678571,0.561568,0.169120,0.073097,0.525272,0.232760,0.072015,minus_action_conditioned_key,retrieval no longer depends on candidate action
combined_stress,source_matched,drawer_pull_with_stiction,3,84,0.726190,0.562416,0.169750,0.072603,0.526192,0.232501,0.072435,minus_action_conditioned_key,retrieval no longer depends on candidate action
combined_stress,source_matched,drawer_pull_with_stiction,4,84,0.714286,0.563264,0.170380,0.073301,0.527111,0.233076,0.072854,minus_action_conditioned_key,retrieval no longer depends on candidate action
combined_stress,source_matched,drawer_pull_with_stiction,5,84,0.619048,0.548104,0.171010,0.075665,0.528031,0.234817,0.073273,minus_action_conditioned_key,retrieval no longer depends on candidate action
combined_stress,source_matched,drawer_pull_with_stiction,6,84,0.738095,0.548952,0.171640,0.073743,0.528951,0.233558,0.073693,minus_action_conditioned_key,retrieval no longer depends on candidate action
combined_stress,source_matched,peg_insert_contact_search,0,84,0.690476,0.549553,0.172011,0.067651,0.505111,0.227274,0.074739,minus_action_conditioned_key,retrieval no longer depends on candidate action
combined_stress,source_matched,peg_insert_contact_search,1,84,0.571429,0.550401,0.172641,0.070492,0.506031,0.229349,0.075158,minus_action_conditioned_key,retrieval no longer depends on candidate action
combined_stress,source_matched,peg_insert_contact_search,2,84,0.571429,0.551249,0.173271,0.070951,0.506950,0.229757,0.075577,minus_action_conditioned_key,retrieval no longer depends on candidate action
combined_stress,source_matched,peg_insert_contact_search,3,84,0.619048,0.552097,0.173901,0.070458,0.507870,0.229498,0.067993,minus_action_conditioned_key,retrieval no longer depends on candidate action
combined_stress,source_matched,peg_insert_contact_search,4,84,0.630952,0.552945,0.174531,0.070679,0.490781,0.229740,0.068412,minus_action_conditioned_key,retrieval no longer depends on candidate action
combined_stress,source_matched,peg_insert_contact_search,5,84,0.702381,0.553793,0.175161,0.069709,0.491701,0.229148,0.068831,minus_action_conditioned_key,retrieval no longer depends on candidate action
combined_stress,source_matched,peg_insert_contact_search,6,84,0.654762,0.554641,0.163785,0.070221,0.493101,0.230222,0.069035,minus_action_conditioned_key,retrieval no longer depends on candidate action
combined_stress,source_matched,cable_route_around_hook,0,84,0.642857,0.552301,0.164687,0.072298,0.527565,0.233409,0.072113,minus_action_conditioned_key,retrieval no longer depends on candidate action
combined_stress,source_matched,cable_route_around_hook,1,84,0.583333,0.553133,0.165305,0.073939,0.528467,0.234642,0.072524,minus_action_conditioned_key,retrieval no longer depends on candidate action
combined_stress,source_matched,cable_route_around_hook,2,84,0.642857,0.553965,0.165923,0.073199,0.529369,0.234209,0.072935,minus_action_conditioned_key,retrieval no longer depends on candidate action
combined_stress,source_matched,cable_route_around_hook,3,84,0.607143,0.554797,0.166541,0.074364,0.530272,0.235109,0.073347,minus_action_conditioned_key,retrieval no longer depends on candidate action
combined_stress,source_matched,cable_route_around_hook,4,84,0.571429,0.555629,0.167159,0.075528,0.531174,0.236009,0.073758,minus_action_conditioned_key,retrieval no longer depends on candidate action
combined_stress,source_matched,cable_route_around_hook,5,84,0.630952,0.556461,0.167777,0.074788,0.532076,0.235576,0.074169,minus_action_conditioned_key,retrieval no longer depends on candidate action
combined_stress,source_matched,cable_route_around_hook,6,84,0.595238,0.557293,0.168395,0.075953,0.532979,0.228472,0.074580,minus_action_conditioned_key,retrieval no longer depends on candidate action
combined_stress,source_matched,cloth_slide_over_edge,0,84,0.523810,0.556374,0.168771,0.071670,0.528991,0.232577,0.069677,minus_action_conditioned_key,retrieval no longer depends on candidate action
combined_stress,source_matched,cloth_slide_over_edge,1,84,0.595238,0.557190,0.169377,0.070683,0.529876,0.231969,0.070080,minus_action_conditioned_key,retrieval no longer depends on candidate action
combined_stress,source_matched,cloth_slide_over_edge,2,84,0.666667,0.558006,0.169983,0.069695,0.530760,0.231361,0.070483,minus_action_conditioned_key,retrieval no longer depends on candidate action
combined_stress,source_matched,cloth_slide_over_edge,3,84,0.666667,0.558822,0.170589,0.070137,0.531645,0.231753,0.070886,minus_action_conditioned_key,retrieval no longer depends on candidate action
combined_stress,source_matched,cloth_slide_over_edge,4,84,0.583333,0.559638,0.171195,0.072245,0.532530,0.233311,0.071289,minus_action_conditioned_key,retrieval no longer depends on candidate action
combined_stress,source_matched,cloth_slide_over_edge,5,84,0.666667,0.560454,0.171801,0.071020,0.533415,0.232537,0.071692,minus_action_conditioned_key,retrieval no longer depends on candidate action
combined_stress,source_matched,cloth_slide_over_edge,6,84,0.559524,0.561270,0.172407,0.073604,0.534299,0.234429,0.072095,minus_action_conditioned_key,retrieval no longer depends on candidate action
combined_stress,source_matched,twist_lid_with_force_limit,0,84,0.714286,0.548572,0.170730,0.073007,0.497854,0.232396,0.072176,minus_action_conditioned_key,retrieval no longer depends on candidate action
combined_stress,source_matched,twist_lid_with_force_limit,1,84,0.690476,0.549428,0.171366,0.073947,0.498783,0.233141,0.072599,minus_action_conditioned_key,retrieval no longer depends on candidate action
combined_stress,source_matched,twist_lid_with_force_limit,2,84,0.666667,0.550284,0.172002,0.074887,0.499711,0.233887,0.073022,minus_action_conditioned_key,retrieval no longer depends on candidate action
combined_stress,source_matched,twist_lid_with_force_limit,3,84,0.690476,0.551140,0.172638,0.074874,0.500640,0.233965,0.073446,minus_action_conditioned_key,retrieval no longer depends on candidate action
combined_stress,source_matched,twist_lid_with_force_limit,4,84,0.607143,0.551996,0.173274,0.077005,0.501568,0.235544,0.073869,minus_action_conditioned_key,retrieval no longer depends on candidate action
combined_stress,source_matched,twist_lid_with_force_limit,5,84,0.738095,0.552852,0.173910,0.066845,0.502497,0.234123,0.074293,minus_action_conditioned_key,retrieval no longer depends on candidate action
combined_stress,source_matched,twist_lid_with_force_limit,6,84,0.607143,0.553708,0.174546,0.069928,0.485416,0.228364,0.074716,minus_action_conditioned_key,retrieval no longer depends on candidate action
combined_stress,friction_mismatch,drawer_pull_with_stiction,0,84,0.595238,0.544147,0.182077,0.080303,0.524529,0.234098,0.072701,minus_action_conditioned_key,retrieval no longer depends on candidate action
combined_stress,friction_mismatch,drawer_pull_with_stiction,1,84,0.690476,0.545019,0.182725,0.078871,0.525475,0.233184,0.073132,minus_action_conditioned_key,retrieval no longer depends on candidate action
combined_stress,friction_mismatch,drawer_pull_with_stiction,2,84,0.690476,0.545891,0.183373,0.079343,0.526421,0.233604,0.073564,minus_action_conditioned_key,retrieval no longer depends on candidate action
combined_stress,friction_mismatch,drawer_pull_with_stiction,3,84,0.630952,0.546763,0.184021,0.081007,0.527367,0.234858,0.073996,minus_action_conditioned_key,retrieval no longer depends on candidate action
combined_stress,friction_mismatch,drawer_pull_with_stiction,4,84,0.678571,0.547635,0.184669,0.080527,0.528313,0.234611,0.074427,minus_action_conditioned_key,retrieval no longer depends on candidate action
combined_stress,friction_mismatch,drawer_pull_with_stiction,5,84,0.738095,0.548507,0.185317,0.079809,0.511250,0.234198,0.074859,minus_action_conditioned_key,retrieval no longer depends on candidate action
combined_stress,friction_mismatch,drawer_pull_with_stiction,6,84,0.607143,0.549379,0.185965,0.082900,0.512196,0.236451,0.075291,minus_action_conditioned_key,retrieval no longer depends on candidate action
combined_stress,friction_mismatch,peg_insert_contact_search,0,84,0.690476,0.548492,0.185220,0.081366,0.486726,0.235593,0.075572,minus_action_conditioned_key,retrieval no longer depends on candidate action
combined_stress,friction_mismatch,peg_insert_contact_search,1,84,0.642857,0.549364,0.173862,0.081891,0.488153,0.236680,0.075788,minus_action_conditioned_key,retrieval no longer depends on candidate action
combined_stress,friction_mismatch,peg_insert_contact_search,2,84,0.559524,0.550236,0.174510,0.076026,0.489099,0.238267,0.076220,minus_action_conditioned_key,retrieval no longer depends on candidate action
combined_stress,friction_mismatch,peg_insert_contact_search,3,84,0.559524,0.551108,0.175158,0.076498,0.490045,0.238687,0.076651,minus_action_conditioned_key,retrieval no longer depends on candidate action
combined_stress,friction_mismatch,peg_insert_contact_search,4,84,0.559524,0.551980,0.175806,0.076971,0.490991,0.231103,0.077083,minus_action_conditioned_key,retrieval no longer depends on candidate action
combined_stress,friction_mismatch,peg_insert_contact_search,5,84,0.583333,0.552852,0.176454,0.076967,0.491937,0.231189,0.077515,minus_action_conditioned_key,retrieval no longer depends on candidate action
combined_stress,friction_mismatch,peg_insert_contact_search,6,84,0.642857,0.553724,0.177102,0.076250,0.492883,0.230776,0.077946,minus_action_conditioned_key,retrieval no longer depends on candidate action
combined_stress,friction_mismatch,cable_route_around_hook,0,84,0.678571,0.546176,0.186104,0.075378,0.521164,0.230692,0.078567,minus_action_conditioned_key,retrieval no longer depends on candidate action
combined_stress,friction_mismatch,cable_route_around_hook,1,84,0.738095,0.547032,0.174734,0.073751,0.522573,0.230271,0.078774,minus_action_conditioned_key,retrieval no longer depends on candidate action
combined_stress,friction_mismatch,cable_route_around_hook,2,84,0.559524,0.547888,0.175370,0.077786,0.523502,0.233183,0.071193,minus_action_conditioned_key,retrieval no longer depends on candidate action
combined_stress,friction_mismatch,cable_route_around_hook,3,84,0.535714,0.548744,0.176006,0.078726,0.524430,0.233928,0.071617,minus_action_conditioned_key,retrieval no longer depends on candidate action
combined_stress,friction_mismatch,cable_route_around_hook,4,84,0.547619,0.549600,0.176642,0.078952,0.525359,0.234174,0.072040,minus_action_conditioned_key,retrieval no longer depends on candidate action
combined_stress,friction_mismatch,cable_route_around_hook,5,84,0.571429,0.550456,0.177278,0.078939,0.526287,0.234252,0.072464,minus_action_conditioned_key,retrieval no longer depends on candidate action
combined_stress,friction_mismatch,cable_route_around_hook,6,84,0.571429,0.551312,0.177914,0.079403,0.527216,0.234664,0.072887,minus_action_conditioned_key,retrieval no longer depends on candidate action
combined_stress,friction_mismatch,cloth_slide_over_edge,0,84,0.630952,0.544777,0.186084,0.078281,0.516598,0.234128,0.073321,minus_action_conditioned_key,retrieval no longer depends on candidate action
combined_stress,friction_mismatch,cloth_slide_over_edge,1,84,0.547619,0.545617,0.174702,0.079502,0.517990,0.235699,0.073520,minus_action_conditioned_key,retrieval no longer depends on candidate action
combined_stress,friction_mismatch,cloth_slide_over_edge,2,84,0.630952,0.546457,0.175326,0.078290,0.518901,0.234936,0.073935,minus_action_conditioned_key,retrieval no longer depends on candidate action
combined_stress,friction_mismatch,cloth_slide_over_edge,3,84,0.559524,0.547297,0.175950,0.080174,0.519812,0.236340,0.074350,minus_action_conditioned_key,retrieval no longer depends on candidate action
combined_stress,friction_mismatch,cloth_slide_over_edge,4,84,0.595238,0.548137,0.176574,0.079914,0.520723,0.236244,0.074766,minus_action_conditioned_key,retrieval no longer depends on candidate action
combined_stress,friction_mismatch,cloth_slide_over_edge,5,84,0.547619,0.548977,0.177198,0.081321,0.521634,0.237315,0.075181,minus_action_conditioned_key,retrieval no longer depends on candidate action
combined_stress,friction_mismatch,cloth_slide_over_edge,6,84,0.678571,0.549817,0.177822,0.079157,0.522545,0.235885,0.075596,minus_action_conditioned_key,retrieval no longer depends on candidate action
combined_stress,friction_mismatch,twist_lid_with_force_limit,0,84,0.642857,0.550823,0.174417,0.081088,0.483577,0.235367,0.074494,minus_action_conditioned_key,retrieval no longer depends on candidate action
combined_stress,friction_mismatch,twist_lid_with_force_limit,1,84,0.619048,0.551703,0.175071,0.082041,0.484531,0.236125,0.074930,minus_action_conditioned_key,retrieval no longer depends on candidate action
combined_stress,friction_mismatch,twist_lid_with_force_limit,2,84,0.654762,0.552583,0.175725,0.081804,0.485486,0.236049,0.075365,minus_action_conditioned_key,retrieval no longer depends on candidate action
combined_stress,friction_mismatch,twist_lid_with_force_limit,3,84,0.630952,0.553463,0.176379,0.074753,0.486441,0.236806,0.075801,minus_action_conditioned_key,retrieval no longer depends on candidate action
combined_stress,friction_mismatch,twist_lid_with_force_limit,4,84,0.666667,0.554343,0.177033,0.074516,0.487396,0.236730,0.076237,minus_action_conditioned_key,retrieval no longer depends on candidate action
combined_stress,friction_mismatch,twist_lid_with_force_limit,5,84,0.642857,0.555223,0.177687,0.075469,0.488351,0.237487,0.076673,minus_action_conditioned_key,retrieval no longer depends on candidate action
combined_stress,friction_mismatch,twist_lid_with_force_limit,6,84,0.535714,0.556103,0.178341,0.078089,0.489306,0.239411,0.077109,minus_action_conditioned_key,retrieval no longer depends on candidate action
combined_stress,support_topology_shift,drawer_pull_with_stiction,0,84,0.619048,0.540798,0.183900,0.083960,0.517520,0.233239,0.072333,minus_action_conditioned_key,retrieval no longer depends on candidate action
combined_stress,support_topology_shift,drawer_pull_with_stiction,1,84,0.583333,0.541710,0.184578,0.085169,0.518509,0.234179,0.072786,minus_action_conditioned_key,retrieval no longer depends on candidate action
combined_stress,support_topology_shift,drawer_pull_with_stiction,2,84,0.678571,0.542622,0.185256,0.083759,0.519499,0.233286,0.073238,minus_action_conditioned_key,retrieval no longer depends on candidate action
combined_stress,support_topology_shift,drawer_pull_with_stiction,3,84,0.630952,0.543534,0.185934,0.085206,0.520489,0.234393,0.073690,minus_action_conditioned_key,retrieval no longer depends on candidate action
combined_stress,support_topology_shift,drawer_pull_with_stiction,4,84,0.642857,0.544446,0.186612,0.085463,0.521479,0.234666,0.074142,minus_action_conditioned_key,retrieval no longer depends on candidate action
combined_stress,support_topology_shift,drawer_pull_with_stiction,5,84,0.642857,0.545358,0.187290,0.085958,0.522469,0.235106,0.074594,minus_action_conditioned_key,retrieval no longer depends on candidate action
combined_stress,support_topology_shift,drawer_pull_with_stiction,6,84,0.630952,0.546270,0.187968,0.078687,0.523459,0.235713,0.075047,minus_action_conditioned_key,retrieval no longer depends on candidate action
combined_stress,support_topology_shift,peg_insert_contact_search,0,84,0.642857,0.542903,0.185364,0.085205,0.495274,0.234615,0.074055,minus_action_conditioned_key,retrieval no longer depends on candidate action
combined_stress,support_topology_shift,peg_insert_contact_search,1,84,0.678571,0.543815,0.186042,0.084986,0.496264,0.234555,0.074507,minus_action_conditioned_key,retrieval no longer depends on candidate action
combined_stress,support_topology_shift,peg_insert_contact_search,2,84,0.630952,0.544727,0.186720,0.086433,0.497253,0.235662,0.074959,minus_action_conditioned_key,retrieval no longer depends on candidate action
combined_stress,support_topology_shift,peg_insert_contact_search,3,84,0.607143,0.545639,0.187398,0.079400,0.498243,0.236435,0.075412,minus_action_conditioned_key,retrieval no longer depends on candidate action
combined_stress,support_topology_shift,peg_insert_contact_search,4,84,0.500000,0.546551,0.188076,0.082038,0.499233,0.238375,0.075864,minus_action_conditioned_key,retrieval no longer depends on candidate action
combined_stress,support_topology_shift,peg_insert_contact_search,5,84,0.690476,0.547463,0.188754,0.078723,0.500223,0.236149,0.076316,minus_action_conditioned_key,retrieval no longer depends on candidate action
combined_stress,support_topology_shift,peg_insert_contact_search,6,84,0.654762,0.548375,0.189432,0.079932,0.501213,0.237089,0.076768,minus_action_conditioned_key,retrieval no longer depends on candidate action
combined_stress,support_topology_shift,cable_route_around_hook,0,84,0.452381,0.548156,0.191923,0.086999,0.519989,0.235998,0.072931,minus_action_conditioned_key,retrieval no longer depends on candidate action
combined_stress,support_topology_shift,cable_route_around_hook,1,84,0.511905,0.549052,0.180583,0.085394,0.521442,0.235597,0.073159,minus_action_conditioned_key,retrieval no longer depends on candidate action
combined_stress,support_topology_shift,cable_route_around_hook,2,84,0.547619,0.549948,0.181249,0.085165,0.522414,0.235529,0.073603,minus_action_conditioned_key,retrieval no longer depends on candidate action
combined_stress,support_topology_shift,cable_route_around_hook,3,84,0.523810,0.550844,0.181915,0.086127,0.523387,0.236294,0.074047,minus_action_conditioned_key,retrieval no longer depends on candidate action
combined_stress,support_topology_shift,cable_route_around_hook,4,84,0.571429,0.551740,0.182581,0.085661,0.524359,0.236060,0.074491,minus_action_conditioned_key,retrieval no longer depends on candidate action
combined_stress,support_topology_shift,cable_route_around_hook,5,84,0.571429,0.536628,0.183247,0.086147,0.525332,0.236492,0.074935,minus_action_conditioned_key,retrieval no longer depends on candidate action
combined_stress,support_topology_shift,cable_route_around_hook,6,84,0.547619,0.537524,0.183913,0.087109,0.526304,0.237257,0.075379,minus_action_conditioned_key,retrieval no longer depends on candidate action
combined_stress,support_topology_shift,cloth_slide_over_edge,0,84,0.535714,0.537636,0.185063,0.082209,0.523446,0.233040,0.079010,minus_action_conditioned_key,retrieval no longer depends on candidate action
combined_stress,support_topology_shift,cloth_slide_over_edge,1,84,0.547619,0.538516,0.185717,0.082448,0.524401,0.233298,0.079446,minus_action_conditioned_key,retrieval no longer depends on candidate action
combined_stress,support_topology_shift,cloth_slide_over_edge,2,84,0.547619,0.539396,0.186371,0.082925,0.525356,0.233722,0.079882,minus_action_conditioned_key,retrieval no longer depends on candidate action
combined_stress,support_topology_shift,cloth_slide_over_edge,3,84,0.607143,0.540276,0.187025,0.082212,0.526311,0.233312,0.080318,minus_action_conditioned_key,retrieval no longer depends on candidate action
combined_stress,support_topology_shift,cloth_slide_over_edge,4,84,0.642857,0.541156,0.187679,0.081975,0.527265,0.233236,0.072749,minus_action_conditioned_key,retrieval no longer depends on candidate action
combined_stress,support_topology_shift,cloth_slide_over_edge,5,84,0.595238,0.542036,0.188333,0.083404,0.528220,0.234327,0.073185,minus_action_conditioned_key,retrieval no longer depends on candidate action
combined_stress,support_topology_shift,cloth_slide_over_edge,6,84,0.607143,0.542916,0.188987,0.083643,0.529175,0.234584,0.073621,minus_action_conditioned_key,retrieval no longer depends on candidate action
combined_stress,support_topology_shift,twist_lid_with_force_limit,0,84,0.607143,0.550755,0.190706,0.080656,0.479679,0.236983,0.076027,minus_action_conditioned_key,retrieval no longer depends on candidate action
combined_stress,support_topology_shift,twist_lid_with_force_limit,1,84,0.678571,0.551675,0.179384,0.078826,0.481158,0.236427,0.076267,minus_action_conditioned_key,retrieval no longer depends on candidate action
combined_stress,support_topology_shift,twist_lid_with_force_limit,2,84,0.523810,0.552595,0.180068,0.082421,0.482156,0.239037,0.076724,minus_action_conditioned_key,retrieval no longer depends on candidate action
combined_stress,support_topology_shift,twist_lid_with_force_limit,3,84,0.654762,0.537507,0.180752,0.080301,0.483155,0.237648,0.077180,minus_action_conditioned_key,retrieval no longer depends on candidate action
combined_stress,support_topology_shift,twist_lid_with_force_limit,4,84,0.654762,0.538427,0.181436,0.080800,0.484154,0.238092,0.077636,minus_action_conditioned_key,retrieval no longer depends on candidate action
combined_stress,support_topology_shift,twist_lid_with_force_limit,5,84,0.642857,0.539347,0.182120,0.081538,0.485152,0.238703,0.078093,minus_action_conditioned_key,retrieval no longer depends on candidate action
combined_stress,support_topology_shift,twist_lid_with_force_limit,6,84,0.595238,0.540267,0.182804,0.082990,0.486151,0.231809,0.078549,minus_action_conditioned_key,retrieval no longer depends on candidate action
combined_stress,compliance_shift,drawer_pull_with_stiction,0,84,0.619048,0.551424,0.186768,0.083287,0.518446,0.235449,0.074657,minus_action_conditioned_key,retrieval no longer depends on candidate action
combined_stress,compliance_shift,drawer_pull_with_stiction,1,84,0.642857,0.536280,0.187410,0.083279,0.519383,0.235532,0.075085,minus_action_conditioned_key,retrieval no longer depends on candidate action
combined_stress,compliance_shift,drawer_pull_with_stiction,2,84,0.630952,0.537144,0.188052,0.083985,0.520321,0.236114,0.075512,minus_action_conditioned_key,retrieval no longer depends on candidate action
combined_stress,compliance_shift,drawer_pull_with_stiction,3,84,0.642857,0.538008,0.188694,0.084215,0.521258,0.236364,0.075940,minus_action_conditioned_key,retrieval no longer depends on candidate action
combined_stress,compliance_shift,drawer_pull_with_stiction,4,84,0.607143,0.538872,0.189336,0.085397,0.522195,0.237280,0.076367,minus_action_conditioned_key,retrieval no longer depends on candidate action
combined_stress,compliance_shift,drawer_pull_with_stiction,5,84,0.583333,0.539736,0.189978,0.086342,0.523132,0.238029,0.076795,minus_action_conditioned_key,retrieval no longer depends on candidate action
combined_stress,compliance_shift,drawer_pull_with_stiction,6,84,0.559524,0.540600,0.190620,0.087286,0.524070,0.238778,0.077222,minus_action_conditioned_key,retrieval no longer depends on candidate action
combined_stress,compliance_shift,peg_insert_contact_search,0,84,0.583333,0.540209,0.190248,0.087218,0.499143,0.239002,0.077759,minus_action_conditioned_key,retrieval no longer depends on candidate action
combined_stress,compliance_shift,peg_insert_contact_search,1,84,0.595238,0.541073,0.190890,0.087448,0.500081,0.239252,0.078186,minus_action_conditioned_key,retrieval no longer depends on candidate action
combined_stress,compliance_shift,peg_insert_contact_search,2,84,0.607143,0.541937,0.191532,0.087678,0.483009,0.239501,0.078614,minus_action_conditioned_key,retrieval no longer depends on candidate action
combined_stress,compliance_shift,peg_insert_contact_search,3,84,0.440476,0.542801,0.192174,0.083475,0.483946,0.242250,0.079042,minus_action_conditioned_key,retrieval no longer depends on candidate action
combined_stress,compliance_shift,peg_insert_contact_search,4,84,0.654762,0.543665,0.180810,0.078757,0.485364,0.231662,0.079253,minus_action_conditioned_key,retrieval no longer depends on candidate action
combined_stress,compliance_shift,peg_insert_contact_search,5,84,0.523810,0.544529,0.181452,0.081845,0.486301,0.233912,0.079681,minus_action_conditioned_key,retrieval no longer depends on candidate action
combined_stress,compliance_shift,peg_insert_contact_search,6,84,0.714286,0.545393,0.182094,0.078503,0.487238,0.231661,0.080108,minus_action_conditioned_key,retrieval no longer depends on candidate action
combined_stress,compliance_shift,cable_route_around_hook,0,84,0.559524,0.539581,0.192397,0.082407,0.517421,0.235112,0.073616,minus_action_conditioned_key,retrieval no longer depends on candidate action
combined_stress,compliance_shift,cable_route_around_hook,1,84,0.595238,0.540429,0.193027,0.082152,0.518340,0.235020,0.074035,minus_action_conditioned_key,retrieval no longer depends on candidate action
combined_stress,compliance_shift,cable_route_around_hook,2,84,0.583333,0.541277,0.181651,0.081949,0.519740,0.235594,0.074239,minus_action_conditioned_key,retrieval no longer depends on candidate action
combined_stress,compliance_shift,cable_route_around_hook,3,84,0.666667,0.542125,0.182281,0.080742,0.520660,0.234836,0.074658,minus_action_conditioned_key,retrieval no longer depends on candidate action
combined_stress,compliance_shift,cable_route_around_hook,4,84,0.535714,0.542973,0.182911,0.083820,0.521580,0.237077,0.075077,minus_action_conditioned_key,retrieval no longer depends on candidate action
combined_stress,compliance_shift,cable_route_around_hook,5,84,0.583333,0.543821,0.183541,0.083327,0.522500,0.236818,0.075497,minus_action_conditioned_key,retrieval no longer depends on candidate action
combined_stress,compliance_shift,cable_route_around_hook,6,84,0.571429,0.544669,0.184171,0.084024,0.523420,0.237393,0.075916,minus_action_conditioned_key,retrieval no longer depends on candidate action
combined_stress,compliance_shift,cloth_slide_over_edge,0,84,0.619048,0.540006,0.181739,0.083281,0.515332,0.237959,0.077095,minus_action_conditioned_key,retrieval no longer depends on candidate action
combined_stress,compliance_shift,cloth_slide_over_edge,1,84,0.630952,0.540838,0.182357,0.083494,0.516234,0.238193,0.077506,minus_action_conditioned_key,retrieval no longer depends on candidate action
combined_stress,compliance_shift,cloth_slide_over_edge,2,84,0.559524,0.541670,0.182975,0.085373,0.517137,0.239593,0.077917,minus_action_conditioned_key,retrieval no longer depends on candidate action
combined_stress,compliance_shift,cloth_slide_over_edge,3,84,0.511905,0.542502,0.183593,0.086775,0.518039,0.240659,0.078328,minus_action_conditioned_key,retrieval no longer depends on candidate action
combined_stress,compliance_shift,cloth_slide_over_edge,4,84,0.619048,0.543334,0.184211,0.085083,0.518941,0.239559,0.078739,minus_action_conditioned_key,retrieval no longer depends on candidate action
combined_stress,compliance_shift,cloth_slide_over_edge,5,84,0.619048,0.544166,0.184829,0.085533,0.519843,0.239959,0.079150,minus_action_conditioned_key,retrieval no longer depends on candidate action
combined_stress,compliance_shift,cloth_slide_over_edge,6,84,0.523810,0.544998,0.185447,0.087888,0.520746,0.233689,0.079561,minus_action_conditioned_key,retrieval no longer depends on candidate action
combined_stress,compliance_shift,twist_lid_with_force_limit,0,84,0.583333,0.541436,0.190622,0.086274,0.494304,0.237557,0.076330,minus_action_conditioned_key,retrieval no longer depends on candidate action
combined_stress,compliance_shift,twist_lid_with_force_limit,1,84,0.702381,0.542308,0.191270,0.084366,0.495250,0.236311,0.076761,minus_action_conditioned_key,retrieval no longer depends on candidate action
combined_stress,compliance_shift,twist_lid_with_force_limit,2,84,0.690476,0.543180,0.191918,0.085076,0.478187,0.236897,0.077193,minus_action_conditioned_key,retrieval no longer depends on candidate action
combined_stress,compliance_shift,twist_lid_with_force_limit,3,84,0.642857,0.544052,0.192566,0.086501,0.479134,0.237984,0.077625,minus_action_conditioned_key,retrieval no longer depends on candidate action
combined_stress,compliance_shift,twist_lid_with_force_limit,4,84,0.619048,0.544924,0.181208,0.086550,0.480560,0.238737,0.077840,minus_action_conditioned_key,retrieval no longer depends on candidate action
combined_stress,compliance_shift,twist_lid_with_force_limit,5,84,0.654762,0.545796,0.181856,0.078304,0.481506,0.238657,0.078272,minus_action_conditioned_key,retrieval no longer depends on candidate action
combined_stress,compliance_shift,twist_lid_with_force_limit,6,84,0.619048,0.546668,0.182504,0.079491,0.482452,0.239577,0.078703,minus_action_conditioned_key,retrieval no longer depends on candidate action
combined_stress,occluded_contact_shift,drawer_pull_with_stiction,0,84,0.630952,0.541238,0.194374,0.083755,0.521247,0.238557,0.078162,minus_action_conditioned_key,retrieval no longer depends on candidate action
combined_stress,occluded_contact_shift,drawer_pull_with_stiction,1,84,0.583333,0.542150,0.195052,0.085202,0.522237,0.239663,0.078614,minus_action_conditioned_key,retrieval no longer depends on candidate action
combined_stress,occluded_contact_shift,drawer_pull_with_stiction,2,84,0.547619,0.543062,0.195730,0.086411,0.523226,0.240603,0.079066,minus_action_conditioned_key,retrieval no longer depends on candidate action
combined_stress,occluded_contact_shift,drawer_pull_with_stiction,3,84,0.630952,0.543974,0.196408,0.085240,0.524216,0.239877,0.079519,minus_action_conditioned_key,retrieval no longer depends on candidate action
combined_stress,occluded_contact_shift,drawer_pull_with_stiction,4,84,0.619048,0.544886,0.197086,0.085972,0.507197,0.240483,0.079971,minus_action_conditioned_key,retrieval no longer depends on candidate action
combined_stress,occluded_contact_shift,drawer_pull_with_stiction,5,84,0.607143,0.545798,0.185758,0.085805,0.508667,0.233086,0.080207,minus_action_conditioned_key,retrieval no longer depends on candidate action
combined_stress,occluded_contact_shift,drawer_pull_with_stiction,6,84,0.535714,0.546710,0.186436,0.087728,0.509657,0.234526,0.080659,minus_action_conditioned_key,retrieval no longer depends on candidate action
combined_stress,occluded_contact_shift,peg_insert_contact_search,0,84,0.547619,0.543343,0.195837,0.087143,0.499001,0.241433,0.079883,minus_action_conditioned_key,retrieval no longer depends on candidate action
combined_stress,occluded_contact_shift,peg_insert_contact_search,1,84,0.500000,0.544255,0.196515,0.088591,0.481982,0.234535,0.080336,minus_action_conditioned_key,retrieval no longer depends on candidate action
combined_stress,occluded_contact_shift,peg_insert_contact_search,2,84,0.642857,0.545167,0.197193,0.086228,0.482971,0.232975,0.080788,minus_action_conditioned_key,retrieval no longer depends on candidate action
combined_stress,occluded_contact_shift,peg_insert_contact_search,3,84,0.559524,0.546079,0.185865,0.087489,0.484442,0.234582,0.081024,minus_action_conditioned_key,retrieval no longer depends on candidate action
combined_stress,occluded_contact_shift,peg_insert_contact_search,4,84,0.654762,0.546991,0.186543,0.086079,0.485431,0.233689,0.081476,minus_action_conditioned_key,retrieval no longer depends on candidate action
combined_stress,occluded_contact_shift,peg_insert_contact_search,5,84,0.559524,0.547903,0.187221,0.088479,0.486421,0.235462,0.073924,minus_action_conditioned_key,retrieval no longer depends on candidate action
combined_stress,occluded_contact_shift,peg_insert_contact_search,6,84,0.619048,0.532807,0.187899,0.087783,0.487411,0.235069,0.074377,minus_action_conditioned_key,retrieval no longer depends on candidate action
combined_stress,occluded_contact_shift,cable_route_around_hook,0,84,0.666667,0.532588,0.190390,0.081846,0.524197,0.238482,0.078544,minus_action_conditioned_key,retrieval no longer depends on candidate action
combined_stress,occluded_contact_shift,cable_route_around_hook,1,84,0.595238,0.533484,0.191056,0.083760,0.525169,0.239914,0.078988,minus_action_conditioned_key,retrieval no longer depends on candidate action
combined_stress,occluded_contact_shift,cable_route_around_hook,2,84,0.559524,0.534380,0.191722,0.084961,0.526142,0.240846,0.079432,minus_action_conditioned_key,retrieval no longer depends on candidate action
combined_stress,occluded_contact_shift,cable_route_around_hook,3,84,0.583333,0.535276,0.192388,0.084970,0.527114,0.240945,0.079876,minus_action_conditioned_key,retrieval no longer depends on candidate action
combined_stress,occluded_contact_shift,cable_route_around_hook,4,84,0.630952,0.536172,0.193054,0.084504,0.528086,0.240710,0.080320,minus_action_conditioned_key,retrieval no longer depends on candidate action
combined_stress,occluded_contact_shift,cable_route_around_hook,5,84,0.571429,0.537068,0.193720,0.086180,0.529059,0.233972,0.080764,minus_action_conditioned_key,retrieval no longer depends on candidate action
combined_stress,occluded_contact_shift,cable_route_around_hook,6,84,0.583333,0.537964,0.194386,0.086428,0.530031,0.234237,0.081208,minus_action_conditioned_key,retrieval no longer depends on candidate action
combined_stress,occluded_contact_shift,cloth_slide_over_edge,0,84,0.607143,0.538076,0.195537,0.088818,0.527173,0.237524,0.076835,minus_action_conditioned_key,retrieval no longer depends on candidate action
combined_stress,occluded_contact_shift,cloth_slide_over_edge,1,84,0.464286,0.538956,0.196191,0.092153,0.528128,0.239948,0.077271,minus_action_conditioned_key,retrieval no longer depends on candidate action
combined_stress,occluded_contact_shift,cloth_slide_over_edge,2,84,0.630952,0.539836,0.196845,0.089296,0.511074,0.238039,0.077706,minus_action_conditioned_key,retrieval no longer depends on candidate action
combined_stress,occluded_contact_shift,cloth_slide_over_edge,3,84,0.559524,0.540716,0.197499,0.091202,0.512029,0.239463,0.078142,minus_action_conditioned_key,retrieval no longer depends on candidate action
combined_stress,occluded_contact_shift,cloth_slide_over_edge,4,84,0.535714,0.541596,0.186147,0.091255,0.513464,0.240220,0.078362,minus_action_conditioned_key,retrieval no longer depends on candidate action
combined_stress,occluded_contact_shift,cloth_slide_over_edge,5,84,0.583333,0.542476,0.186801,0.090779,0.514419,0.239978,0.078798,minus_action_conditioned_key,retrieval no longer depends on candidate action
combined_stress,occluded_contact_shift,cloth_slide_over_edge,6,84,0.571429,0.543356,0.187455,0.083491,0.515373,0.240568,0.079233,minus_action_conditioned_key,retrieval no longer depends on candidate action
combined_stress,occluded_contact_shift,twist_lid_with_force_limit,0,84,0.559524,0.535187,0.189174,0.088746,0.483886,0.235129,0.081640,minus_action_conditioned_key,retrieval no longer depends on candidate action
combined_stress,occluded_contact_shift,twist_lid_with_force_limit,1,84,0.654762,0.536107,0.189858,0.087340,0.484885,0.234240,0.074092,minus_action_conditioned_key,retrieval no longer depends on candidate action
combined_stress,occluded_contact_shift,twist_lid_with_force_limit,2,84,0.595238,0.537027,0.190542,0.089030,0.485884,0.235517,0.074548,minus_action_conditioned_key,retrieval no longer depends on candidate action
combined_stress,occluded_contact_shift,twist_lid_with_force_limit,3,84,0.619048,0.537947,0.191226,0.089053,0.486882,0.235628,0.075004,minus_action_conditioned_key,retrieval no longer depends on candidate action
combined_stress,occluded_contact_shift,twist_lid_with_force_limit,4,84,0.547619,0.538867,0.191910,0.090981,0.487881,0.237072,0.075461,minus_action_conditioned_key,retrieval no longer depends on candidate action
combined_stress,occluded_contact_shift,twist_lid_with_force_limit,5,84,0.666667,0.539787,0.192594,0.089099,0.488879,0.235849,0.075917,minus_action_conditioned_key,retrieval no longer depends on candidate action
combined_stress,occluded_contact_shift,twist_lid_with_force_limit,6,84,0.630952,0.540707,0.193278,0.090313,0.489878,0.236793,0.076373,minus_action_conditioned_key,retrieval no longer depends on candidate action
combined_stress,actuator_lag_shift,drawer_pull_with_stiction,0,84,0.500000,0.540508,0.188769,0.092734,0.507386,0.240440,0.078205,minus_action_conditioned_key,retrieval no longer depends on candidate action
combined_stress,actuator_lag_shift,drawer_pull_with_stiction,1,84,0.464286,0.541388,0.189423,0.093925,0.508341,0.241364,0.078641,minus_action_conditioned_key,retrieval no longer depends on candidate action
combined_stress,actuator_lag_shift,drawer_pull_with_stiction,2,84,0.630952,0.542268,0.190077,0.091069,0.509296,0.239455,0.079077,minus_action_conditioned_key,retrieval no longer depends on candidate action
combined_stress,actuator_lag_shift,drawer_pull_with_stiction,3,84,0.559524,0.543148,0.190731,0.092974,0.510250,0.240879,0.079512,minus_action_conditioned_key,retrieval no longer depends on candidate action
combined_stress,actuator_lag_shift,drawer_pull_with_stiction,4,84,0.607143,0.544028,0.191385,0.084495,0.511205,0.240636,0.079948,minus_action_conditioned_key,retrieval no longer depends on candidate action
combined_stress,actuator_lag_shift,drawer_pull_with_stiction,5,84,0.630952,0.544908,0.192039,0.084496,0.512160,0.240727,0.080384,minus_action_conditioned_key,retrieval no longer depends on candidate action
combined_stress,actuator_lag_shift,drawer_pull_with_stiction,6,84,0.559524,0.545788,0.192693,0.086402,0.513115,0.242151,0.080820,minus_action_conditioned_key,retrieval no longer depends on candidate action
combined_stress,actuator_lag_shift,peg_insert_contact_search,0,84,0.547619,0.544406,0.191577,0.086496,0.487102,0.242379,0.080847,minus_action_conditioned_key,retrieval no longer depends on candidate action
combined_stress,actuator_lag_shift,peg_insert_contact_search,1,84,0.630952,0.545286,0.192231,0.085306,0.488057,0.233632,0.081283,minus_action_conditioned_key,retrieval no longer depends on candidate action
combined_stress,actuator_lag_shift,peg_insert_contact_search,2,84,0.547619,0.546166,0.192885,0.087450,0.489012,0.235223,0.081718,minus_action_conditioned_key,retrieval no longer depends on candidate action
combined_stress,actuator_lag_shift,peg_insert_contact_search,3,84,0.595238,0.531038,0.193539,0.086975,0.489967,0.234980,0.082154,minus_action_conditioned_key,retrieval no longer depends on candidate action
combined_stress,actuator_lag_shift,peg_insert_contact_search,4,84,0.547619,0.531918,0.194193,0.088404,0.490921,0.236071,0.082590,minus_action_conditioned_key,retrieval no longer depends on candidate action
combined_stress,actuator_lag_shift,peg_insert_contact_search,5,84,0.464286,0.532798,0.194847,0.090548,0.491876,0.237662,0.075022,minus_action_conditioned_key,retrieval no longer depends on candidate action
combined_stress,actuator_lag_shift,peg_insert_contact_search,6,84,0.595238,0.533678,0.195501,0.088406,0.492831,0.236252,0.075457,minus_action_conditioned_key,retrieval no longer depends on candidate action
combined_stress,actuator_lag_shift,cable_route_around_hook,0,84,0.583333,0.540402,0.191194,0.086621,0.519692,0.235967,0.082974,minus_action_conditioned_key,retrieval no longer depends on candidate action
combined_stress,actuator_lag_shift,cable_route_around_hook,1,84,0.583333,0.541266,0.191836,0.087089,0.520629,0.236383,0.075398,minus_action_conditioned_key,retrieval no longer depends on candidate action
combined_stress,actuator_lag_shift,cable_route_around_hook,2,84,0.559524,0.542130,0.192478,0.088033,0.521566,0.237133,0.075825,minus_action_conditioned_key,retrieval no longer depends on candidate action
combined_stress,actuator_lag_shift,cable_route_around_hook,3,84,0.511905,0.542994,0.193120,0.089454,0.522504,0.238215,0.076253,minus_action_conditioned_key,retrieval no longer depends on candidate action
combined_stress,actuator_lag_shift,cable_route_around_hook,4,84,0.619048,0.543858,0.193762,0.087779,0.523441,0.237131,0.076681,minus_action_conditioned_key,retrieval no longer depends on candidate action
combined_stress,actuator_lag_shift,cable_route_around_hook,5,84,0.630952,0.544722,0.194404,0.088009,0.524378,0.237381,0.077108,minus_action_conditioned_key,retrieval no longer depends on candidate action
combined_stress,actuator_lag_shift,cable_route_around_hook,6,84,0.452381,0.545586,0.195046,0.092049,0.525316,0.240297,0.077536,minus_action_conditioned_key,retrieval no longer depends on candidate action
combined_stress,actuator_lag_shift,cloth_slide_over_edge,0,84,0.488095,0.537179,0.189806,0.089462,0.513128,0.239158,0.076792,minus_action_conditioned_key,retrieval no longer depends on candidate action
combined_stress,actuator_lag_shift,cloth_slide_over_edge,1,84,0.583333,0.538027,0.190436,0.088016,0.514048,0.238232,0.077211,minus_action_conditioned_key,retrieval no longer depends on candidate action
combined_stress,actuator_lag_shift,cloth_slide_over_edge,2,84,0.452381,0.538875,0.191066,0.091094,0.514968,0.240474,0.077630,minus_action_conditioned_key,retrieval no longer depends on candidate action
combined_stress,actuator_lag_shift,cloth_slide_over_edge,3,84,0.559524,0.539723,0.191696,0.089411,0.515888,0.239382,0.078050,minus_action_conditioned_key,retrieval no longer depends on candidate action
combined_stress,actuator_lag_shift,cloth_slide_over_edge,4,84,0.523810,0.540571,0.192326,0.090584,0.516808,0.240290,0.078469,minus_action_conditioned_key,retrieval no longer depends on candidate action
combined_stress,actuator_lag_shift,cloth_slide_over_edge,5,84,0.583333,0.541419,0.192956,0.089853,0.517727,0.239864,0.078888,minus_action_conditioned_key,retrieval no longer depends on candidate action
combined_stress,actuator_lag_shift,cloth_slide_over_edge,6,84,0.535714,0.542267,0.193586,0.091265,0.518647,0.240939,0.079308,minus_action_conditioned_key,retrieval no longer depends on candidate action
combined_stress,actuator_lag_shift,twist_lid_with_force_limit,0,84,0.738095,0.531833,0.193607,0.082971,0.484681,0.239372,0.080551,minus_action_conditioned_key,retrieval no longer depends on candidate action
combined_stress,actuator_lag_shift,twist_lid_with_force_limit,1,84,0.571429,0.532721,0.194267,0.086785,0.485645,0.242133,0.080991,minus_action_conditioned_key,retrieval no longer depends on candidate action
combined_stress,actuator_lag_shift,twist_lid_with_force_limit,2,84,0.607143,0.533609,0.194927,0.086553,0.486608,0.234057,0.081431,minus_action_conditioned_key,retrieval no longer depends on candidate action
combined_stress,actuator_lag_shift,twist_lid_with_force_limit,3,84,0.476190,0.534497,0.195587,0.089653,0.487572,0.236318,0.081871,minus_action_conditioned_key,retrieval no longer depends on candidate action
combined_stress,actuator_lag_shift,twist_lid_with_force_limit,4,84,0.654762,0.535385,0.196247,0.086563,0.488535,0.234246,0.082311,minus_action_conditioned_key,retrieval no longer depends on candidate action
combined_stress,actuator_lag_shift,twist_lid_with_force_limit,5,84,0.607143,0.536273,0.196907,0.087997,0.489499,0.235341,0.082751,minus_action_conditioned_key,retrieval no longer depends on candidate action
combined_stress,actuator_lag_shift,twist_lid_with_force_limit,6,84,0.571429,0.537161,0.197567,0.089193,0.490463,0.236269,0.075187,minus_action_conditioned_key,retrieval no longer depends on candidate action
combined_stress,compound_mechanism_shift,drawer_pull_with_stiction,0,84,0.488095,0.529318,0.203026,0.097981,0.510752,0.237941,0.084018,minus_action_conditioned_key,retrieval no longer depends on candidate action
combined_stress,compound_mechanism_shift,drawer_pull_with_stiction,1,84,0.547619,0.530246,0.203716,0.097294,0.511759,0.237555,0.084478,minus_action_conditioned_key,retrieval no longer depends on candidate action
combined_stress,compound_mechanism_shift,drawer_pull_with_stiction,2,84,0.500000,0.531174,0.204406,0.098750,0.512766,0.238670,0.084939,minus_action_conditioned_key,retrieval no longer depends on candidate action
combined_stress,compound_mechanism_shift,drawer_pull_with_stiction,3,84,0.559524,0.532102,0.205096,0.098064,0.513774,0.238285,0.077395,minus_action_conditioned_key,retrieval no longer depends on candidate action
combined_stress,compound_mechanism_shift,drawer_pull_with_stiction,4,84,0.595238,0.533030,0.205786,0.097853,0.514781,0.238233,0.077855,minus_action_conditioned_key,retrieval no longer depends on candidate action
combined_stress,compound_mechanism_shift,drawer_pull_with_stiction,5,84,0.654762,0.533958,0.206476,0.097166,0.515789,0.237847,0.078316,minus_action_conditioned_key,retrieval no longer depends on candidate action
combined_stress,compound_mechanism_shift,drawer_pull_with_stiction,6,84,0.607143,0.534886,0.207166,0.098623,0.516796,0.238962,0.078776,minus_action_conditioned_key,retrieval no longer depends on candidate action
combined_stress,compound_mechanism_shift,peg_insert_contact_search,0,84,0.511905,0.530527,0.203818,0.098728,0.487524,0.238869,0.077275,minus_action_conditioned_key,retrieval no longer depends on candidate action
combined_stress,compound_mechanism_shift,peg_insert_contact_search,1,84,0.476190,0.531455,0.204508,0.099946,0.488532,0.239817,0.077736,minus_action_conditioned_key,retrieval no longer depends on candidate action
combined_stress,compound_mechanism_shift,peg_insert_contact_search,2,84,0.511905,0.532383,0.205198,0.099736,0.489539,0.239765,0.078196,minus_action_conditioned_key,retrieval no longer depends on candidate action
combined_stress,compound_mechanism_shift,peg_insert_contact_search,3,84,0.535714,0.533311,0.205888,0.099763,0.490547,0.239879,0.078656,minus_action_conditioned_key,retrieval no longer depends on candidate action
combined_stress,compound_mechanism_shift,peg_insert_contact_search,4,84,0.476190,0.534239,0.206578,0.101458,0.491554,0.241161,0.079117,minus_action_conditioned_key,retrieval no longer depends on candidate action
combined_stress,compound_mechanism_shift,peg_insert_contact_search,5,84,0.535714,0.535167,0.207268,0.100771,0.492561,0.240775,0.079577,minus_action_conditioned_key,retrieval no longer depends on candidate action
combined_stress,compound_mechanism_shift,peg_insert_contact_search,6,84,0.452381,0.536095,0.207958,0.094937,0.493569,0.242390,0.080038,minus_action_conditioned_key,retrieval no longer depends on candidate action
combined_stress,compound_mechanism_shift,cable_route_around_hook,0,84,0.547619,0.532404,0.207845,0.094120,0.526553,0.243401,0.082422,minus_action_conditioned_key,retrieval no longer depends on candidate action
combined_stress,compound_mechanism_shift,cable_route_around_hook,1,84,0.416667,0.533316,0.208523,0.097234,0.527542,0.245674,0.082874,minus_action_conditioned_key,retrieval no longer depends on candidate action
combined_stress,compound_mechanism_shift,cable_route_around_hook,2,84,0.464286,0.534228,0.209201,0.096776,0.528532,0.245448,0.083326,minus_action_conditioned_key,retrieval no longer depends on candidate action
combined_stress,compound_mechanism_shift,cable_route_around_hook,3,84,0.547619,0.535140,0.209879,0.095605,0.511513,0.244721,0.083779,minus_action_conditioned_key,retrieval no longer depends on candidate action
combined_stress,compound_mechanism_shift,cable_route_around_hook,4,84,0.500000,0.536052,0.210557,0.097052,0.512503,0.237824,0.084231,minus_action_conditioned_key,retrieval no longer depends on candidate action
combined_stress,compound_mechanism_shift,cable_route_around_hook,5,84,0.440476,0.536964,0.199229,0.097837,0.513973,0.239097,0.084467,minus_action_conditioned_key,retrieval no longer depends on candidate action
combined_stress,compound_mechanism_shift,cable_route_around_hook,6,84,0.511905,0.537876,0.199907,0.096903,0.514963,0.238537,0.084919,minus_action_conditioned_key,retrieval no longer depends on candidate action
combined_stress,compound_mechanism_shift,cloth_slide_over_edge,0,84,0.535714,0.534244,0.210255,0.098111,0.507525,0.239952,0.078840,minus_action_conditioned_key,retrieval no longer depends on candidate action
combined_stress,compound_mechanism_shift,cloth_slide_over_edge,1,84,0.416667,0.535140,0.198915,0.100077,0.508978,0.242051,0.079068,minus_action_conditioned_key,retrieval no longer depends on candidate action
combined_stress,compound_mechanism_shift,cloth_slide_over_edge,2,84,0.464286,0.536036,0.199581,0.099611,0.509950,0.241816,0.079512,minus_action_conditioned_key,retrieval no longer depends on candidate action
combined_stress,compound_mechanism_shift,cloth_slide_over_edge,3,84,0.452381,0.536932,0.200247,0.100335,0.510923,0.242415,0.079956,minus_action_conditioned_key,retrieval no longer depends on candidate action
combined_stress,compound_mechanism_shift,cloth_slide_over_edge,4,84,0.583333,0.537828,0.200913,0.098202,0.511895,0.241014,0.080400,minus_action_conditioned_key,retrieval no longer depends on candidate action
combined_stress,compound_mechanism_shift,cloth_slide_over_edge,5,84,0.488095,0.538724,0.201579,0.100593,0.512867,0.242779,0.080844,minus_action_conditioned_key,retrieval no longer depends on candidate action
combined_stress,compound_mechanism_shift,cloth_slide_over_edge,6,84,0.595238,0.539620,0.202245,0.098936,0.513840,0.241711,0.081288,minus_action_conditioned_key,retrieval no longer depends on candidate action
combined_stress,compound_mechanism_shift,twist_lid_with_force_limit,0,84,0.547619,0.524579,0.198810,0.093078,0.474828,0.241340,0.080165,minus_action_conditioned_key,retrieval no longer depends on candidate action
combined_stress,compound_mechanism_shift,twist_lid_with_force_limit,1,84,0.428571,0.525515,0.199506,0.095968,0.475844,0.243459,0.080630,minus_action_conditioned_key,retrieval no longer depends on candidate action
combined_stress,compound_mechanism_shift,twist_lid_with_force_limit,2,84,0.559524,0.526451,0.200202,0.093857,0.476860,0.242077,0.081094,minus_action_conditioned_key,retrieval no longer depends on candidate action
combined_stress,compound_mechanism_shift,twist_lid_with_force_limit,3,84,0.523810,0.527387,0.200898,0.095079,0.477876,0.243029,0.081559,minus_action_conditioned_key,retrieval no longer depends on candidate action
combined_stress,compound_mechanism_shift,twist_lid_with_force_limit,4,84,0.714286,0.528323,0.201594,0.091778,0.478892,0.240815,0.082023,minus_action_conditioned_key,retrieval no longer depends on candidate action
combined_stress,compound_mechanism_shift,twist_lid_with_force_limit,5,84,0.535714,0.529259,0.202290,0.095857,0.479909,0.243767,0.082488,minus_action_conditioned_key,retrieval no longer depends on candidate action
combined_stress,compound_mechanism_shift,twist_lid_with_force_limit,6,84,0.619048,0.530195,0.202986,0.094699,0.480925,0.243052,0.082952,minus_action_conditioned_key,retrieval no longer depends on candidate action
combined_stress,source_matched,drawer_pull_with_stiction,0,84,0.678571,0.556016,0.160336,0.069346,0.536396,0.221728,0.069825,minus_counterfactual_rejection,incompatible retrieved episodes are not rejected
combined_stress,source_matched,drawer_pull_with_stiction,1,84,0.726190,0.556880,0.160978,0.068862,0.537333,0.221477,0.070253,minus_counterfactual_rejection,incompatible retrieved episodes are not rejected
combined_stress,source_matched,drawer_pull_with_stiction,2,84,0.702381,0.557744,0.161620,0.069806,0.538271,0.222226,0.070680,minus_counterfactual_rejection,incompatible retrieved episodes are not rejected
combined_stress,source_matched,drawer_pull_with_stiction,3,84,0.702381,0.558608,0.162262,0.070274,0.539208,0.222642,0.071108,minus_counterfactual_rejection,incompatible retrieved episodes are not rejected
combined_stress,source_matched,drawer_pull_with_stiction,4,84,0.726190,0.559472,0.162904,0.070266,0.540145,0.222725,0.071535,minus_counterfactual_rejection,incompatible retrieved episodes are not rejected
combined_stress,source_matched,drawer_pull_with_stiction,5,84,0.678571,0.560336,0.163546,0.071687,0.541083,0.223808,0.071963,minus_counterfactual_rejection,incompatible retrieved episodes are not rejected
combined_stress,source_matched,drawer_pull_with_stiction,6,84,0.678571,0.561200,0.164188,0.072155,0.542020,0.224224,0.072391,minus_counterfactual_rejection,incompatible retrieved episodes are not rejected
combined_stress,source_matched,peg_insert_contact_search,0,84,0.690476,0.560809,0.163840,0.072326,0.517093,0.224614,0.072928,minus_counterfactual_rejection,incompatible retrieved episodes are not rejected
combined_stress,source_matched,peg_insert_contact_search,1,84,0.642857,0.561673,0.164482,0.073747,0.500021,0.225697,0.073355,minus_counterfactual_rejection,incompatible retrieved episodes are not rejected
combined_stress,source_matched,peg_insert_contact_search,2,84,0.654762,0.562537,0.165124,0.065973,0.500958,0.225946,0.073783,minus_counterfactual_rejection,incompatible retrieved episodes are not rejected
combined_stress,source_matched,peg_insert_contact_search,3,84,0.678571,0.563401,0.153760,0.065065,0.502376,0.218025,0.073994,minus_counterfactual_rejection,incompatible retrieved episodes are not rejected
combined_stress,source_matched,peg_insert_contact_search,4,84,0.726190,0.564265,0.154402,0.064580,0.503313,0.217774,0.074422,minus_counterfactual_rejection,incompatible retrieved episodes are not rejected
combined_stress,source_matched,peg_insert_contact_search,5,84,0.642857,0.565129,0.155044,0.066715,0.504250,0.219357,0.074849,minus_counterfactual_rejection,incompatible retrieved episodes are not rejected
combined_stress,source_matched,peg_insert_contact_search,6,84,0.630952,0.565993,0.155686,0.067421,0.505188,0.219940,0.075277,minus_counterfactual_rejection,incompatible retrieved episodes are not rejected
combined_stress,source_matched,cable_route_around_hook,0,84,0.559524,0.560181,0.165917,0.069653,0.535373,0.222224,0.068783,minus_counterfactual_rejection,incompatible retrieved episodes are not rejected
combined_stress,source_matched,cable_route_around_hook,1,84,0.654762,0.561029,0.154541,0.067307,0.536773,0.221298,0.068987,minus_counterfactual_rejection,incompatible retrieved episodes are not rejected
combined_stress,source_matched,cable_route_around_hook,2,84,0.630952,0.561877,0.155171,0.068243,0.537693,0.222040,0.069406,minus_counterfactual_rejection,incompatible retrieved episodes are not rejected
combined_stress,source_matched,cable_route_around_hook,3,84,0.654762,0.562725,0.155801,0.068226,0.538612,0.222114,0.069825,minus_counterfactual_rejection,incompatible retrieved episodes are not rejected
combined_stress,source_matched,cable_route_around_hook,4,84,0.607143,0.563573,0.156431,0.069637,0.539532,0.223189,0.070245,minus_counterfactual_rejection,incompatible retrieved episodes are not rejected
combined_stress,source_matched,cable_route_around_hook,5,84,0.595238,0.564421,0.157061,0.070335,0.540452,0.223764,0.070664,minus_counterfactual_rejection,incompatible retrieved episodes are not rejected
combined_stress,source_matched,cable_route_around_hook,6,84,0.690476,0.565269,0.157691,0.068889,0.541372,0.222838,0.071083,minus_counterfactual_rejection,incompatible retrieved episodes are not rejected
combined_stress,source_matched,cloth_slide_over_edge,0,84,0.678571,0.560606,0.155277,0.069338,0.533284,0.224238,0.072262,minus_counterfactual_rejection,incompatible retrieved episodes are not rejected
combined_stress,source_matched,cloth_slide_over_edge,1,84,0.619048,0.561438,0.155895,0.070979,0.534186,0.225471,0.072673,minus_counterfactual_rejection,incompatible retrieved episodes are not rejected
combined_stress,source_matched,cloth_slide_over_edge,2,84,0.702381,0.562270,0.156513,0.069763,0.535088,0.224705,0.073084,minus_counterfactual_rejection,incompatible retrieved episodes are not rejected
combined_stress,source_matched,cloth_slide_over_edge,3,84,0.559524,0.563102,0.157131,0.073070,0.535990,0.227105,0.073496,minus_counterfactual_rejection,incompatible retrieved episodes are not rejected
combined_stress,source_matched,cloth_slide_over_edge,4,84,0.630952,0.563934,0.157749,0.072092,0.536893,0.226505,0.073907,minus_counterfactual_rejection,incompatible retrieved episodes are not rejected
combined_stress,source_matched,cloth_slide_over_edge,5,84,0.642857,0.564766,0.158367,0.072304,0.537795,0.218734,0.074318,minus_counterfactual_rejection,incompatible retrieved episodes are not rejected
combined_stress,source_matched,cloth_slide_over_edge,6,84,0.690476,0.565598,0.158985,0.071802,0.538697,0.218467,0.074729,minus_counterfactual_rejection,incompatible retrieved episodes are not rejected
combined_stress,source_matched,twist_lid_with_force_limit,0,84,0.666667,0.562036,0.164199,0.071858,0.512254,0.223503,0.071498,minus_counterfactual_rejection,incompatible retrieved episodes are not rejected
combined_stress,source_matched,twist_lid_with_force_limit,1,84,0.607143,0.562908,0.164847,0.073521,0.495191,0.224756,0.071930,minus_counterfactual_rejection,incompatible retrieved episodes are not rejected
combined_stress,source_matched,twist_lid_with_force_limit,2,84,0.702381,0.563780,0.165495,0.072089,0.496137,0.223843,0.072361,minus_counterfactual_rejection,incompatible retrieved episodes are not rejected
combined_stress,source_matched,twist_lid_with_force_limit,3,84,0.690476,0.564652,0.154137,0.071899,0.497564,0.224429,0.072577,minus_counterfactual_rejection,incompatible retrieved episodes are not rejected
combined_stress,source_matched,twist_lid_with_force_limit,4,84,0.654762,0.565524,0.154785,0.065082,0.498510,0.225349,0.073009,minus_counterfactual_rejection,incompatible retrieved episodes are not rejected
combined_stress,source_matched,twist_lid_with_force_limit,5,84,0.714286,0.566396,0.155433,0.064364,0.499456,0.224936,0.073440,minus_counterfactual_rejection,incompatible retrieved episodes are not rejected
combined_stress,source_matched,twist_lid_with_force_limit,6,84,0.702381,0.567268,0.156081,0.065074,0.500402,0.225523,0.073872,minus_counterfactual_rejection,incompatible retrieved episodes are not rejected
combined_stress,friction_mismatch,drawer_pull_with_stiction,0,84,0.666667,0.561627,0.166066,0.078070,0.525817,0.225546,0.073860,minus_counterfactual_rejection,incompatible retrieved episodes are not rejected
combined_stress,friction_mismatch,drawer_pull_with_stiction,1,84,0.726190,0.562515,0.166726,0.077361,0.526781,0.225140,0.074300,minus_counterfactual_rejection,incompatible retrieved episodes are not rejected
combined_stress,friction_mismatch,drawer_pull_with_stiction,2,84,0.642857,0.563403,0.167386,0.079509,0.527744,0.226735,0.074740,minus_counterfactual_rejection,incompatible retrieved episodes are not rejected
combined_stress,friction_mismatch,drawer_pull_with_stiction,3,84,0.642857,0.548283,0.168046,0.071986,0.528708,0.227163,0.075180,minus_counterfactual_rejection,incompatible retrieved episodes are not rejected
combined_stress,friction_mismatch,drawer_pull_with_stiction,4,84,0.654762,0.549171,0.168706,0.072230,0.529671,0.227424,0.075620,minus_counterfactual_rejection,incompatible retrieved episodes are not rejected
combined_stress,friction_mismatch,drawer_pull_with_stiction,5,84,0.750000,0.550059,0.169366,0.070806,0.530635,0.226519,0.076060,minus_counterfactual_rejection,incompatible retrieved episodes are not rejected
combined_stress,friction_mismatch,drawer_pull_with_stiction,6,84,0.571429,0.550947,0.170026,0.074859,0.531599,0.229447,0.076500,minus_counterfactual_rejection,incompatible retrieved episodes are not rejected
combined_stress,friction_mismatch,peg_insert_contact_search,0,84,0.583333,0.549068,0.168561,0.074203,0.505042,0.229093,0.076273,minus_counterfactual_rejection,incompatible retrieved episodes are not rejected
combined_stress,friction_mismatch,peg_insert_contact_search,1,84,0.678571,0.549956,0.169221,0.072780,0.506005,0.228188,0.076712,minus_counterfactual_rejection,incompatible retrieved episodes are not rejected
combined_stress,friction_mismatch,peg_insert_contact_search,2,84,0.702381,0.550844,0.169881,0.072785,0.506969,0.220279,0.077152,minus_counterfactual_rejection,incompatible retrieved episodes are not rejected
combined_stress,friction_mismatch,peg_insert_contact_search,3,84,0.642857,0.551732,0.170541,0.074457,0.507933,0.221540,0.077592,minus_counterfactual_rejection,incompatible retrieved episodes are not rejected
combined_stress,friction_mismatch,peg_insert_contact_search,4,84,0.630952,0.552620,0.171201,0.075177,0.508896,0.222135,0.078032,minus_counterfactual_rejection,incompatible retrieved episodes are not rejected
combined_stress,friction_mismatch,peg_insert_contact_search,5,84,0.559524,0.553508,0.171861,0.077087,0.509860,0.223563,0.078472,minus_counterfactual_rejection,incompatible retrieved episodes are not rejected
combined_stress,friction_mismatch,peg_insert_contact_search,6,84,0.511905,0.554396,0.172521,0.078521,0.510823,0.224657,0.070908,minus_counterfactual_rejection,incompatible retrieved episodes are not rejected
combined_stress,friction_mismatch,cable_route_around_hook,0,84,0.595238,0.559384,0.166841,0.073860,0.535786,0.222171,0.077532,minus_counterfactual_rejection,incompatible retrieved episodes are not rejected
combined_stress,friction_mismatch,cable_route_around_hook,1,84,0.583333,0.560256,0.167489,0.074571,0.536732,0.222758,0.077964,minus_counterfactual_rejection,incompatible retrieved episodes are not rejected
combined_stress,friction_mismatch,cable_route_around_hook,2,84,0.702381,0.561128,0.168137,0.072663,0.537678,0.221511,0.078395,minus_counterfactual_rejection,incompatible retrieved episodes are not rejected
combined_stress,friction_mismatch,cable_route_around_hook,3,84,0.535714,0.562000,0.168785,0.076469,0.538624,0.224264,0.078827,minus_counterfactual_rejection,incompatible retrieved episodes are not rejected
combined_stress,friction_mismatch,cable_route_around_hook,4,84,0.642857,0.562872,0.169433,0.074798,0.539570,0.223184,0.071255,minus_counterfactual_rejection,incompatible retrieved episodes are not rejected
combined_stress,friction_mismatch,cable_route_around_hook,5,84,0.607143,0.547736,0.170081,0.075985,0.540516,0.224104,0.071686,minus_counterfactual_rejection,incompatible retrieved episodes are not rejected
combined_stress,friction_mismatch,cable_route_around_hook,6,84,0.583333,0.548608,0.170729,0.076934,0.541462,0.224858,0.072118,minus_counterfactual_rejection,incompatible retrieved episodes are not rejected
combined_stress,friction_mismatch,cloth_slide_over_edge,0,84,0.642857,0.554337,0.164103,0.072831,0.527224,0.222449,0.078417,minus_counterfactual_rejection,incompatible retrieved episodes are not rejected
combined_stress,friction_mismatch,cloth_slide_over_edge,1,84,0.630952,0.555193,0.164739,0.073532,0.528153,0.223028,0.078841,minus_counterfactual_rejection,incompatible retrieved episodes are not rejected
combined_stress,friction_mismatch,cloth_slide_over_edge,2,84,0.607143,0.556049,0.165375,0.074472,0.529082,0.223773,0.071260,minus_counterfactual_rejection,incompatible retrieved episodes are not rejected
combined_stress,friction_mismatch,cloth_slide_over_edge,3,84,0.559524,0.556905,0.166011,0.075888,0.530010,0.224852,0.071683,minus_counterfactual_rejection,incompatible retrieved episodes are not rejected
combined_stress,friction_mismatch,cloth_slide_over_edge,4,84,0.559524,0.557761,0.166647,0.076352,0.530939,0.225264,0.072107,minus_counterfactual_rejection,incompatible retrieved episodes are not rejected
combined_stress,friction_mismatch,cloth_slide_over_edge,5,84,0.595238,0.558617,0.167283,0.076101,0.531867,0.225176,0.072530,minus_counterfactual_rejection,incompatible retrieved episodes are not rejected
combined_stress,friction_mismatch,cloth_slide_over_edge,6,84,0.702381,0.559473,0.167919,0.074422,0.532796,0.224088,0.072954,minus_counterfactual_rejection,incompatible retrieved episodes are not rejected
combined_stress,friction_mismatch,twist_lid_with_force_limit,0,84,0.654762,0.553607,0.171405,0.073672,0.503830,0.228305,0.076544,minus_counterfactual_rejection,incompatible retrieved episodes are not rejected
combined_stress,friction_mismatch,twist_lid_with_force_limit,1,84,0.678571,0.554503,0.172071,0.073682,0.504802,0.228403,0.076988,minus_counterfactual_rejection,incompatible retrieved episodes are not rejected
combined_stress,friction_mismatch,twist_lid_with_force_limit,2,84,0.642857,0.555399,0.172737,0.074882,0.505775,0.221331,0.077432,minus_counterfactual_rejection,incompatible retrieved episodes are not rejected
combined_stress,friction_mismatch,twist_lid_with_force_limit,3,84,0.607143,0.556295,0.173403,0.076082,0.506747,0.222263,0.077876,minus_counterfactual_rejection,incompatible retrieved episodes are not rejected
combined_stress,friction_mismatch,twist_lid_with_force_limit,4,84,0.654762,0.557191,0.174069,0.075616,0.507719,0.222029,0.078320,minus_counterfactual_rejection,incompatible retrieved episodes are not rejected
combined_stress,friction_mismatch,twist_lid_with_force_limit,5,84,0.654762,0.558087,0.174735,0.076102,0.490683,0.222461,0.078764,minus_counterfactual_rejection,incompatible retrieved episodes are not rejected
combined_stress,friction_mismatch,twist_lid_with_force_limit,6,84,0.642857,0.558983,0.175401,0.076826,0.491655,0.223059,0.071204,minus_counterfactual_rejection,incompatible retrieved episodes are not rejected
combined_stress,support_topology_shift,drawer_pull_with_stiction,0,84,0.642857,0.552046,0.175009,0.080097,0.529521,0.222238,0.078509,minus_counterfactual_rejection,incompatible retrieved episodes are not rejected
combined_stress,support_topology_shift,drawer_pull_with_stiction,1,84,0.690476,0.552974,0.175699,0.079648,0.530529,0.222019,0.078970,minus_counterfactual_rejection,incompatible retrieved episodes are not rejected
combined_stress,support_topology_shift,drawer_pull_with_stiction,2,84,0.666667,0.553902,0.176389,0.080628,0.531536,0.222801,0.079430,minus_counterfactual_rejection,incompatible retrieved episodes are not rejected
combined_stress,support_topology_shift,drawer_pull_with_stiction,3,84,0.642857,0.554830,0.177079,0.081608,0.532543,0.223582,0.079891,minus_counterfactual_rejection,incompatible retrieved episodes are not rejected
combined_stress,support_topology_shift,drawer_pull_with_stiction,4,84,0.595238,0.555758,0.177769,0.083064,0.533551,0.224697,0.072347,minus_counterfactual_rejection,incompatible retrieved episodes are not rejected
combined_stress,support_topology_shift,drawer_pull_with_stiction,5,84,0.702381,0.556686,0.178459,0.081425,0.534558,0.223645,0.072807,minus_counterfactual_rejection,incompatible retrieved episodes are not rejected
combined_stress,support_topology_shift,drawer_pull_with_stiction,6,84,0.642857,0.557614,0.179149,0.083119,0.535566,0.224926,0.073268,minus_counterfactual_rejection,incompatible retrieved episodes are not rejected
combined_stress,support_topology_shift,peg_insert_contact_search,0,84,0.511905,0.553255,0.175825,0.083941,0.506293,0.225333,0.079771,minus_counterfactual_rejection,incompatible retrieved episodes are not rejected
combined_stress,support_topology_shift,peg_insert_contact_search,1,84,0.642857,0.554183,0.176515,0.081825,0.507301,0.223947,0.072228,minus_counterfactual_rejection,incompatible retrieved episodes are not rejected
combined_stress,support_topology_shift,peg_insert_contact_search,2,84,0.607143,0.555111,0.177205,0.083043,0.508308,0.224895,0.072688,minus_counterfactual_rejection,incompatible retrieved episodes are not rejected
combined_stress,support_topology_shift,peg_insert_contact_search,3,84,0.559524,0.556039,0.177895,0.084500,0.509315,0.226010,0.073149,minus_counterfactual_rejection,incompatible retrieved episodes are not rejected
combined_stress,support_topology_shift,peg_insert_contact_search,4,84,0.511905,0.556967,0.178585,0.085956,0.510323,0.227125,0.073609,minus_counterfactual_rejection,incompatible retrieved episodes are not rejected
combined_stress,support_topology_shift,peg_insert_contact_search,5,84,0.690476,0.557895,0.179275,0.074884,0.493321,0.225073,0.074069,minus_counterfactual_rejection,incompatible retrieved episodes are not rejected
combined_stress,support_topology_shift,peg_insert_contact_search,6,84,0.559524,0.558823,0.179965,0.078007,0.494329,0.227354,0.074530,minus_counterfactual_rejection,incompatible retrieved episodes are not rejected
combined_stress,support_topology_shift,cable_route_around_hook,0,84,0.571429,0.555132,0.179780,0.078851,0.545324,0.229532,0.076913,minus_counterfactual_rejection,incompatible retrieved episodes are not rejected
combined_stress,support_topology_shift,cable_route_around_hook,1,84,0.535714,0.556044,0.180458,0.080060,0.528305,0.230472,0.077365,minus_counterfactual_rejection,incompatible retrieved episodes are not rejected
combined_stress,support_topology_shift,cable_route_around_hook,2,84,0.642857,0.556956,0.181136,0.078412,0.529295,0.229412,0.077817,minus_counterfactual_rejection,incompatible retrieved episodes are not rejected
combined_stress,support_topology_shift,cable_route_around_hook,3,84,0.583333,0.557868,0.169808,0.079197,0.530765,0.230685,0.078053,minus_counterfactual_rejection,incompatible retrieved episodes are not rejected
combined_stress,support_topology_shift,cable_route_around_hook,4,84,0.523810,0.558780,0.170486,0.080882,0.531755,0.231958,0.078506,minus_counterfactual_rejection,incompatible retrieved episodes are not rejected
combined_stress,support_topology_shift,cable_route_around_hook,5,84,0.595238,0.543684,0.171164,0.079949,0.532745,0.223394,0.078958,minus_counterfactual_rejection,incompatible retrieved episodes are not rejected
combined_stress,support_topology_shift,cable_route_around_hook,6,84,0.619048,0.544596,0.171842,0.079967,0.533735,0.223501,0.079410,minus_counterfactual_rejection,incompatible retrieved episodes are not rejected
combined_stress,support_topology_shift,cloth_slide_over_edge,0,84,0.678571,0.556972,0.170202,0.079562,0.526777,0.224416,0.073115,minus_counterfactual_rejection,incompatible retrieved episodes are not rejected
combined_stress,support_topology_shift,cloth_slide_over_edge,1,84,0.607143,0.557868,0.170868,0.081476,0.527749,0.225848,0.073559,minus_counterfactual_rejection,incompatible retrieved episodes are not rejected
combined_stress,support_topology_shift,cloth_slide_over_edge,2,84,0.595238,0.558764,0.171534,0.082200,0.528721,0.226447,0.074003,minus_counterfactual_rejection,incompatible retrieved episodes are not rejected
combined_stress,support_topology_shift,cloth_slide_over_edge,3,84,0.583333,0.543652,0.172200,0.082924,0.529694,0.227046,0.074447,minus_counterfactual_rejection,incompatible retrieved episodes are not rejected
combined_stress,support_topology_shift,cloth_slide_over_edge,4,84,0.583333,0.544548,0.172866,0.083410,0.530666,0.227478,0.074891,minus_counterfactual_rejection,incompatible retrieved episodes are not rejected
combined_stress,support_topology_shift,cloth_slide_over_edge,5,84,0.571429,0.545444,0.173532,0.084134,0.531638,0.228076,0.075335,minus_counterfactual_rejection,incompatible retrieved episodes are not rejected
combined_stress,support_topology_shift,cloth_slide_over_edge,6,84,0.571429,0.546340,0.174198,0.084620,0.532611,0.228508,0.075779,minus_counterfactual_rejection,incompatible retrieved episodes are not rejected
combined_stress,support_topology_shift,twist_lid_with_force_limit,0,84,0.559524,0.547307,0.170802,0.078052,0.493597,0.227637,0.074657,minus_counterfactual_rejection,incompatible retrieved episodes are not rejected
combined_stress,support_topology_shift,twist_lid_with_force_limit,1,84,0.678571,0.548243,0.171498,0.076179,0.494613,0.226423,0.075121,minus_counterfactual_rejection,incompatible retrieved episodes are not rejected
combined_stress,support_topology_shift,twist_lid_with_force_limit,2,84,0.547619,0.549179,0.172194,0.079306,0.495629,0.228708,0.075586,minus_counterfactual_rejection,incompatible retrieved episodes are not rejected
combined_stress,support_topology_shift,twist_lid_with_force_limit,3,84,0.678571,0.550115,0.172890,0.077195,0.496646,0.227327,0.076050,minus_counterfactual_rejection,incompatible retrieved episodes are not rejected
combined_stress,support_topology_shift,twist_lid_with_force_limit,4,84,0.571429,0.551051,0.173586,0.079846,0.497662,0.229279,0.076515,minus_counterfactual_rejection,incompatible retrieved episodes are not rejected
combined_stress,support_topology_shift,twist_lid_with_force_limit,5,84,0.595238,0.551987,0.174282,0.079878,0.498678,0.229397,0.076979,minus_counterfactual_rejection,incompatible retrieved episodes are not rejected
combined_stress,support_topology_shift,twist_lid_with_force_limit,6,84,0.678571,0.552923,0.174978,0.078720,0.499694,0.228683,0.077444,minus_counterfactual_rejection,incompatible retrieved episodes are not rejected
combined_stress,compliance_shift,drawer_pull_with_stiction,0,84,0.785714,0.550928,0.180969,0.078930,0.535121,0.224580,0.075017,minus_counterfactual_rejection,incompatible retrieved episodes are not rejected
combined_stress,compliance_shift,drawer_pull_with_stiction,1,84,0.559524,0.551808,0.181623,0.083931,0.518067,0.228170,0.075452,minus_counterfactual_rejection,incompatible retrieved episodes are not rejected
combined_stress,compliance_shift,drawer_pull_with_stiction,2,84,0.702381,0.552688,0.170271,0.080651,0.519502,0.226594,0.075672,minus_counterfactual_rejection,incompatible retrieved episodes are not rejected
combined_stress,compliance_shift,drawer_pull_with_stiction,3,84,0.595238,0.553568,0.170925,0.083271,0.520457,0.228518,0.076108,minus_counterfactual_rejection,incompatible retrieved episodes are not rejected
combined_stress,compliance_shift,drawer_pull_with_stiction,4,84,0.654762,0.554448,0.171579,0.082557,0.521411,0.228109,0.076544,minus_counterfactual_rejection,incompatible retrieved episodes are not rejected
combined_stress,compliance_shift,drawer_pull_with_stiction,5,84,0.535714,0.555328,0.172233,0.085415,0.522366,0.230200,0.076979,minus_counterfactual_rejection,incompatible retrieved episodes are not rejected
combined_stress,compliance_shift,drawer_pull_with_stiction,6,84,0.630952,0.556208,0.172887,0.075983,0.523321,0.229290,0.077415,minus_counterfactual_rejection,incompatible retrieved episodes are not rejected
combined_stress,compliance_shift,peg_insert_contact_search,0,84,0.535714,0.554825,0.171794,0.085750,0.497307,0.230685,0.077443,minus_counterfactual_rejection,incompatible retrieved episodes are not rejected
combined_stress,compliance_shift,peg_insert_contact_search,1,84,0.607143,0.555705,0.172448,0.076795,0.498262,0.230109,0.077878,minus_counterfactual_rejection,incompatible retrieved episodes are not rejected
combined_stress,compliance_shift,peg_insert_contact_search,2,84,0.595238,0.556585,0.173102,0.077510,0.499217,0.230700,0.078314,minus_counterfactual_rejection,incompatible retrieved episodes are not rejected
combined_stress,compliance_shift,peg_insert_contact_search,3,84,0.642857,0.557465,0.173756,0.077035,0.500172,0.230457,0.078750,minus_counterfactual_rejection,incompatible retrieved episodes are not rejected
combined_stress,compliance_shift,peg_insert_contact_search,4,84,0.535714,0.558345,0.174410,0.079654,0.501127,0.224377,0.079186,minus_counterfactual_rejection,incompatible retrieved episodes are not rejected
combined_stress,compliance_shift,peg_insert_contact_search,5,84,0.630952,0.543217,0.175064,0.078227,0.502082,0.223468,0.079622,minus_counterfactual_rejection,incompatible retrieved episodes are not rejected
combined_stress,compliance_shift,peg_insert_contact_search,6,84,0.678571,0.544097,0.175718,0.077751,0.503036,0.223225,0.080057,minus_counterfactual_rejection,incompatible retrieved episodes are not rejected
combined_stress,compliance_shift,cable_route_around_hook,0,84,0.559524,0.550821,0.171340,0.078104,0.529900,0.224440,0.079569,minus_counterfactual_rejection,incompatible retrieved episodes are not rejected
combined_stress,compliance_shift,cable_route_around_hook,1,84,0.547619,0.551685,0.171982,0.078810,0.530837,0.225022,0.079996,minus_counterfactual_rejection,incompatible retrieved episodes are not rejected
combined_stress,compliance_shift,cable_route_around_hook,2,84,0.571429,0.552549,0.172624,0.078802,0.531774,0.225105,0.080424,minus_counterfactual_rejection,incompatible retrieved episodes are not rejected
combined_stress,compliance_shift,cable_route_around_hook,3,84,0.607143,0.553413,0.173266,0.078556,0.532712,0.225021,0.080852,minus_counterfactual_rejection,incompatible retrieved episodes are not rejected
combined_stress,compliance_shift,cable_route_around_hook,4,84,0.583333,0.554277,0.173908,0.079500,0.533649,0.225770,0.073275,minus_counterfactual_rejection,incompatible retrieved episodes are not rejected
combined_stress,compliance_shift,cable_route_around_hook,5,84,0.583333,0.555141,0.174550,0.079969,0.534586,0.226186,0.073703,minus_counterfactual_rejection,incompatible retrieved episodes are not rejected
combined_stress,compliance_shift,cable_route_around_hook,6,84,0.654762,0.556005,0.175192,0.079008,0.535524,0.225602,0.074130,minus_counterfactual_rejection,incompatible retrieved episodes are not rejected
combined_stress,compliance_shift,cloth_slide_over_edge,0,84,0.583333,0.547598,0.181976,0.079466,0.522856,0.225963,0.073603,minus_counterfactual_rejection,incompatible retrieved episodes are not rejected
combined_stress,compliance_shift,cloth_slide_over_edge,1,84,0.523810,0.548446,0.170600,0.080215,0.524256,0.227205,0.073806,minus_counterfactual_rejection,incompatible retrieved episodes are not rejected
combined_stress,compliance_shift,cloth_slide_over_edge,2,84,0.488095,0.549294,0.171230,0.081388,0.525175,0.228113,0.074225,minus_counterfactual_rejection,incompatible retrieved episodes are not rejected
combined_stress,compliance_shift,cloth_slide_over_edge,3,84,0.583333,0.550142,0.171860,0.079943,0.526095,0.227187,0.074645,minus_counterfactual_rejection,incompatible retrieved episodes are not rejected
combined_stress,compliance_shift,cloth_slide_over_edge,4,84,0.654762,0.550990,0.172490,0.078974,0.527015,0.226595,0.075064,minus_counterfactual_rejection,incompatible retrieved episodes are not rejected
combined_stress,compliance_shift,cloth_slide_over_edge,5,84,0.642857,0.551838,0.173120,0.079671,0.527935,0.227170,0.075483,minus_counterfactual_rejection,incompatible retrieved episodes are not rejected
combined_stress,compliance_shift,cloth_slide_over_edge,6,84,0.571429,0.552686,0.173750,0.081559,0.528855,0.228578,0.075903,minus_counterfactual_rejection,incompatible retrieved episodes are not rejected
combined_stress,compliance_shift,twist_lid_with_force_limit,0,84,0.595238,0.558260,0.173810,0.076839,0.494887,0.229511,0.077147,minus_counterfactual_rejection,incompatible retrieved episodes are not rejected
combined_stress,compliance_shift,twist_lid_with_force_limit,1,84,0.714286,0.543140,0.174470,0.074940,0.495850,0.228272,0.077587,minus_counterfactual_rejection,incompatible retrieved episodes are not rejected
combined_stress,compliance_shift,twist_lid_with_force_limit,2,84,0.559524,0.544028,0.175130,0.078516,0.496814,0.230867,0.078027,minus_counterfactual_rejection,incompatible retrieved episodes are not rejected
combined_stress,compliance_shift,twist_lid_with_force_limit,3,84,0.654762,0.544916,0.175790,0.077093,0.497778,0.229961,0.078467,minus_counterfactual_rejection,incompatible retrieved episodes are not rejected
combined_stress,compliance_shift,twist_lid_with_force_limit,4,84,0.547619,0.545804,0.176450,0.079717,0.498741,0.231889,0.078906,minus_counterfactual_rejection,incompatible retrieved episodes are not rejected
combined_stress,compliance_shift,twist_lid_with_force_limit,5,84,0.595238,0.546692,0.177110,0.079246,0.499705,0.223647,0.079346,minus_counterfactual_rejection,incompatible retrieved episodes are not rejected
combined_stress,compliance_shift,twist_lid_with_force_limit,6,84,0.607143,0.547580,0.177770,0.079490,0.500668,0.223908,0.079786,minus_counterfactual_rejection,incompatible retrieved episodes are not rejected
combined_stress,occluded_contact_shift,drawer_pull_with_stiction,0,84,0.642857,0.550774,0.183933,0.087162,0.531384,0.226866,0.075450,minus_counterfactual_rejection,incompatible retrieved episodes are not rejected
combined_stress,occluded_contact_shift,drawer_pull_with_stiction,1,84,0.619048,0.551702,0.184623,0.088142,0.532392,0.227647,0.075910,minus_counterfactual_rejection,incompatible retrieved episodes are not rejected
combined_stress,occluded_contact_shift,drawer_pull_with_stiction,2,84,0.666667,0.552630,0.185313,0.079689,0.533399,0.227429,0.076371,minus_counterfactual_rejection,incompatible retrieved episodes are not rejected
combined_stress,occluded_contact_shift,drawer_pull_with_stiction,3,84,0.630952,0.553558,0.186003,0.080907,0.516397,0.228377,0.076831,minus_counterfactual_rejection,incompatible retrieved episodes are not rejected
combined_stress,occluded_contact_shift,drawer_pull_with_stiction,4,84,0.630952,0.554486,0.186693,0.081411,0.517405,0.228825,0.077292,minus_counterfactual_rejection,incompatible retrieved episodes are not rejected
combined_stress,occluded_contact_shift,drawer_pull_with_stiction,5,84,0.642857,0.555414,0.175377,0.080776,0.518893,0.229106,0.077536,minus_counterfactual_rejection,incompatible retrieved episodes are not rejected
combined_stress,occluded_contact_shift,drawer_pull_with_stiction,6,84,0.630952,0.540334,0.176067,0.081518,0.519900,0.229721,0.077996,minus_counterfactual_rejection,incompatible retrieved episodes are not rejected
combined_stress,occluded_contact_shift,peg_insert_contact_search,0,84,0.535714,0.551983,0.184749,0.082526,0.508156,0.229627,0.076712,minus_counterfactual_rejection,incompatible retrieved episodes are not rejected
combined_stress,occluded_contact_shift,peg_insert_contact_search,1,84,0.559524,0.552911,0.185439,0.082553,0.491155,0.229742,0.077172,minus_counterfactual_rejection,incompatible retrieved episodes are not rejected
combined_stress,occluded_contact_shift,peg_insert_contact_search,2,84,0.452381,0.553839,0.186129,0.085200,0.492162,0.231690,0.077633,minus_counterfactual_rejection,incompatible retrieved episodes are not rejected
combined_stress,occluded_contact_shift,peg_insert_contact_search,3,84,0.583333,0.554767,0.174813,0.082184,0.493650,0.230305,0.077877,minus_counterfactual_rejection,incompatible retrieved episodes are not rejected
combined_stress,occluded_contact_shift,peg_insert_contact_search,4,84,0.571429,0.555695,0.175503,0.082926,0.494657,0.230919,0.078337,minus_counterfactual_rejection,incompatible retrieved episodes are not rejected
combined_stress,occluded_contact_shift,peg_insert_contact_search,5,84,0.666667,0.540615,0.176193,0.081525,0.495664,0.230034,0.078798,minus_counterfactual_rejection,incompatible retrieved episodes are not rejected
combined_stress,occluded_contact_shift,peg_insert_contact_search,6,84,0.607143,0.541543,0.176883,0.083219,0.496672,0.231315,0.079258,minus_counterfactual_rejection,incompatible retrieved episodes are not rejected
combined_stress,occluded_contact_shift,cable_route_around_hook,0,84,0.559524,0.553860,0.176698,0.085254,0.529658,0.226322,0.081641,minus_counterfactual_rejection,incompatible retrieved episodes are not rejected
combined_stress,occluded_contact_shift,cable_route_around_hook,1,84,0.547619,0.554772,0.177376,0.085987,0.530648,0.226929,0.074090,minus_counterfactual_rejection,incompatible retrieved episodes are not rejected
combined_stress,occluded_contact_shift,cable_route_around_hook,2,84,0.523810,0.539676,0.178054,0.086958,0.531638,0.227702,0.074542,minus_counterfactual_rejection,incompatible retrieved episodes are not rejected
combined_stress,occluded_contact_shift,cable_route_around_hook,3,84,0.523810,0.540588,0.178732,0.087453,0.532628,0.228142,0.074994,minus_counterfactual_rejection,incompatible retrieved episodes are not rejected
combined_stress,occluded_contact_shift,cable_route_around_hook,4,84,0.571429,0.541500,0.179410,0.086995,0.533618,0.227916,0.075446,minus_counterfactual_rejection,incompatible retrieved episodes are not rejected
combined_stress,occluded_contact_shift,cable_route_around_hook,5,84,0.595238,0.542412,0.180088,0.087014,0.534608,0.228022,0.075898,minus_counterfactual_rejection,incompatible retrieved episodes are not rejected
combined_stress,occluded_contact_shift,cable_route_around_hook,6,84,0.523810,0.543324,0.180766,0.088937,0.535598,0.229462,0.076351,minus_counterfactual_rejection,incompatible retrieved episodes are not rejected
combined_stress,occluded_contact_shift,cloth_slide_over_edge,0,84,0.559524,0.539692,0.179126,0.089008,0.528640,0.230711,0.078059,minus_counterfactual_rejection,incompatible retrieved episodes are not rejected
combined_stress,occluded_contact_shift,cloth_slide_over_edge,1,84,0.571429,0.540588,0.179792,0.081252,0.529612,0.230976,0.078503,minus_counterfactual_rejection,incompatible retrieved episodes are not rejected
combined_stress,occluded_contact_shift,cloth_slide_over_edge,2,84,0.583333,0.541484,0.180458,0.081500,0.530584,0.231242,0.078947,minus_counterfactual_rejection,incompatible retrieved episodes are not rejected
combined_stress,occluded_contact_shift,cloth_slide_over_edge,3,84,0.607143,0.542380,0.181124,0.081509,0.531557,0.231340,0.079391,minus_counterfactual_rejection,incompatible retrieved episodes are not rejected
combined_stress,occluded_contact_shift,cloth_slide_over_edge,4,84,0.726190,0.543276,0.181790,0.079614,0.532529,0.230106,0.079835,minus_counterfactual_rejection,incompatible retrieved episodes are not rejected
combined_stress,occluded_contact_shift,cloth_slide_over_edge,5,84,0.642857,0.544172,0.182456,0.081767,0.533501,0.231704,0.080279,minus_counterfactual_rejection,incompatible retrieved episodes are not rejected
combined_stress,occluded_contact_shift,cloth_slide_over_edge,6,84,0.547619,0.545068,0.183122,0.084158,0.534474,0.225466,0.080723,minus_counterfactual_rejection,incompatible retrieved episodes are not rejected
combined_stress,occluded_contact_shift,twist_lid_with_force_limit,0,84,0.666667,0.546035,0.179726,0.082974,0.495460,0.230765,0.079601,minus_counterfactual_rejection,incompatible retrieved episodes are not rejected
combined_stress,occluded_contact_shift,twist_lid_with_force_limit,1,84,0.666667,0.546971,0.180422,0.083482,0.496476,0.223213,0.080066,minus_counterfactual_rejection,incompatible retrieved episodes are not rejected
combined_stress,occluded_contact_shift,twist_lid_with_force_limit,2,84,0.630952,0.547907,0.181118,0.084705,0.497492,0.224165,0.080531,minus_counterfactual_rejection,incompatible retrieved episodes are not rejected
combined_stress,occluded_contact_shift,twist_lid_with_force_limit,3,84,0.571429,0.548843,0.181814,0.086404,0.498509,0.225451,0.080995,minus_counterfactual_rejection,incompatible retrieved episodes are not rejected
combined_stress,occluded_contact_shift,twist_lid_with_force_limit,4,84,0.619048,0.549779,0.182510,0.085959,0.499525,0.225236,0.081460,minus_counterfactual_rejection,incompatible retrieved episodes are not rejected
combined_stress,occluded_contact_shift,twist_lid_with_force_limit,5,84,0.559524,0.550715,0.183206,0.087658,0.500541,0.226521,0.073920,minus_counterfactual_rejection,incompatible retrieved episodes are not rejected
combined_stress,occluded_contact_shift,twist_lid_with_force_limit,6,84,0.571429,0.551651,0.183902,0.087928,0.501557,0.226807,0.074385,minus_counterfactual_rejection,incompatible retrieved episodes are not rejected
combined_stress,actuator_lag_shift,drawer_pull_with_stiction,0,84,0.642857,0.543516,0.185280,0.082775,0.527910,0.231656,0.080358,minus_counterfactual_rejection,incompatible retrieved episodes are not rejected
combined_stress,actuator_lag_shift,drawer_pull_with_stiction,1,84,0.595238,0.544412,0.185946,0.084213,0.528883,0.232755,0.080802,minus_counterfactual_rejection,incompatible retrieved episodes are not rejected
combined_stress,actuator_lag_shift,drawer_pull_with_stiction,2,84,0.607143,0.545308,0.186612,0.084461,0.529855,0.225016,0.081246,minus_counterfactual_rejection,incompatible retrieved episodes are not rejected
combined_stress,actuator_lag_shift,drawer_pull_with_stiction,3,84,0.690476,0.546204,0.187278,0.083280,0.530827,0.224282,0.081690,minus_counterfactual_rejection,incompatible retrieved episodes are not rejected
combined_stress,actuator_lag_shift,drawer_pull_with_stiction,4,84,0.642857,0.547100,0.187944,0.084719,0.531800,0.225380,0.082134,minus_counterfactual_rejection,incompatible retrieved episodes are not rejected
combined_stress,actuator_lag_shift,drawer_pull_with_stiction,5,84,0.607143,0.547996,0.188610,0.085919,0.514763,0.226312,0.082578,minus_counterfactual_rejection,incompatible retrieved episodes are not rejected
combined_stress,actuator_lag_shift,drawer_pull_with_stiction,6,84,0.642857,0.548892,0.189276,0.085691,0.515736,0.226244,0.075018,minus_counterfactual_rejection,incompatible retrieved episodes are not rejected
combined_stress,actuator_lag_shift,peg_insert_contact_search,0,84,0.559524,0.546518,0.187439,0.086663,0.506645,0.226976,0.082540,minus_counterfactual_rejection,incompatible retrieved episodes are not rejected
combined_stress,actuator_lag_shift,peg_insert_contact_search,1,84,0.583333,0.547414,0.188105,0.086673,0.489608,0.227075,0.074980,minus_counterfactual_rejection,incompatible retrieved episodes are not rejected
combined_stress,actuator_lag_shift,peg_insert_contact_search,2,84,0.559524,0.548310,0.188771,0.087635,0.490580,0.227840,0.075424,minus_counterfactual_rejection,incompatible retrieved episodes are not rejected
combined_stress,actuator_lag_shift,peg_insert_contact_search,3,84,0.607143,0.549206,0.177431,0.086268,0.492033,0.227606,0.075652,minus_counterfactual_rejection,incompatible retrieved episodes are not rejected
combined_stress,actuator_lag_shift,peg_insert_contact_search,4,84,0.595238,0.550102,0.178097,0.086993,0.493005,0.228204,0.076096,minus_counterfactual_rejection,incompatible retrieved episodes are not rejected
combined_stress,actuator_lag_shift,peg_insert_contact_search,5,84,0.500000,0.550998,0.178763,0.089383,0.493978,0.229970,0.076540,minus_counterfactual_rejection,incompatible retrieved episodes are not rejected
combined_stress,actuator_lag_shift,peg_insert_contact_search,6,84,0.690476,0.551894,0.179429,0.086060,0.494950,0.227735,0.076984,minus_counterfactual_rejection,incompatible retrieved episodes are not rejected
combined_stress,actuator_lag_shift,cable_route_around_hook,0,84,0.488095,0.539138,0.184453,0.087048,0.535540,0.228381,0.082933,minus_counterfactual_rejection,incompatible retrieved episodes are not rejected
combined_stress,actuator_lag_shift,cable_route_around_hook,1,84,0.571429,0.540018,0.185107,0.085858,0.536495,0.227638,0.075365,minus_counterfactual_rejection,incompatible retrieved episodes are not rejected
combined_stress,actuator_lag_shift,cable_route_around_hook,2,84,0.642857,0.540898,0.185761,0.084907,0.537450,0.227062,0.075800,minus_counterfactual_rejection,incompatible retrieved episodes are not rejected
combined_stress,actuator_lag_shift,cable_route_around_hook,3,84,0.619048,0.541778,0.186415,0.085860,0.538405,0.227819,0.076236,minus_counterfactual_rejection,incompatible retrieved episodes are not rejected
combined_stress,actuator_lag_shift,cable_route_around_hook,4,84,0.535714,0.542658,0.187069,0.088004,0.539360,0.229410,0.076672,minus_counterfactual_rejection,incompatible retrieved episodes are not rejected
combined_stress,actuator_lag_shift,cable_route_around_hook,5,84,0.559524,0.543538,0.187723,0.088005,0.540314,0.229501,0.077108,minus_counterfactual_rejection,incompatible retrieved episodes are not rejected
combined_stress,actuator_lag_shift,cable_route_around_hook,6,84,0.630952,0.544418,0.188377,0.087053,0.541269,0.228925,0.077544,minus_counterfactual_rejection,incompatible retrieved episodes are not rejected
combined_stress,actuator_lag_shift,cloth_slide_over_edge,0,84,0.559524,0.548275,0.180347,0.084528,0.524982,0.227414,0.082881,minus_counterfactual_rejection,incompatible retrieved episodes are not rejected
combined_stress,actuator_lag_shift,cloth_slide_over_edge,1,84,0.488095,0.549139,0.180989,0.086424,0.525919,0.228830,0.075305,minus_counterfactual_rejection,incompatible retrieved episodes are not rejected
combined_stress,actuator_lag_shift,cloth_slide_over_edge,2,84,0.583333,0.550003,0.181631,0.084988,0.526856,0.227912,0.075733,minus_counterfactual_rejection,incompatible retrieved episodes are not rejected
combined_stress,actuator_lag_shift,cloth_slide_over_edge,3,84,0.607143,0.550867,0.182273,0.084980,0.527794,0.227995,0.076160,minus_counterfactual_rejection,incompatible retrieved episodes are not rejected
combined_stress,actuator_lag_shift,cloth_slide_over_edge,4,84,0.583333,0.551731,0.182915,0.085924,0.528731,0.228744,0.076588,minus_counterfactual_rejection,incompatible retrieved episodes are not rejected
combined_stress,actuator_lag_shift,cloth_slide_over_edge,5,84,0.547619,0.552595,0.183557,0.087106,0.529668,0.229660,0.077015,minus_counterfactual_rejection,incompatible retrieved episodes are not rejected
combined_stress,actuator_lag_shift,cloth_slide_over_edge,6,84,0.642857,0.537451,0.184199,0.085670,0.530606,0.228743,0.077443,minus_counterfactual_rejection,incompatible retrieved episodes are not rejected
combined_stress,actuator_lag_shift,twist_lid_with_force_limit,0,84,0.619048,0.552161,0.179105,0.086084,0.489113,0.226906,0.075158,minus_counterfactual_rejection,incompatible retrieved episodes are not rejected
combined_stress,actuator_lag_shift,twist_lid_with_force_limit,1,84,0.642857,0.553065,0.179777,0.086098,0.490094,0.227009,0.075606,minus_counterfactual_rejection,incompatible retrieved episodes are not rejected
combined_stress,actuator_lag_shift,twist_lid_with_force_limit,2,84,0.654762,0.537961,0.180449,0.086350,0.491075,0.227278,0.076054,minus_counterfactual_rejection,incompatible retrieved episodes are not rejected
combined_stress,actuator_lag_shift,twist_lid_with_force_limit,3,84,0.559524,0.538865,0.181121,0.088746,0.492056,0.229048,0.076503,minus_counterfactual_rejection,incompatible retrieved episodes are not rejected
combined_stress,actuator_lag_shift,twist_lid_with_force_limit,4,84,0.642857,0.539769,0.181793,0.087569,0.493037,0.228317,0.076951,minus_counterfactual_rejection,incompatible retrieved episodes are not rejected
combined_stress,actuator_lag_shift,twist_lid_with_force_limit,5,84,0.654762,0.540673,0.182465,0.087822,0.494019,0.228586,0.077399,minus_counterfactual_rejection,incompatible retrieved episodes are not rejected
combined_stress,actuator_lag_shift,twist_lid_with_force_limit,6,84,0.702381,0.541577,0.183137,0.087360,0.495000,0.228356,0.077847,minus_counterfactual_rejection,incompatible retrieved episodes are not rejected
combined_stress,compound_mechanism_shift,drawer_pull_with_stiction,0,84,0.547619,0.542614,0.194876,0.094483,0.525028,0.235467,0.083227,minus_counterfactual_rejection,incompatible retrieved episodes are not rejected
combined_stress,compound_mechanism_shift,drawer_pull_with_stiction,1,84,0.666667,0.543558,0.195578,0.092615,0.526052,0.226253,0.083696,minus_counterfactual_rejection,incompatible retrieved episodes are not rejected
combined_stress,compound_mechanism_shift,drawer_pull_with_stiction,2,84,0.642857,0.544502,0.196280,0.093604,0.527077,0.227042,0.084164,minus_counterfactual_rejection,incompatible retrieved episodes are not rejected
combined_stress,compound_mechanism_shift,drawer_pull_with_stiction,3,84,0.535714,0.545446,0.196982,0.096259,0.528102,0.228998,0.084633,minus_counterfactual_rejection,incompatible retrieved episodes are not rejected
combined_stress,compound_mechanism_shift,drawer_pull_with_stiction,4,84,0.547619,0.546390,0.197684,0.096534,0.511118,0.229287,0.085102,minus_counterfactual_rejection,incompatible retrieved episodes are not rejected
combined_stress,compound_mechanism_shift,drawer_pull_with_stiction,5,84,0.595238,0.531326,0.198386,0.096094,0.512143,0.229077,0.077566,minus_counterfactual_rejection,incompatible retrieved episodes are not rejected
combined_stress,compound_mechanism_shift,drawer_pull_with_stiction,6,84,0.595238,0.532270,0.187082,0.095706,0.513648,0.229533,0.077819,minus_counterfactual_rejection,incompatible retrieved episodes are not rejected
combined_stress,compound_mechanism_shift,peg_insert_contact_search,0,84,0.559524,0.542927,0.195019,0.094972,0.500818,0.228110,0.084029,minus_counterfactual_rejection,incompatible retrieved episodes are not rejected
combined_stress,compound_mechanism_shift,peg_insert_contact_search,1,84,0.595238,0.543871,0.195721,0.094770,0.501843,0.228066,0.084497,minus_counterfactual_rejection,incompatible retrieved episodes are not rejected
combined_stress,compound_mechanism_shift,peg_insert_contact_search,2,84,0.523810,0.544815,0.196423,0.096712,0.502868,0.229522,0.084966,minus_counterfactual_rejection,incompatible retrieved episodes are not rejected
combined_stress,compound_mechanism_shift,peg_insert_contact_search,3,84,0.666667,0.545759,0.197125,0.094367,0.503893,0.227978,0.077431,minus_counterfactual_rejection,incompatible retrieved episodes are not rejected
combined_stress,compound_mechanism_shift,peg_insert_contact_search,4,84,0.607143,0.546703,0.197827,0.096070,0.486909,0.229267,0.077899,minus_counterfactual_rejection,incompatible retrieved episodes are not rejected
combined_stress,compound_mechanism_shift,peg_insert_contact_search,5,84,0.571429,0.531639,0.198529,0.097297,0.487934,0.230223,0.078368,minus_counterfactual_rejection,incompatible retrieved episodes are not rejected
combined_stress,compound_mechanism_shift,peg_insert_contact_search,6,84,0.595238,0.532583,0.187225,0.088429,0.489439,0.230346,0.078620,minus_counterfactual_rejection,incompatible retrieved episodes are not rejected
combined_stress,compound_mechanism_shift,cable_route_around_hook,0,84,0.523810,0.541428,0.196443,0.097913,0.536153,0.231954,0.079437,minus_counterfactual_rejection,incompatible retrieved episodes are not rejected
combined_stress,compound_mechanism_shift,cable_route_around_hook,1,84,0.583333,0.542356,0.197133,0.089222,0.537160,0.231569,0.079897,minus_counterfactual_rejection,incompatible retrieved episodes are not rejected
combined_stress,compound_mechanism_shift,cable_route_around_hook,2,84,0.547619,0.543284,0.197823,0.090440,0.538167,0.232517,0.080358,minus_counterfactual_rejection,incompatible retrieved episodes are not rejected
combined_stress,compound_mechanism_shift,cable_route_around_hook,3,84,0.547619,0.544212,0.198513,0.090944,0.521166,0.232965,0.080818,minus_counterfactual_rejection,incompatible retrieved episodes are not rejected
combined_stress,compound_mechanism_shift,cable_route_around_hook,4,84,0.607143,0.545140,0.199203,0.090257,0.522173,0.232580,0.081278,minus_counterfactual_rejection,incompatible retrieved episodes are not rejected
combined_stress,compound_mechanism_shift,cable_route_around_hook,5,84,0.535714,0.546068,0.187887,0.091289,0.523661,0.234028,0.081523,minus_counterfactual_rejection,incompatible retrieved episodes are not rejected
combined_stress,compound_mechanism_shift,cable_route_around_hook,6,84,0.571429,0.530988,0.188577,0.091079,0.524668,0.233976,0.081983,minus_counterfactual_rejection,incompatible retrieved episodes are not rejected
combined_stress,compound_mechanism_shift,cloth_slide_over_edge,0,84,0.583333,0.539620,0.196135,0.090443,0.531139,0.233686,0.081986,minus_counterfactual_rejection,incompatible retrieved episodes are not rejected
combined_stress,compound_mechanism_shift,cloth_slide_over_edge,1,84,0.476190,0.540532,0.196813,0.093081,0.532129,0.235626,0.082438,minus_counterfactual_rejection,incompatible retrieved episodes are not rejected
combined_stress,compound_mechanism_shift,cloth_slide_over_edge,2,84,0.642857,0.541444,0.197491,0.090243,0.533119,0.233732,0.082890,minus_counterfactual_rejection,incompatible retrieved episodes are not rejected
combined_stress,compound_mechanism_shift,cloth_slide_over_edge,3,84,0.547619,0.542356,0.198169,0.092642,0.516100,0.235506,0.083342,minus_counterfactual_rejection,incompatible retrieved episodes are not rejected
combined_stress,compound_mechanism_shift,cloth_slide_over_edge,4,84,0.583333,0.543268,0.198847,0.092423,0.517090,0.227442,0.083794,minus_counterfactual_rejection,incompatible retrieved episodes are not rejected
combined_stress,compound_mechanism_shift,cloth_slide_over_edge,5,84,0.547619,0.544180,0.187519,0.092732,0.518560,0.228382,0.084031,minus_counterfactual_rejection,incompatible retrieved episodes are not rejected
combined_stress,compound_mechanism_shift,cloth_slide_over_edge,6,84,0.500000,0.545092,0.188197,0.094179,0.519550,0.229488,0.084483,minus_counterfactual_rejection,incompatible retrieved episodes are not rejected
combined_stress,compound_mechanism_shift,twist_lid_with_force_limit,0,84,0.654762,0.539187,0.191653,0.089359,0.490540,0.230852,0.080048,minus_counterfactual_rejection,incompatible retrieved episodes are not rejected
combined_stress,compound_mechanism_shift,twist_lid_with_force_limit,1,84,0.583333,0.540139,0.192361,0.091304,0.491574,0.232312,0.080521,minus_counterfactual_rejection,incompatible retrieved episodes are not rejected
combined_stress,compound_mechanism_shift,twist_lid_with_force_limit,2,84,0.607143,0.541091,0.193069,0.091345,0.492607,0.232439,0.080994,minus_counterfactual_rejection,incompatible retrieved episodes are not rejected
combined_stress,compound_mechanism_shift,twist_lid_with_force_limit,3,84,0.571429,0.542043,0.193777,0.092577,0.493641,0.233399,0.081466,minus_counterfactual_rejection,incompatible retrieved episodes are not rejected
combined_stress,compound_mechanism_shift,twist_lid_with_force_limit,4,84,0.583333,0.542995,0.194485,0.092856,0.494675,0.233692,0.081939,minus_counterfactual_rejection,incompatible retrieved episodes are not rejected
combined_stress,compound_mechanism_shift,twist_lid_with_force_limit,5,84,0.535714,0.543947,0.195193,0.094325,0.495708,0.234819,0.082412,minus_counterfactual_rejection,incompatible retrieved episodes are not rejected
combined_stress,compound_mechanism_shift,twist_lid_with_force_limit,6,84,0.511905,0.544899,0.195901,0.095318,0.496742,0.235612,0.082885,minus_counterfactual_rejection,incompatible retrieved episodes are not rejected
combined_stress,source_matched,drawer_pull_with_stiction,0,84,0.654762,0.572560,0.142992,0.069241,0.499032,0.218765,0.073217,minus_recovery_controller,retrieval context cannot trigger recovery
combined_stress,source_matched,drawer_pull_with_stiction,1,84,0.761905,0.573384,0.143604,0.067544,0.499925,0.217661,0.073624,minus_recovery_controller,retrieval context cannot trigger recovery
combined_stress,source_matched,drawer_pull_with_stiction,2,84,0.690476,0.574208,0.144216,0.069419,0.500819,0.211053,0.074031,minus_recovery_controller,retrieval context cannot trigger recovery
combined_stress,source_matched,drawer_pull_with_stiction,3,84,0.750000,0.575032,0.144828,0.068674,0.501712,0.210616,0.074438,minus_recovery_controller,retrieval context cannot trigger recovery
combined_stress,source_matched,drawer_pull_with_stiction,4,84,0.642857,0.575856,0.145440,0.071263,0.502606,0.212512,0.074845,minus_recovery_controller,retrieval context cannot trigger recovery
combined_stress,source_matched,drawer_pull_with_stiction,5,84,0.654762,0.576680,0.146052,0.063467,0.503500,0.212741,0.075252,minus_recovery_controller,retrieval context cannot trigger recovery
combined_stress,source_matched,drawer_pull_with_stiction,6,84,0.714286,0.577504,0.146664,0.062722,0.504393,0.212304,0.067655,minus_recovery_controller,retrieval context cannot trigger recovery
combined_stress,source_matched,peg_insert_contact_search,0,84,0.678571,0.579593,0.148194,0.065227,0.482180,0.214601,0.069466,minus_recovery_controller,retrieval context cannot trigger recovery
combined_stress,source_matched,peg_insert_contact_search,1,84,0.714286,0.564409,0.148806,0.064959,0.483074,0.214497,0.069873,minus_recovery_controller,retrieval context cannot trigger recovery
combined_stress,source_matched,peg_insert_contact_search,2,84,0.607143,0.565233,0.149418,0.067548,0.483967,0.216393,0.070280,minus_recovery_controller,retrieval context cannot trigger recovery
combined_stress,source_matched,peg_insert_contact_search,3,84,0.738095,0.566057,0.150030,0.065374,0.484861,0.214956,0.070687,minus_recovery_controller,retrieval context cannot trigger recovery
combined_stress,source_matched,peg_insert_contact_search,4,84,0.761905,0.566881,0.150642,0.065344,0.467746,0.215018,0.071094,minus_recovery_controller,retrieval context cannot trigger recovery
combined_stress,source_matched,peg_insert_contact_search,5,84,0.678571,0.567705,0.151254,0.067457,0.468639,0.216581,0.071501,minus_recovery_controller,retrieval context cannot trigger recovery
combined_stress,source_matched,peg_insert_contact_search,6,84,0.702381,0.568529,0.139860,0.066526,0.470013,0.216644,0.071692,minus_recovery_controller,retrieval context cannot trigger recovery
combined_stress,source_matched,cable_route_around_hook,0,84,0.595238,0.571397,0.144539,0.065392,0.510185,0.215764,0.069438,minus_recovery_controller,retrieval context cannot trigger recovery
combined_stress,source_matched,cable_route_around_hook,1,84,0.607143,0.572205,0.145139,0.065591,0.511061,0.215985,0.069837,minus_recovery_controller,retrieval context cannot trigger recovery
combined_stress,source_matched,cable_route_around_hook,2,84,0.607143,0.573013,0.145739,0.066028,0.511937,0.216373,0.070236,minus_recovery_controller,retrieval context cannot trigger recovery
combined_stress,source_matched,cable_route_around_hook,3,84,0.535714,0.573821,0.146339,0.067893,0.512813,0.217761,0.070635,minus_recovery_controller,retrieval context cannot trigger recovery
combined_stress,source_matched,cable_route_around_hook,4,84,0.666667,0.574629,0.146939,0.065711,0.513689,0.216316,0.071034,minus_recovery_controller,retrieval context cannot trigger recovery
combined_stress,source_matched,cable_route_around_hook,5,84,0.595238,0.575437,0.147539,0.067577,0.514565,0.217704,0.071432,minus_recovery_controller,retrieval context cannot trigger recovery
combined_stress,source_matched,cable_route_around_hook,6,84,0.619048,0.576245,0.148139,0.067537,0.515441,0.217758,0.071831,minus_recovery_controller,retrieval context cannot trigger recovery
combined_stress,source_matched,cloth_slide_over_edge,0,84,0.666667,0.564934,0.140753,0.063099,0.500072,0.215001,0.069597,minus_recovery_controller,retrieval context cannot trigger recovery
combined_stress,source_matched,cloth_slide_over_edge,1,84,0.630952,0.565726,0.141341,0.064242,0.500931,0.215881,0.069987,minus_recovery_controller,retrieval context cannot trigger recovery
combined_stress,source_matched,cloth_slide_over_edge,2,84,0.642857,0.566518,0.141929,0.064432,0.501789,0.216094,0.070378,minus_recovery_controller,retrieval context cannot trigger recovery
combined_stress,source_matched,cloth_slide_over_edge,3,84,0.654762,0.567310,0.142517,0.064622,0.502648,0.216307,0.070769,minus_recovery_controller,retrieval context cannot trigger recovery
combined_stress,source_matched,cloth_slide_over_edge,4,84,0.571429,0.568102,0.143105,0.066716,0.503506,0.217854,0.071159,minus_recovery_controller,retrieval context cannot trigger recovery
combined_stress,source_matched,cloth_slide_over_edge,5,84,0.666667,0.568894,0.143693,0.065240,0.504365,0.216901,0.071550,minus_recovery_controller,retrieval context cannot trigger recovery
combined_stress,source_matched,cloth_slide_over_edge,6,84,0.607143,0.569686,0.144281,0.066858,0.505223,0.218114,0.071940,minus_recovery_controller,retrieval context cannot trigger recovery
combined_stress,source_matched,twist_lid_with_force_limit,0,84,0.678571,0.575300,0.144402,0.069215,0.471298,0.218400,0.073206,minus_recovery_controller,retrieval context cannot trigger recovery
combined_stress,source_matched,twist_lid_with_force_limit,1,84,0.714286,0.576132,0.145020,0.068951,0.472200,0.218300,0.073617,minus_recovery_controller,retrieval context cannot trigger recovery
combined_stress,source_matched,twist_lid_with_force_limit,2,84,0.761905,0.576964,0.145638,0.068449,0.473103,0.210029,0.074028,minus_recovery_controller,retrieval context cannot trigger recovery
combined_stress,source_matched,twist_lid_with_force_limit,3,84,0.666667,0.577796,0.146256,0.070804,0.474005,0.211763,0.074439,minus_recovery_controller,retrieval context cannot trigger recovery
combined_stress,source_matched,twist_lid_with_force_limit,4,84,0.714286,0.578628,0.146874,0.062298,0.474907,0.211496,0.074850,minus_recovery_controller,retrieval context cannot trigger recovery
combined_stress,source_matched,twist_lid_with_force_limit,5,84,0.619048,0.579460,0.147492,0.064653,0.475810,0.213229,0.075261,minus_recovery_controller,retrieval context cannot trigger recovery
combined_stress,source_matched,twist_lid_with_force_limit,6,84,0.750000,0.564284,0.148110,0.062484,0.476712,0.211796,0.067668,minus_recovery_controller,retrieval context cannot trigger recovery
combined_stress,friction_mismatch,drawer_pull_with_stiction,0,84,0.773810,0.564851,0.150355,0.068808,0.491411,0.214090,0.070622,minus_recovery_controller,retrieval context cannot trigger recovery
combined_stress,friction_mismatch,drawer_pull_with_stiction,1,84,0.583333,0.565699,0.150985,0.073077,0.492331,0.217164,0.071041,minus_recovery_controller,retrieval context cannot trigger recovery
combined_stress,friction_mismatch,drawer_pull_with_stiction,2,84,0.666667,0.566547,0.151615,0.071870,0.493251,0.216406,0.071460,minus_recovery_controller,retrieval context cannot trigger recovery
combined_stress,friction_mismatch,drawer_pull_with_stiction,3,84,0.750000,0.567395,0.152245,0.070662,0.494171,0.215647,0.071880,minus_recovery_controller,retrieval context cannot trigger recovery
combined_stress,friction_mismatch,drawer_pull_with_stiction,4,84,0.678571,0.568243,0.152875,0.072550,0.495091,0.217055,0.072299,minus_recovery_controller,retrieval context cannot trigger recovery
combined_stress,friction_mismatch,drawer_pull_with_stiction,5,84,0.714286,0.569091,0.153505,0.072295,0.496010,0.216963,0.072718,minus_recovery_controller,retrieval context cannot trigger recovery
combined_stress,friction_mismatch,drawer_pull_with_stiction,6,84,0.642857,0.569939,0.154135,0.074183,0.496930,0.218371,0.073138,minus_recovery_controller,retrieval context cannot trigger recovery
combined_stress,friction_mismatch,peg_insert_contact_search,0,84,0.678571,0.570540,0.154550,0.074432,0.473088,0.218924,0.074184,minus_recovery_controller,retrieval context cannot trigger recovery
combined_stress,friction_mismatch,peg_insert_contact_search,1,84,0.666667,0.571388,0.155180,0.075129,0.474008,0.219499,0.074604,minus_recovery_controller,retrieval context cannot trigger recovery
combined_stress,friction_mismatch,peg_insert_contact_search,2,84,0.654762,0.572236,0.155810,0.075827,0.474928,0.220073,0.075023,minus_recovery_controller,retrieval context cannot trigger recovery
combined_stress,friction_mismatch,peg_insert_contact_search,3,84,0.619048,0.557076,0.156440,0.077000,0.475848,0.220981,0.075442,minus_recovery_controller,retrieval context cannot trigger recovery
combined_stress,friction_mismatch,peg_insert_contact_search,4,84,0.595238,0.557924,0.157070,0.077935,0.476767,0.221723,0.075862,minus_recovery_controller,retrieval context cannot trigger recovery
combined_stress,friction_mismatch,peg_insert_contact_search,5,84,0.595238,0.558772,0.157700,0.078395,0.477687,0.222131,0.076281,minus_recovery_controller,retrieval context cannot trigger recovery
combined_stress,friction_mismatch,peg_insert_contact_search,6,84,0.738095,0.559620,0.158330,0.075997,0.478607,0.220539,0.076700,minus_recovery_controller,retrieval context cannot trigger recovery
combined_stress,friction_mismatch,cable_route_around_hook,0,84,0.595238,0.557280,0.159102,0.072680,0.513076,0.217555,0.071773,minus_recovery_controller,retrieval context cannot trigger recovery
combined_stress,friction_mismatch,cable_route_around_hook,1,84,0.500000,0.558112,0.159720,0.075035,0.513979,0.219288,0.072184,minus_recovery_controller,retrieval context cannot trigger recovery
combined_stress,friction_mismatch,cable_route_around_hook,2,84,0.595238,0.558944,0.160338,0.073581,0.514881,0.218355,0.072595,minus_recovery_controller,retrieval context cannot trigger recovery
combined_stress,friction_mismatch,cable_route_around_hook,3,84,0.571429,0.559776,0.160956,0.074507,0.497774,0.219088,0.073006,minus_recovery_controller,retrieval context cannot trigger recovery
combined_stress,friction_mismatch,cable_route_around_hook,4,84,0.607143,0.560608,0.161574,0.074243,0.498676,0.218988,0.073417,minus_recovery_controller,retrieval context cannot trigger recovery
combined_stress,friction_mismatch,cable_route_around_hook,5,84,0.559524,0.561440,0.150186,0.074745,0.500059,0.220055,0.073612,minus_recovery_controller,retrieval context cannot trigger recovery
combined_stress,friction_mismatch,cable_route_around_hook,6,84,0.523810,0.562272,0.150804,0.075910,0.500961,0.220955,0.074023,minus_recovery_controller,retrieval context cannot trigger recovery
combined_stress,friction_mismatch,cloth_slide_over_edge,0,84,0.619048,0.561353,0.151213,0.076300,0.496972,0.214723,0.077125,minus_recovery_controller,retrieval context cannot trigger recovery
combined_stress,friction_mismatch,cloth_slide_over_edge,1,84,0.642857,0.562169,0.151819,0.076265,0.497857,0.214781,0.077528,minus_recovery_controller,retrieval context cannot trigger recovery
combined_stress,friction_mismatch,cloth_slide_over_edge,2,84,0.726190,0.562985,0.152425,0.075040,0.498742,0.214007,0.077931,minus_recovery_controller,retrieval context cannot trigger recovery
combined_stress,friction_mismatch,cloth_slide_over_edge,3,84,0.511905,0.563801,0.153031,0.079767,0.499626,0.217399,0.078334,minus_recovery_controller,retrieval context cannot trigger recovery
combined_stress,friction_mismatch,cloth_slide_over_edge,4,84,0.642857,0.564617,0.153637,0.077590,0.500511,0.215957,0.070733,minus_recovery_controller,retrieval context cannot trigger recovery
combined_stress,friction_mismatch,cloth_slide_over_edge,5,84,0.630952,0.565433,0.154243,0.070265,0.501396,0.216516,0.071136,minus_recovery_controller,retrieval context cannot trigger recovery
combined_stress,friction_mismatch,cloth_slide_over_edge,6,84,0.547619,0.566249,0.154849,0.072373,0.502281,0.218075,0.071538,minus_recovery_controller,retrieval context cannot trigger recovery
combined_stress,friction_mismatch,twist_lid_with_force_limit,0,84,0.535714,0.569559,0.153242,0.075115,0.465833,0.218375,0.071621,minus_recovery_controller,retrieval context cannot trigger recovery
combined_stress,friction_mismatch,twist_lid_with_force_limit,1,84,0.595238,0.570415,0.153878,0.074388,0.466761,0.217954,0.072044,minus_recovery_controller,retrieval context cannot trigger recovery
combined_stress,friction_mismatch,twist_lid_with_force_limit,2,84,0.619048,0.571271,0.154514,0.074376,0.467690,0.218033,0.072468,minus_recovery_controller,retrieval context cannot trigger recovery
combined_stress,friction_mismatch,twist_lid_with_force_limit,3,84,0.654762,0.572127,0.155150,0.074125,0.468618,0.217945,0.072891,minus_recovery_controller,retrieval context cannot trigger recovery
combined_stress,friction_mismatch,twist_lid_with_force_limit,4,84,0.690476,0.556975,0.155786,0.073874,0.469547,0.217857,0.073315,minus_recovery_controller,retrieval context cannot trigger recovery
combined_stress,friction_mismatch,twist_lid_with_force_limit,5,84,0.690476,0.557831,0.156422,0.074338,0.470475,0.218269,0.073738,minus_recovery_controller,retrieval context cannot trigger recovery
combined_stress,friction_mismatch,twist_lid_with_force_limit,6,84,0.642857,0.558687,0.157058,0.075754,0.471404,0.219347,0.074161,minus_recovery_controller,retrieval context cannot trigger recovery
combined_stress,support_topology_shift,drawer_pull_with_stiction,0,84,0.642857,0.562846,0.164811,0.077180,0.503418,0.216070,0.079158,minus_recovery_controller,retrieval context cannot trigger recovery
combined_stress,support_topology_shift,drawer_pull_with_stiction,1,84,0.654762,0.563734,0.165471,0.077423,0.486373,0.216331,0.079598,minus_recovery_controller,retrieval context cannot trigger recovery
combined_stress,support_topology_shift,drawer_pull_with_stiction,2,84,0.654762,0.564622,0.166131,0.077905,0.487336,0.216759,0.072034,minus_recovery_controller,retrieval context cannot trigger recovery
combined_stress,support_topology_shift,drawer_pull_with_stiction,3,84,0.666667,0.565510,0.154785,0.077248,0.488780,0.217021,0.072257,minus_recovery_controller,retrieval context cannot trigger recovery
combined_stress,support_topology_shift,drawer_pull_with_stiction,4,84,0.738095,0.566398,0.155445,0.076300,0.489744,0.216449,0.072697,minus_recovery_controller,retrieval context cannot trigger recovery
combined_stress,support_topology_shift,drawer_pull_with_stiction,5,84,0.595238,0.567286,0.156105,0.079639,0.490707,0.218877,0.073137,minus_recovery_controller,retrieval context cannot trigger recovery
combined_stress,support_topology_shift,drawer_pull_with_stiction,6,84,0.666667,0.568174,0.156765,0.078692,0.491671,0.218305,0.073577,minus_recovery_controller,retrieval context cannot trigger recovery
combined_stress,support_topology_shift,peg_insert_contact_search,0,84,0.583333,0.566295,0.155320,0.079942,0.465113,0.219285,0.073350,minus_recovery_controller,retrieval context cannot trigger recovery
combined_stress,support_topology_shift,peg_insert_contact_search,1,84,0.690476,0.567183,0.155980,0.078281,0.466077,0.218213,0.073790,minus_recovery_controller,retrieval context cannot trigger recovery
combined_stress,support_topology_shift,peg_insert_contact_search,2,84,0.559524,0.568071,0.156640,0.081381,0.467041,0.220474,0.074230,minus_recovery_controller,retrieval context cannot trigger recovery
combined_stress,support_topology_shift,peg_insert_contact_search,3,84,0.630952,0.568959,0.157300,0.080434,0.468004,0.219902,0.074670,minus_recovery_controller,retrieval context cannot trigger recovery
combined_stress,support_topology_shift,peg_insert_contact_search,4,84,0.654762,0.553839,0.157960,0.080440,0.468968,0.219997,0.075110,minus_recovery_controller,retrieval context cannot trigger recovery
combined_stress,support_topology_shift,peg_insert_contact_search,5,84,0.619048,0.554727,0.158620,0.081636,0.469931,0.220925,0.075550,minus_recovery_controller,retrieval context cannot trigger recovery
combined_stress,support_topology_shift,peg_insert_contact_search,6,84,0.714286,0.555615,0.159280,0.072208,0.470895,0.220019,0.075989,minus_recovery_controller,retrieval context cannot trigger recovery
combined_stress,support_topology_shift,cable_route_around_hook,0,84,0.547619,0.560604,0.165548,0.081448,0.495379,0.221033,0.074825,minus_recovery_controller,retrieval context cannot trigger recovery
combined_stress,support_topology_shift,cable_route_around_hook,1,84,0.511905,0.561476,0.166196,0.082635,0.496326,0.221953,0.075256,minus_recovery_controller,retrieval context cannot trigger recovery
combined_stress,support_topology_shift,cable_route_around_hook,2,84,0.666667,0.562348,0.154838,0.079111,0.497752,0.220206,0.075472,minus_recovery_controller,retrieval context cannot trigger recovery
combined_stress,support_topology_shift,cable_route_around_hook,3,84,0.630952,0.563220,0.155486,0.080298,0.498698,0.221126,0.075904,minus_recovery_controller,retrieval context cannot trigger recovery
combined_stress,support_topology_shift,cable_route_around_hook,4,84,0.500000,0.564092,0.156134,0.083390,0.499644,0.223380,0.076335,minus_recovery_controller,retrieval context cannot trigger recovery
combined_stress,support_topology_shift,cable_route_around_hook,5,84,0.511905,0.564964,0.156782,0.083625,0.500590,0.223633,0.076767,minus_recovery_controller,retrieval context cannot trigger recovery
combined_stress,support_topology_shift,cable_route_around_hook,6,84,0.619048,0.565836,0.157430,0.073950,0.501536,0.222553,0.077199,minus_recovery_controller,retrieval context cannot trigger recovery
combined_stress,support_topology_shift,cloth_slide_over_edge,0,84,0.595238,0.555556,0.162824,0.080419,0.504827,0.221311,0.075710,minus_recovery_controller,retrieval context cannot trigger recovery
combined_stress,support_topology_shift,cloth_slide_over_edge,1,84,0.630952,0.556412,0.163460,0.080168,0.505755,0.221223,0.076133,minus_recovery_controller,retrieval context cannot trigger recovery
combined_stress,support_topology_shift,cloth_slide_over_edge,2,84,0.630952,0.557268,0.164096,0.080632,0.506684,0.221635,0.076557,minus_recovery_controller,retrieval context cannot trigger recovery
combined_stress,support_topology_shift,cloth_slide_over_edge,3,84,0.583333,0.558124,0.164732,0.082048,0.507612,0.222714,0.076980,minus_recovery_controller,retrieval context cannot trigger recovery
combined_stress,support_topology_shift,cloth_slide_over_edge,4,84,0.642857,0.558980,0.165368,0.081321,0.490532,0.222292,0.077404,minus_recovery_controller,retrieval context cannot trigger recovery
combined_stress,support_topology_shift,cloth_slide_over_edge,5,84,0.571429,0.559836,0.166004,0.083214,0.491460,0.223704,0.077827,minus_recovery_controller,retrieval context cannot trigger recovery
combined_stress,support_topology_shift,cloth_slide_over_edge,6,84,0.619048,0.560692,0.154634,0.073821,0.492869,0.223450,0.078035,minus_recovery_controller,retrieval context cannot trigger recovery
combined_stress,support_topology_shift,twist_lid_with_force_limit,0,84,0.642857,0.554827,0.158151,0.079648,0.463902,0.218663,0.073621,minus_recovery_controller,retrieval context cannot trigger recovery
combined_stress,support_topology_shift,twist_lid_with_force_limit,1,84,0.595238,0.555723,0.158817,0.081087,0.464875,0.219761,0.074065,minus_recovery_controller,retrieval context cannot trigger recovery
combined_stress,support_topology_shift,twist_lid_with_force_limit,2,84,0.642857,0.556619,0.159483,0.080620,0.465847,0.219527,0.074509,minus_recovery_controller,retrieval context cannot trigger recovery
combined_stress,support_topology_shift,twist_lid_with_force_limit,3,84,0.630952,0.557515,0.160149,0.081344,0.466819,0.220125,0.074953,minus_recovery_controller,retrieval context cannot trigger recovery
combined_stress,support_topology_shift,twist_lid_with_force_limit,4,84,0.654762,0.558411,0.160815,0.073350,0.467792,0.220224,0.075397,minus_recovery_controller,retrieval context cannot trigger recovery
combined_stress,support_topology_shift,twist_lid_with_force_limit,5,84,0.607143,0.559307,0.161481,0.074788,0.468764,0.221323,0.075841,minus_recovery_controller,retrieval context cannot trigger recovery
combined_stress,support_topology_shift,twist_lid_with_force_limit,6,84,0.654762,0.560203,0.162147,0.074322,0.469736,0.221088,0.076285,minus_recovery_controller,retrieval context cannot trigger recovery
combined_stress,compliance_shift,drawer_pull_with_stiction,0,84,0.654762,0.559072,0.156688,0.076248,0.488584,0.218917,0.074084,minus_recovery_controller,retrieval context cannot trigger recovery
combined_stress,compliance_shift,drawer_pull_with_stiction,1,84,0.761905,0.559912,0.157312,0.074560,0.489495,0.217821,0.074499,minus_recovery_controller,retrieval context cannot trigger recovery
combined_stress,compliance_shift,drawer_pull_with_stiction,2,84,0.690476,0.560752,0.157936,0.076444,0.490406,0.219225,0.074914,minus_recovery_controller,retrieval context cannot trigger recovery
combined_stress,compliance_shift,drawer_pull_with_stiction,3,84,0.654762,0.561592,0.158560,0.077613,0.491317,0.220129,0.075329,minus_recovery_controller,retrieval context cannot trigger recovery
combined_stress,compliance_shift,drawer_pull_with_stiction,4,84,0.678571,0.562432,0.159184,0.077591,0.492228,0.220200,0.075745,minus_recovery_controller,retrieval context cannot trigger recovery
combined_stress,compliance_shift,drawer_pull_with_stiction,5,84,0.642857,0.563272,0.159808,0.078760,0.493139,0.221104,0.076160,minus_recovery_controller,retrieval context cannot trigger recovery
combined_stress,compliance_shift,drawer_pull_with_stiction,6,84,0.595238,0.564112,0.160432,0.080168,0.494050,0.222174,0.076575,minus_recovery_controller,retrieval context cannot trigger recovery
combined_stress,compliance_shift,peg_insert_contact_search,0,84,0.654762,0.565209,0.161218,0.080216,0.470751,0.222642,0.077876,minus_recovery_controller,retrieval context cannot trigger recovery
combined_stress,compliance_shift,peg_insert_contact_search,1,84,0.619048,0.566049,0.161842,0.081385,0.471663,0.223546,0.078292,minus_recovery_controller,retrieval context cannot trigger recovery
combined_stress,compliance_shift,peg_insert_contact_search,2,84,0.559524,0.566889,0.162466,0.083031,0.472574,0.216780,0.078707,minus_recovery_controller,retrieval context cannot trigger recovery
combined_stress,compliance_shift,peg_insert_contact_search,3,84,0.595238,0.567729,0.163090,0.082771,0.473485,0.216684,0.079122,minus_recovery_controller,retrieval context cannot trigger recovery
combined_stress,compliance_shift,peg_insert_contact_search,4,84,0.630952,0.552561,0.163714,0.074508,0.474396,0.216588,0.079537,minus_recovery_controller,retrieval context cannot trigger recovery
combined_stress,compliance_shift,peg_insert_contact_search,5,84,0.630952,0.553401,0.164338,0.074962,0.475307,0.216992,0.079952,minus_recovery_controller,retrieval context cannot trigger recovery
combined_stress,compliance_shift,peg_insert_contact_search,6,84,0.559524,0.554241,0.164962,0.076846,0.476218,0.218396,0.080368,minus_recovery_controller,retrieval context cannot trigger recovery
combined_stress,compliance_shift,cable_route_around_hook,0,84,0.583333,0.553637,0.167037,0.079165,0.494579,0.221950,0.076331,minus_recovery_controller,retrieval context cannot trigger recovery
combined_stress,compliance_shift,cable_route_around_hook,1,84,0.535714,0.554461,0.167649,0.080563,0.495472,0.223013,0.076738,minus_recovery_controller,retrieval context cannot trigger recovery
combined_stress,compliance_shift,cable_route_around_hook,2,84,0.583333,0.555285,0.156255,0.079156,0.496846,0.222742,0.076929,minus_recovery_controller,retrieval context cannot trigger recovery
combined_stress,compliance_shift,cable_route_around_hook,3,84,0.654762,0.556109,0.156867,0.078174,0.497740,0.222138,0.077336,minus_recovery_controller,retrieval context cannot trigger recovery
combined_stress,compliance_shift,cable_route_around_hook,4,84,0.535714,0.556933,0.157479,0.081001,0.498633,0.224201,0.077743,minus_recovery_controller,retrieval context cannot trigger recovery
combined_stress,compliance_shift,cable_route_around_hook,5,84,0.678571,0.557757,0.158091,0.078589,0.499527,0.222597,0.078150,minus_recovery_controller,retrieval context cannot trigger recovery
combined_stress,compliance_shift,cable_route_around_hook,6,84,0.547619,0.558581,0.158703,0.081654,0.500420,0.224826,0.078557,minus_recovery_controller,retrieval context cannot trigger recovery
combined_stress,compliance_shift,cloth_slide_over_edge,0,84,0.583333,0.559534,0.160515,0.076272,0.498481,0.220363,0.074616,minus_recovery_controller,retrieval context cannot trigger recovery
combined_stress,compliance_shift,cloth_slide_over_edge,1,84,0.642857,0.560342,0.161115,0.075518,0.499357,0.219918,0.075015,minus_recovery_controller,retrieval context cannot trigger recovery
combined_stress,compliance_shift,cloth_slide_over_edge,2,84,0.630952,0.561150,0.161715,0.076194,0.500233,0.220473,0.075414,minus_recovery_controller,retrieval context cannot trigger recovery
combined_stress,compliance_shift,cloth_slide_over_edge,3,84,0.523810,0.561958,0.162315,0.078773,0.501109,0.222361,0.075813,minus_recovery_controller,retrieval context cannot trigger recovery
combined_stress,compliance_shift,cloth_slide_over_edge,4,84,0.607143,0.562766,0.162915,0.077544,0.501985,0.221582,0.076212,minus_recovery_controller,retrieval context cannot trigger recovery
combined_stress,compliance_shift,cloth_slide_over_edge,5,84,0.511905,0.563574,0.163515,0.079886,0.502861,0.223303,0.076610,minus_recovery_controller,retrieval context cannot trigger recovery
combined_stress,compliance_shift,cloth_slide_over_edge,6,84,0.607143,0.564382,0.164115,0.078418,0.503737,0.222358,0.077009,minus_recovery_controller,retrieval context cannot trigger recovery
combined_stress,compliance_shift,twist_lid_with_force_limit,0,84,0.619048,0.563124,0.159082,0.078142,0.462287,0.220041,0.074746,minus_recovery_controller,retrieval context cannot trigger recovery
combined_stress,compliance_shift,twist_lid_with_force_limit,1,84,0.666667,0.563972,0.159712,0.077649,0.463207,0.219783,0.075165,minus_recovery_controller,retrieval context cannot trigger recovery
combined_stress,compliance_shift,twist_lid_with_force_limit,2,84,0.642857,0.564820,0.160342,0.078585,0.464127,0.220524,0.075585,minus_recovery_controller,retrieval context cannot trigger recovery
combined_stress,compliance_shift,twist_lid_with_force_limit,3,84,0.535714,0.565668,0.160972,0.081187,0.465046,0.222432,0.076004,minus_recovery_controller,retrieval context cannot trigger recovery
combined_stress,compliance_shift,twist_lid_with_force_limit,4,84,0.642857,0.566516,0.161602,0.079503,0.465966,0.221340,0.076423,minus_recovery_controller,retrieval context cannot trigger recovery
combined_stress,compliance_shift,twist_lid_with_force_limit,5,84,0.678571,0.567364,0.162232,0.079248,0.466886,0.221248,0.076843,minus_recovery_controller,retrieval context cannot trigger recovery
combined_stress,compliance_shift,twist_lid_with_force_limit,6,84,0.630952,0.552204,0.162862,0.080660,0.467806,0.222323,0.077262,minus_recovery_controller,retrieval context cannot trigger recovery
combined_stress,occluded_contact_shift,drawer_pull_with_stiction,0,84,0.666667,0.549846,0.164727,0.077229,0.492448,0.222505,0.078076,minus_recovery_controller,retrieval context cannot trigger recovery
combined_stress,occluded_contact_shift,drawer_pull_with_stiction,1,84,0.714286,0.550734,0.165387,0.076758,0.493411,0.222266,0.078516,minus_recovery_controller,retrieval context cannot trigger recovery
combined_stress,occluded_contact_shift,drawer_pull_with_stiction,2,84,0.630952,0.551622,0.166047,0.078906,0.494375,0.223861,0.078956,minus_recovery_controller,retrieval context cannot trigger recovery
combined_stress,occluded_contact_shift,drawer_pull_with_stiction,3,84,0.619048,0.552510,0.166707,0.079626,0.495338,0.224455,0.079396,minus_recovery_controller,retrieval context cannot trigger recovery
combined_stress,occluded_contact_shift,drawer_pull_with_stiction,4,84,0.726190,0.553398,0.167367,0.077965,0.496302,0.223383,0.079836,minus_recovery_controller,retrieval context cannot trigger recovery
combined_stress,occluded_contact_shift,drawer_pull_with_stiction,5,84,0.666667,0.554286,0.168027,0.079637,0.497266,0.216641,0.080276,minus_recovery_controller,retrieval context cannot trigger recovery
combined_stress,occluded_contact_shift,drawer_pull_with_stiction,6,84,0.583333,0.555174,0.168687,0.081785,0.498229,0.218235,0.080716,minus_recovery_controller,retrieval context cannot trigger recovery
combined_stress,occluded_contact_shift,peg_insert_contact_search,0,84,0.547619,0.553295,0.167242,0.082083,0.471672,0.218549,0.080489,minus_recovery_controller,retrieval context cannot trigger recovery
combined_stress,occluded_contact_shift,peg_insert_contact_search,1,84,0.642857,0.554183,0.167902,0.080659,0.472635,0.217643,0.080929,minus_recovery_controller,retrieval context cannot trigger recovery
combined_stress,occluded_contact_shift,peg_insert_contact_search,2,84,0.630952,0.555071,0.168562,0.081379,0.473599,0.218238,0.081369,minus_recovery_controller,retrieval context cannot trigger recovery
combined_stress,occluded_contact_shift,peg_insert_contact_search,3,84,0.630952,0.555959,0.169222,0.081861,0.474562,0.218666,0.073804,minus_recovery_controller,retrieval context cannot trigger recovery
combined_stress,occluded_contact_shift,peg_insert_contact_search,4,84,0.630952,0.556847,0.169882,0.082342,0.475526,0.219094,0.074244,minus_recovery_controller,retrieval context cannot trigger recovery
combined_stress,occluded_contact_shift,peg_insert_contact_search,5,84,0.642857,0.557735,0.170542,0.082585,0.476490,0.219355,0.074684,minus_recovery_controller,retrieval context cannot trigger recovery
combined_stress,occluded_contact_shift,peg_insert_contact_search,6,84,0.619048,0.558623,0.171202,0.083543,0.459444,0.220117,0.075124,minus_recovery_controller,retrieval context cannot trigger recovery
combined_stress,occluded_contact_shift,cable_route_around_hook,0,84,0.559524,0.563612,0.165464,0.081735,0.502418,0.219630,0.081747,minus_recovery_controller,retrieval context cannot trigger recovery
combined_stress,occluded_contact_shift,cable_route_around_hook,1,84,0.523810,0.548476,0.166112,0.082922,0.503364,0.220550,0.074175,minus_recovery_controller,retrieval context cannot trigger recovery
combined_stress,occluded_contact_shift,cable_route_around_hook,2,84,0.500000,0.549348,0.166760,0.083871,0.504310,0.221304,0.074606,minus_recovery_controller,retrieval context cannot trigger recovery
combined_stress,occluded_contact_shift,cable_route_around_hook,3,84,0.559524,0.550220,0.167408,0.083153,0.505256,0.220890,0.075038,minus_recovery_controller,retrieval context cannot trigger recovery
combined_stress,occluded_contact_shift,cable_route_around_hook,4,84,0.464286,0.551092,0.168056,0.085530,0.506202,0.222644,0.075470,minus_recovery_controller,retrieval context cannot trigger recovery
combined_stress,occluded_contact_shift,cable_route_around_hook,5,84,0.571429,0.551964,0.168704,0.083860,0.507148,0.221564,0.075901,minus_recovery_controller,retrieval context cannot trigger recovery
combined_stress,occluded_contact_shift,cable_route_around_hook,6,84,0.559524,0.552836,0.169352,0.084571,0.508094,0.222150,0.076333,minus_recovery_controller,retrieval context cannot trigger recovery
combined_stress,occluded_contact_shift,cloth_slide_over_edge,0,84,0.571429,0.558564,0.162740,0.081421,0.493856,0.220408,0.074629,minus_recovery_controller,retrieval context cannot trigger recovery
combined_stress,occluded_contact_shift,cloth_slide_over_edge,1,84,0.619048,0.559420,0.163376,0.080932,0.494785,0.220154,0.075052,minus_recovery_controller,retrieval context cannot trigger recovery
combined_stress,occluded_contact_shift,cloth_slide_over_edge,2,84,0.500000,0.560276,0.164012,0.083777,0.495713,0.222232,0.075475,minus_recovery_controller,retrieval context cannot trigger recovery
combined_stress,occluded_contact_shift,cloth_slide_over_edge,3,84,0.583333,0.561132,0.164648,0.082574,0.496642,0.221478,0.075899,minus_recovery_controller,retrieval context cannot trigger recovery
combined_stress,occluded_contact_shift,cloth_slide_over_edge,4,84,0.547619,0.561988,0.165284,0.083752,0.497570,0.222390,0.076322,minus_recovery_controller,retrieval context cannot trigger recovery
combined_stress,occluded_contact_shift,cloth_slide_over_edge,5,84,0.547619,0.562844,0.165920,0.084216,0.498499,0.222802,0.076746,minus_recovery_controller,retrieval context cannot trigger recovery
combined_stress,occluded_contact_shift,cloth_slide_over_edge,6,84,0.595238,0.563700,0.166556,0.083727,0.499427,0.222547,0.077169,minus_recovery_controller,retrieval context cannot trigger recovery
combined_stress,occluded_contact_shift,twist_lid_with_force_limit,0,84,0.702381,0.557835,0.170073,0.079884,0.470460,0.216593,0.080760,minus_recovery_controller,retrieval context cannot trigger recovery
combined_stress,occluded_contact_shift,twist_lid_with_force_limit,1,84,0.702381,0.558731,0.170739,0.080370,0.453424,0.217025,0.081204,minus_recovery_controller,retrieval context cannot trigger recovery
combined_stress,occluded_contact_shift,twist_lid_with_force_limit,2,84,0.690476,0.559627,0.171405,0.081094,0.454396,0.217624,0.073644,minus_recovery_controller,retrieval context cannot trigger recovery
combined_stress,occluded_contact_shift,twist_lid_with_force_limit,3,84,0.571429,0.560523,0.160065,0.083060,0.455849,0.219723,0.073872,minus_recovery_controller,retrieval context cannot trigger recovery
combined_stress,occluded_contact_shift,twist_lid_with_force_limit,4,84,0.654762,0.561419,0.160731,0.081880,0.456821,0.218988,0.074316,minus_recovery_controller,retrieval context cannot trigger recovery
combined_stress,occluded_contact_shift,twist_lid_with_force_limit,5,84,0.642857,0.562315,0.161397,0.082604,0.457793,0.219587,0.074760,minus_recovery_controller,retrieval context cannot trigger recovery
combined_stress,occluded_contact_shift,twist_lid_with_force_limit,6,84,0.583333,0.563211,0.162063,0.084280,0.458766,0.220852,0.075204,minus_recovery_controller,retrieval context cannot trigger recovery
combined_stress,actuator_lag_shift,drawer_pull_with_stiction,0,84,0.642857,0.558908,0.166180,0.081486,0.489320,0.219780,0.075138,minus_recovery_controller,retrieval context cannot trigger recovery
combined_stress,actuator_lag_shift,drawer_pull_with_stiction,1,84,0.642857,0.559764,0.166816,0.081950,0.490249,0.220192,0.075562,minus_recovery_controller,retrieval context cannot trigger recovery
combined_stress,actuator_lag_shift,drawer_pull_with_stiction,2,84,0.785714,0.560620,0.167452,0.079557,0.491178,0.218604,0.075985,minus_recovery_controller,retrieval context cannot trigger recovery
combined_stress,actuator_lag_shift,drawer_pull_with_stiction,3,84,0.666667,0.561476,0.168088,0.082401,0.492106,0.220683,0.076409,minus_recovery_controller,retrieval context cannot trigger recovery
combined_stress,actuator_lag_shift,drawer_pull_with_stiction,4,84,0.607143,0.562332,0.168724,0.084055,0.493035,0.221928,0.076832,minus_recovery_controller,retrieval context cannot trigger recovery
combined_stress,actuator_lag_shift,drawer_pull_with_stiction,5,84,0.654762,0.547180,0.169360,0.083567,0.493963,0.221674,0.077256,minus_recovery_controller,retrieval context cannot trigger recovery
combined_stress,actuator_lag_shift,drawer_pull_with_stiction,6,84,0.726190,0.548036,0.169996,0.082602,0.494892,0.221086,0.077679,minus_recovery_controller,retrieval context cannot trigger recovery
combined_stress,actuator_lag_shift,peg_insert_contact_search,0,84,0.452381,0.548142,0.170039,0.088765,0.470507,0.225724,0.078471,minus_recovery_controller,retrieval context cannot trigger recovery
combined_stress,actuator_lag_shift,peg_insert_contact_search,1,84,0.559524,0.548998,0.170675,0.087086,0.471435,0.224636,0.078895,minus_recovery_controller,retrieval context cannot trigger recovery
combined_stress,actuator_lag_shift,peg_insert_contact_search,2,84,0.583333,0.549854,0.171311,0.087074,0.472364,0.224715,0.079318,minus_recovery_controller,retrieval context cannot trigger recovery
combined_stress,actuator_lag_shift,peg_insert_contact_search,3,84,0.523810,0.550710,0.171947,0.088728,0.473292,0.225960,0.079741,minus_recovery_controller,retrieval context cannot trigger recovery
combined_stress,actuator_lag_shift,peg_insert_contact_search,4,84,0.642857,0.551566,0.172583,0.086811,0.474221,0.224706,0.080165,minus_recovery_controller,retrieval context cannot trigger recovery
combined_stress,actuator_lag_shift,peg_insert_contact_search,5,84,0.571429,0.552422,0.173219,0.080699,0.457140,0.226118,0.080588,minus_recovery_controller,retrieval context cannot trigger recovery
combined_stress,actuator_lag_shift,peg_insert_contact_search,6,84,0.547619,0.553278,0.173855,0.081639,0.458069,0.218859,0.081012,minus_recovery_controller,retrieval context cannot trigger recovery
combined_stress,actuator_lag_shift,cable_route_around_hook,0,84,0.642857,0.549202,0.173325,0.080598,0.508646,0.219678,0.075193,minus_recovery_controller,retrieval context cannot trigger recovery
combined_stress,actuator_lag_shift,cable_route_around_hook,1,84,0.559524,0.550042,0.173949,0.082720,0.491548,0.221249,0.075608,minus_recovery_controller,retrieval context cannot trigger recovery
combined_stress,actuator_lag_shift,cable_route_around_hook,2,84,0.559524,0.550882,0.174573,0.083174,0.492459,0.221653,0.076023,minus_recovery_controller,retrieval context cannot trigger recovery
combined_stress,actuator_lag_shift,cable_route_around_hook,3,84,0.595238,0.551722,0.163191,0.082015,0.493851,0.221557,0.076222,minus_recovery_controller,retrieval context cannot trigger recovery
combined_stress,actuator_lag_shift,cable_route_around_hook,4,84,0.714286,0.552562,0.163815,0.080088,0.494762,0.220294,0.076637,minus_recovery_controller,retrieval context cannot trigger recovery
combined_stress,actuator_lag_shift,cable_route_around_hook,5,84,0.678571,0.553402,0.164439,0.081257,0.495673,0.221198,0.077053,minus_recovery_controller,retrieval context cannot trigger recovery
combined_stress,actuator_lag_shift,cable_route_around_hook,6,84,0.619048,0.554242,0.165063,0.082903,0.496584,0.222435,0.077468,minus_recovery_controller,retrieval context cannot trigger recovery
combined_stress,actuator_lag_shift,cloth_slide_over_edge,0,84,0.726190,0.551451,0.164067,0.082013,0.490545,0.223104,0.079608,minus_recovery_controller,retrieval context cannot trigger recovery
combined_stress,actuator_lag_shift,cloth_slide_over_edge,1,84,0.535714,0.552275,0.164679,0.086269,0.491438,0.226167,0.080015,minus_recovery_controller,retrieval context cannot trigger recovery
combined_stress,actuator_lag_shift,cloth_slide_over_edge,2,84,0.595238,0.553099,0.165291,0.085524,0.492332,0.225730,0.080422,minus_recovery_controller,retrieval context cannot trigger recovery
combined_stress,actuator_lag_shift,cloth_slide_over_edge,3,84,0.523810,0.553923,0.165903,0.087399,0.493225,0.227126,0.080829,minus_recovery_controller,retrieval context cannot trigger recovery
combined_stress,actuator_lag_shift,cloth_slide_over_edge,4,84,0.440476,0.554747,0.166515,0.089511,0.494119,0.220684,0.081236,minus_recovery_controller,retrieval context cannot trigger recovery
combined_stress,actuator_lag_shift,cloth_slide_over_edge,5,84,0.607143,0.555571,0.167127,0.086624,0.495013,0.218747,0.081643,minus_recovery_controller,retrieval context cannot trigger recovery
combined_stress,actuator_lag_shift,cloth_slide_over_edge,6,84,0.690476,0.556395,0.167739,0.085403,0.495906,0.217976,0.082051,minus_recovery_controller,retrieval context cannot trigger recovery
combined_stress,actuator_lag_shift,twist_lid_with_force_limit,0,84,0.630952,0.548265,0.169558,0.083634,0.464460,0.221228,0.076474,minus_recovery_controller,retrieval context cannot trigger recovery
combined_stress,actuator_lag_shift,twist_lid_with_force_limit,1,84,0.654762,0.549129,0.170200,0.083626,0.465397,0.221310,0.076902,minus_recovery_controller,retrieval context cannot trigger recovery
combined_stress,actuator_lag_shift,twist_lid_with_force_limit,2,84,0.654762,0.549993,0.170842,0.084094,0.466335,0.221726,0.077330,minus_recovery_controller,retrieval context cannot trigger recovery
combined_stress,actuator_lag_shift,twist_lid_with_force_limit,3,84,0.654762,0.550857,0.171484,0.084562,0.467272,0.222142,0.077757,minus_recovery_controller,retrieval context cannot trigger recovery
combined_stress,actuator_lag_shift,twist_lid_with_force_limit,4,84,0.654762,0.551721,0.172126,0.085030,0.468209,0.222558,0.078185,minus_recovery_controller,retrieval context cannot trigger recovery
combined_stress,actuator_lag_shift,twist_lid_with_force_limit,5,84,0.678571,0.552585,0.172768,0.085022,0.469146,0.222641,0.078612,minus_recovery_controller,retrieval context cannot trigger recovery
combined_stress,actuator_lag_shift,twist_lid_with_force_limit,6,84,0.702381,0.553449,0.173410,0.085014,0.452075,0.222724,0.079040,minus_recovery_controller,retrieval context cannot trigger recovery
combined_stress,compound_mechanism_shift,drawer_pull_with_stiction,0,84,0.607143,0.548294,0.180201,0.087480,0.493344,0.225906,0.081235,minus_recovery_controller,retrieval context cannot trigger recovery
combined_stress,compound_mechanism_shift,drawer_pull_with_stiction,1,84,0.607143,0.549198,0.180873,0.087971,0.494325,0.226342,0.081683,minus_recovery_controller,retrieval context cannot trigger recovery
combined_stress,compound_mechanism_shift,drawer_pull_with_stiction,2,84,0.571429,0.550102,0.181545,0.089175,0.495306,0.227278,0.082131,minus_recovery_controller,retrieval context cannot trigger recovery
combined_stress,compound_mechanism_shift,drawer_pull_with_stiction,3,84,0.607143,0.551006,0.182217,0.088951,0.496287,0.227214,0.082579,minus_recovery_controller,retrieval context cannot trigger recovery
combined_stress,compound_mechanism_shift,drawer_pull_with_stiction,4,84,0.523810,0.551910,0.182889,0.091108,0.479259,0.228817,0.083027,minus_recovery_controller,retrieval context cannot trigger recovery
combined_stress,compound_mechanism_shift,drawer_pull_with_stiction,5,84,0.559524,0.552814,0.183561,0.090885,0.480240,0.220749,0.083475,minus_recovery_controller,retrieval context cannot trigger recovery
combined_stress,compound_mechanism_shift,drawer_pull_with_stiction,6,84,0.595238,0.553718,0.172227,0.089760,0.481702,0.220685,0.083707,minus_recovery_controller,retrieval context cannot trigger recovery
combined_stress,compound_mechanism_shift,peg_insert_contact_search,0,84,0.630952,0.550847,0.182044,0.088978,0.471586,0.219502,0.083187,minus_recovery_controller,retrieval context cannot trigger recovery
combined_stress,compound_mechanism_shift,peg_insert_contact_search,1,84,0.678571,0.551751,0.182716,0.088516,0.454559,0.219271,0.083635,minus_recovery_controller,retrieval context cannot trigger recovery
combined_stress,compound_mechanism_shift,peg_insert_contact_search,2,84,0.523810,0.552655,0.183388,0.092102,0.455540,0.221874,0.084083,minus_recovery_controller,retrieval context cannot trigger recovery
combined_stress,compound_mechanism_shift,peg_insert_contact_search,3,84,0.583333,0.553559,0.172054,0.090501,0.457001,0.221477,0.084315,minus_recovery_controller,retrieval context cannot trigger recovery
combined_stress,compound_mechanism_shift,peg_insert_contact_search,4,84,0.535714,0.554463,0.172726,0.091944,0.457982,0.222579,0.076759,minus_recovery_controller,retrieval context cannot trigger recovery
combined_stress,compound_mechanism_shift,peg_insert_contact_search,5,84,0.571429,0.555367,0.173398,0.091720,0.458963,0.222515,0.077208,minus_recovery_controller,retrieval context cannot trigger recovery
combined_stress,compound_mechanism_shift,peg_insert_contact_search,6,84,0.619048,0.540263,0.174070,0.091258,0.459944,0.222285,0.077656,minus_recovery_controller,retrieval context cannot trigger recovery
combined_stress,compound_mechanism_shift,cable_route_around_hook,0,84,0.547619,0.541780,0.177734,0.088658,0.498636,0.228233,0.082712,minus_recovery_controller,retrieval context cannot trigger recovery
combined_stress,compound_mechanism_shift,cable_route_around_hook,1,84,0.464286,0.542668,0.178394,0.090806,0.499600,0.229828,0.083152,minus_recovery_controller,retrieval context cannot trigger recovery
combined_stress,compound_mechanism_shift,cable_route_around_hook,2,84,0.547619,0.543556,0.179054,0.089621,0.500563,0.221085,0.083592,minus_recovery_controller,retrieval context cannot trigger recovery
combined_stress,compound_mechanism_shift,cable_route_around_hook,3,84,0.571429,0.544444,0.179714,0.089626,0.501527,0.221180,0.084032,minus_recovery_controller,retrieval context cannot trigger recovery
combined_stress,compound_mechanism_shift,cable_route_around_hook,4,84,0.500000,0.545332,0.180374,0.091536,0.502490,0.222608,0.084472,minus_recovery_controller,retrieval context cannot trigger recovery
combined_stress,compound_mechanism_shift,cable_route_around_hook,5,84,0.476190,0.546220,0.181034,0.092494,0.503454,0.223369,0.084911,minus_recovery_controller,retrieval context cannot trigger recovery
combined_stress,compound_mechanism_shift,cable_route_around_hook,6,84,0.476190,0.547108,0.181694,0.092975,0.504418,0.223797,0.077347,minus_recovery_controller,retrieval context cannot trigger recovery
combined_stress,compound_mechanism_shift,cloth_slide_over_edge,0,84,0.535714,0.549092,0.172274,0.094794,0.486080,0.227520,0.081724,minus_recovery_controller,retrieval context cannot trigger recovery
combined_stress,compound_mechanism_shift,cloth_slide_over_edge,1,84,0.547619,0.549964,0.172922,0.087025,0.487026,0.227774,0.082156,minus_recovery_controller,retrieval context cannot trigger recovery
combined_stress,compound_mechanism_shift,cloth_slide_over_edge,2,84,0.607143,0.550836,0.173570,0.086307,0.487972,0.227360,0.082587,minus_recovery_controller,retrieval context cannot trigger recovery
combined_stress,compound_mechanism_shift,cloth_slide_over_edge,3,84,0.511905,0.551708,0.174218,0.088684,0.488918,0.229114,0.083019,minus_recovery_controller,retrieval context cannot trigger recovery
combined_stress,compound_mechanism_shift,cloth_slide_over_edge,4,84,0.440476,0.552580,0.174866,0.090585,0.489864,0.222530,0.083451,minus_recovery_controller,retrieval context cannot trigger recovery
combined_stress,compound_mechanism_shift,cloth_slide_over_edge,5,84,0.595238,0.553452,0.175514,0.087963,0.490810,0.220783,0.083882,minus_recovery_controller,retrieval context cannot trigger recovery
combined_stress,compound_mechanism_shift,cloth_slide_over_edge,6,84,0.511905,0.554324,0.176162,0.090102,0.491756,0.222370,0.084314,minus_recovery_controller,retrieval context cannot trigger recovery
combined_stress,compound_mechanism_shift,twist_lid_with_force_limit,0,84,0.619048,0.541587,0.174525,0.090440,0.455264,0.220984,0.084376,minus_recovery_controller,retrieval context cannot trigger recovery
combined_stress,compound_mechanism_shift,twist_lid_with_force_limit,1,84,0.595238,0.542499,0.175203,0.091411,0.456254,0.221757,0.076824,minus_recovery_controller,retrieval context cannot trigger recovery
combined_stress,compound_mechanism_shift,twist_lid_with_force_limit,2,84,0.523810,0.543411,0.175881,0.093335,0.457244,0.223197,0.077276,minus_recovery_controller,retrieval context cannot trigger recovery
combined_stress,compound_mechanism_shift,twist_lid_with_force_limit,3,84,0.714286,0.544323,0.176559,0.090020,0.458234,0.220971,0.077728,minus_recovery_controller,retrieval context cannot trigger recovery
combined_stress,compound_mechanism_shift,twist_lid_with_force_limit,4,84,0.666667,0.545235,0.177237,0.091467,0.459224,0.222077,0.078181,minus_recovery_controller,retrieval context cannot trigger recovery
combined_stress,compound_mechanism_shift,twist_lid_with_force_limit,5,84,0.571429,0.546147,0.177915,0.093867,0.460214,0.223851,0.078633,minus_recovery_controller,retrieval context cannot trigger recovery
combined_stress,compound_mechanism_shift,twist_lid_with_force_limit,6,84,0.619048,0.547059,0.178593,0.093410,0.461203,0.223624,0.079085,minus_recovery_controller,retrieval context cannot trigger recovery
combined_stress,source_matched,drawer_pull_with_stiction,0,84,0.726190,0.562624,0.156222,0.070197,0.532095,0.249277,0.073967,minus_calibration_guard,mechanism match scores are uncalibrated
combined_stress,source_matched,drawer_pull_with_stiction,1,84,0.726190,0.563432,0.156822,0.070634,0.532971,0.241661,0.074366,minus_calibration_guard,mechanism match scores are uncalibrated
combined_stress,source_matched,drawer_pull_with_stiction,2,84,0.666667,0.564240,0.145416,0.071361,0.534327,0.242882,0.074549,minus_calibration_guard,mechanism match scores are uncalibrated
combined_stress,source_matched,drawer_pull_with_stiction,3,84,0.690476,0.565048,0.146016,0.071322,0.535203,0.242937,0.074947,minus_calibration_guard,mechanism match scores are uncalibrated
combined_stress,source_matched,drawer_pull_with_stiction,4,84,0.654762,0.565856,0.146616,0.072473,0.536079,0.243825,0.075346,minus_calibration_guard,mechanism match scores are uncalibrated
combined_stress,source_matched,drawer_pull_with_stiction,5,84,0.702381,0.566664,0.147216,0.071958,0.536955,0.243546,0.067741,minus_calibration_guard,mechanism match scores are uncalibrated
combined_stress,source_matched,drawer_pull_with_stiction,6,84,0.571429,0.567472,0.147816,0.075014,0.537831,0.245768,0.068140,minus_calibration_guard,mechanism match scores are uncalibrated
combined_stress,source_matched,peg_insert_contact_search,0,84,0.738095,0.570553,0.150089,0.066019,0.516705,0.245728,0.070460,minus_calibration_guard,mechanism match scores are uncalibrated
combined_stress,source_matched,peg_insert_contact_search,1,84,0.750000,0.571361,0.150689,0.066218,0.517581,0.245949,0.070859,minus_calibration_guard,mechanism match scores are uncalibrated
combined_stress,source_matched,peg_insert_contact_search,2,84,0.702381,0.572169,0.151289,0.067607,0.518457,0.247004,0.071258,minus_calibration_guard,mechanism match scores are uncalibrated
combined_stress,source_matched,peg_insert_contact_search,3,84,0.726190,0.572977,0.151889,0.067568,0.519333,0.247058,0.071656,minus_calibration_guard,mechanism match scores are uncalibrated
combined_stress,source_matched,peg_insert_contact_search,4,84,0.690476,0.573785,0.152489,0.068719,0.520209,0.247946,0.072055,minus_calibration_guard,mechanism match scores are uncalibrated
combined_stress,source_matched,peg_insert_contact_search,5,84,0.714286,0.574593,0.153089,0.068680,0.521085,0.248001,0.072454,minus_calibration_guard,mechanism match scores are uncalibrated
combined_stress,source_matched,peg_insert_contact_search,6,84,0.642857,0.575401,0.153689,0.070546,0.521961,0.249389,0.072853,minus_calibration_guard,mechanism match scores are uncalibrated
combined_stress,source_matched,cable_route_around_hook,0,84,0.726190,0.565733,0.148972,0.066633,0.548406,0.247578,0.072166,minus_calibration_guard,mechanism match scores are uncalibrated
combined_stress,source_matched,cable_route_around_hook,1,84,0.666667,0.566525,0.149560,0.068252,0.549264,0.248792,0.072557,minus_calibration_guard,mechanism match scores are uncalibrated
combined_stress,source_matched,cable_route_around_hook,2,84,0.619048,0.567317,0.150148,0.069632,0.550122,0.249838,0.072947,minus_calibration_guard,mechanism match scores are uncalibrated
combined_stress,source_matched,cable_route_around_hook,3,84,0.630952,0.568109,0.150736,0.069822,0.550981,0.250052,0.073338,minus_calibration_guard,mechanism match scores are uncalibrated
combined_stress,source_matched,cable_route_around_hook,4,84,0.702381,0.568901,0.151324,0.068822,0.551839,0.249432,0.073729,minus_calibration_guard,mechanism match scores are uncalibrated
combined_stress,source_matched,cable_route_around_hook,5,84,0.702381,0.569693,0.151912,0.069250,0.552698,0.249812,0.074119,minus_calibration_guard,mechanism match scores are uncalibrated
combined_stress,source_matched,cable_route_around_hook,6,84,0.666667,0.570485,0.152500,0.070392,0.553556,0.242688,0.074510,minus_calibration_guard,mechanism match scores are uncalibrated
combined_stress,source_matched,cloth_slide_over_edge,0,84,0.547619,0.562918,0.147921,0.071370,0.542288,0.244135,0.074198,minus_calibration_guard,mechanism match scores are uncalibrated
combined_stress,source_matched,cloth_slide_over_edge,1,84,0.583333,0.563694,0.148497,0.071075,0.543129,0.244007,0.074580,minus_calibration_guard,mechanism match scores are uncalibrated
combined_stress,source_matched,cloth_slide_over_edge,2,84,0.619048,0.564470,0.149073,0.070779,0.543970,0.243879,0.074963,minus_calibration_guard,mechanism match scores are uncalibrated
combined_stress,source_matched,cloth_slide_over_edge,3,84,0.690476,0.565246,0.149649,0.069770,0.544811,0.243251,0.075345,minus_calibration_guard,mechanism match scores are uncalibrated
combined_stress,source_matched,cloth_slide_over_edge,4,84,0.607143,0.566022,0.150225,0.071856,0.545652,0.244790,0.075727,minus_calibration_guard,mechanism match scores are uncalibrated
combined_stress,source_matched,cloth_slide_over_edge,5,84,0.642857,0.566798,0.150801,0.071561,0.546493,0.244662,0.068106,minus_calibration_guard,mechanism match scores are uncalibrated
combined_stress,source_matched,cloth_slide_over_edge,6,84,0.654762,0.567574,0.151377,0.071742,0.547334,0.244867,0.068488,minus_calibration_guard,mechanism match scores are uncalibrated
combined_stress,source_matched,twist_lid_with_force_limit,0,84,0.726190,0.564052,0.156648,0.069917,0.502924,0.248589,0.073282,minus_calibration_guard,mechanism match scores are uncalibrated
combined_stress,source_matched,twist_lid_with_force_limit,1,84,0.690476,0.564868,0.145248,0.070172,0.504289,0.249481,0.073469,minus_calibration_guard,mechanism match scores are uncalibrated
combined_stress,source_matched,twist_lid_with_force_limit,2,84,0.654762,0.565684,0.145854,0.071328,0.505174,0.242369,0.073872,minus_calibration_guard,mechanism match scores are uncalibrated
combined_stress,source_matched,twist_lid_with_force_limit,3,84,0.678571,0.566500,0.146460,0.071293,0.506059,0.242428,0.074275,minus_calibration_guard,mechanism match scores are uncalibrated
combined_stress,source_matched,twist_lid_with_force_limit,4,84,0.714286,0.567316,0.147066,0.071020,0.506944,0.242320,0.074678,minus_calibration_guard,mechanism match scores are uncalibrated
combined_stress,source_matched,twist_lid_with_force_limit,5,84,0.726190,0.568132,0.147672,0.071224,0.507828,0.242545,0.075080,minus_calibration_guard,mechanism match scores are uncalibrated
combined_stress,source_matched,twist_lid_with_force_limit,6,84,0.714286,0.568948,0.148278,0.071903,0.508713,0.243104,0.075483,minus_calibration_guard,mechanism match scores are uncalibrated
combined_stress,friction_mismatch,drawer_pull_with_stiction,0,84,0.678571,0.565595,0.159638,0.078141,0.536647,0.252275,0.076641,minus_calibration_guard,mechanism match scores are uncalibrated
combined_stress,friction_mismatch,drawer_pull_with_stiction,1,84,0.642857,0.566427,0.160256,0.079306,0.537549,0.245171,0.077052,minus_calibration_guard,mechanism match scores are uncalibrated
combined_stress,friction_mismatch,drawer_pull_with_stiction,2,84,0.678571,0.567259,0.160874,0.079042,0.538452,0.245071,0.077463,minus_calibration_guard,mechanism match scores are uncalibrated
combined_stress,friction_mismatch,drawer_pull_with_stiction,3,84,0.654762,0.568091,0.161492,0.079969,0.539354,0.245804,0.077874,minus_calibration_guard,mechanism match scores are uncalibrated
combined_stress,friction_mismatch,drawer_pull_with_stiction,4,84,0.750000,0.568923,0.162110,0.070510,0.540256,0.244871,0.078285,minus_calibration_guard,mechanism match scores are uncalibrated
combined_stress,friction_mismatch,drawer_pull_with_stiction,5,84,0.690476,0.569755,0.162728,0.072151,0.541158,0.246104,0.070692,minus_calibration_guard,mechanism match scores are uncalibrated
combined_stress,friction_mismatch,drawer_pull_with_stiction,6,84,0.642857,0.554579,0.163346,0.073554,0.542061,0.247171,0.071103,minus_calibration_guard,mechanism match scores are uncalibrated
combined_stress,friction_mismatch,peg_insert_contact_search,0,84,0.642857,0.556172,0.164502,0.075069,0.519305,0.248720,0.072659,minus_calibration_guard,mechanism match scores are uncalibrated
combined_stress,friction_mismatch,peg_insert_contact_search,1,84,0.654762,0.557004,0.165120,0.075281,0.520207,0.248953,0.073071,minus_calibration_guard,mechanism match scores are uncalibrated
combined_stress,friction_mismatch,peg_insert_contact_search,2,84,0.678571,0.557836,0.165738,0.075255,0.503101,0.249020,0.073482,minus_calibration_guard,mechanism match scores are uncalibrated
combined_stress,friction_mismatch,peg_insert_contact_search,3,84,0.678571,0.558668,0.166356,0.075705,0.504003,0.249420,0.073893,minus_calibration_guard,mechanism match scores are uncalibrated
combined_stress,friction_mismatch,peg_insert_contact_search,4,84,0.535714,0.559500,0.154968,0.078112,0.505385,0.251820,0.074088,minus_calibration_guard,mechanism match scores are uncalibrated
combined_stress,friction_mismatch,peg_insert_contact_search,5,84,0.607143,0.560332,0.155586,0.077134,0.506288,0.251220,0.074499,minus_calibration_guard,mechanism match scores are uncalibrated
combined_stress,friction_mismatch,peg_insert_contact_search,6,84,0.571429,0.561164,0.156204,0.078299,0.507190,0.252120,0.074910,minus_calibration_guard,mechanism match scores are uncalibrated
combined_stress,friction_mismatch,cable_route_around_hook,0,84,0.571429,0.562296,0.159587,0.074056,0.545461,0.248872,0.071765,minus_calibration_guard,mechanism match scores are uncalibrated
combined_stress,friction_mismatch,cable_route_around_hook,1,84,0.559524,0.563112,0.160193,0.074736,0.546346,0.249431,0.072168,minus_calibration_guard,mechanism match scores are uncalibrated
combined_stress,friction_mismatch,cable_route_around_hook,2,84,0.642857,0.563928,0.160799,0.073511,0.547230,0.248656,0.072571,minus_calibration_guard,mechanism match scores are uncalibrated
combined_stress,friction_mismatch,cable_route_around_hook,3,84,0.547619,0.564744,0.161405,0.075857,0.548115,0.250382,0.072974,minus_calibration_guard,mechanism match scores are uncalibrated
combined_stress,friction_mismatch,cable_route_around_hook,4,84,0.559524,0.565560,0.162011,0.076060,0.549000,0.250607,0.073377,minus_calibration_guard,mechanism match scores are uncalibrated
combined_stress,friction_mismatch,cable_route_around_hook,5,84,0.607143,0.566376,0.162617,0.075549,0.549885,0.250332,0.073780,minus_calibration_guard,mechanism match scores are uncalibrated
combined_stress,friction_mismatch,cable_route_around_hook,6,84,0.583333,0.567192,0.163223,0.076467,0.550769,0.251058,0.074183,minus_calibration_guard,mechanism match scores are uncalibrated
combined_stress,friction_mismatch,cloth_slide_over_edge,0,84,0.642857,0.570017,0.166438,0.079654,0.532871,0.247197,0.071203,minus_calibration_guard,mechanism match scores are uncalibrated
combined_stress,friction_mismatch,cloth_slide_over_edge,1,84,0.583333,0.554809,0.167032,0.081277,0.533738,0.248415,0.071598,minus_calibration_guard,mechanism match scores are uncalibrated
combined_stress,friction_mismatch,cloth_slide_over_edge,2,84,0.690476,0.555609,0.155620,0.078666,0.535086,0.247299,0.071776,minus_calibration_guard,mechanism match scores are uncalibrated
combined_stress,friction_mismatch,cloth_slide_over_edge,3,84,0.702381,0.556409,0.156214,0.070856,0.535953,0.247516,0.072171,minus_calibration_guard,mechanism match scores are uncalibrated
combined_stress,friction_mismatch,cloth_slide_over_edge,4,84,0.595238,0.557209,0.156808,0.073432,0.536820,0.249400,0.072566,minus_calibration_guard,mechanism match scores are uncalibrated
combined_stress,friction_mismatch,cloth_slide_over_edge,5,84,0.547619,0.558009,0.157402,0.074817,0.537688,0.250451,0.072960,minus_calibration_guard,mechanism match scores are uncalibrated
combined_stress,friction_mismatch,cloth_slide_over_edge,6,84,0.630952,0.558809,0.157996,0.073583,0.538555,0.249668,0.073355,minus_calibration_guard,mechanism match scores are uncalibrated
combined_stress,friction_mismatch,twist_lid_with_force_limit,0,84,0.619048,0.568991,0.161539,0.080146,0.509632,0.245401,0.076966,minus_calibration_guard,mechanism match scores are uncalibrated
combined_stress,friction_mismatch,twist_lid_with_force_limit,1,84,0.666667,0.569831,0.162163,0.079649,0.510543,0.245138,0.077381,minus_calibration_guard,mechanism match scores are uncalibrated
combined_stress,friction_mismatch,twist_lid_with_force_limit,2,84,0.654762,0.554663,0.162787,0.072338,0.511454,0.245709,0.077797,minus_calibration_guard,mechanism match scores are uncalibrated
combined_stress,friction_mismatch,twist_lid_with_force_limit,3,84,0.654762,0.555503,0.163411,0.072793,0.512365,0.246113,0.078212,minus_calibration_guard,mechanism match scores are uncalibrated
combined_stress,friction_mismatch,twist_lid_with_force_limit,4,84,0.654762,0.556343,0.164035,0.073247,0.513276,0.246517,0.070623,minus_calibration_guard,mechanism match scores are uncalibrated
combined_stress,friction_mismatch,twist_lid_with_force_limit,5,84,0.666667,0.557183,0.164659,0.073464,0.514187,0.246754,0.071038,minus_calibration_guard,mechanism match scores are uncalibrated
combined_stress,friction_mismatch,twist_lid_with_force_limit,6,84,0.630952,0.558023,0.165283,0.074633,0.515098,0.247658,0.071453,minus_calibration_guard,mechanism match scores are uncalibrated
combined_stress,support_topology_shift,drawer_pull_with_stiction,0,84,0.666667,0.553814,0.166783,0.078695,0.537948,0.247701,0.072153,minus_calibration_guard,mechanism match scores are uncalibrated
combined_stress,support_topology_shift,drawer_pull_with_stiction,1,84,0.547619,0.554686,0.167431,0.081549,0.538894,0.249787,0.072585,minus_calibration_guard,mechanism match scores are uncalibrated
combined_stress,support_topology_shift,drawer_pull_with_stiction,2,84,0.678571,0.555558,0.168079,0.079402,0.539840,0.248374,0.073017,minus_calibration_guard,mechanism match scores are uncalibrated
combined_stress,support_topology_shift,drawer_pull_with_stiction,3,84,0.726190,0.556430,0.168727,0.078923,0.540787,0.248127,0.073448,minus_calibration_guard,mechanism match scores are uncalibrated
combined_stress,support_topology_shift,drawer_pull_with_stiction,4,84,0.583333,0.557302,0.169375,0.082252,0.541733,0.250547,0.073880,minus_calibration_guard,mechanism match scores are uncalibrated
combined_stress,support_topology_shift,drawer_pull_with_stiction,5,84,0.619048,0.558174,0.170023,0.082011,0.542679,0.250467,0.074312,minus_calibration_guard,mechanism match scores are uncalibrated
combined_stress,support_topology_shift,drawer_pull_with_stiction,6,84,0.642857,0.559046,0.170671,0.082007,0.525616,0.250554,0.074743,minus_calibration_guard,mechanism match scores are uncalibrated
combined_stress,support_topology_shift,peg_insert_contact_search,0,84,0.595238,0.558159,0.169967,0.083095,0.518154,0.251530,0.075026,minus_calibration_guard,mechanism match scores are uncalibrated
combined_stress,support_topology_shift,peg_insert_contact_search,1,84,0.619048,0.559031,0.170615,0.083091,0.501091,0.251617,0.075457,minus_calibration_guard,mechanism match scores are uncalibrated
combined_stress,support_topology_shift,peg_insert_contact_search,2,84,0.595238,0.559903,0.171263,0.084040,0.502037,0.252370,0.075889,minus_calibration_guard,mechanism match scores are uncalibrated
combined_stress,support_topology_shift,peg_insert_contact_search,3,84,0.630952,0.560775,0.159905,0.082898,0.503463,0.252290,0.076105,minus_calibration_guard,mechanism match scores are uncalibrated
combined_stress,support_topology_shift,peg_insert_contact_search,4,84,0.607143,0.561647,0.160553,0.083847,0.504409,0.253043,0.076536,minus_calibration_guard,mechanism match scores are uncalibrated
combined_stress,support_topology_shift,peg_insert_contact_search,5,84,0.642857,0.562519,0.161201,0.075601,0.505355,0.252963,0.076968,minus_calibration_guard,mechanism match scores are uncalibrated
combined_stress,support_topology_shift,peg_insert_contact_search,6,84,0.595238,0.563391,0.161849,0.077026,0.506301,0.254050,0.077400,minus_calibration_guard,mechanism match scores are uncalibrated
combined_stress,support_topology_shift,cable_route_around_hook,0,84,0.595238,0.555844,0.170728,0.084864,0.552596,0.254466,0.078018,minus_calibration_guard,mechanism match scores are uncalibrated
combined_stress,support_topology_shift,cable_route_around_hook,1,84,0.619048,0.556700,0.171364,0.076847,0.535516,0.254545,0.078441,minus_calibration_guard,mechanism match scores are uncalibrated
combined_stress,support_topology_shift,cable_route_around_hook,2,84,0.595238,0.557556,0.172000,0.077787,0.536444,0.247286,0.078865,minus_calibration_guard,mechanism match scores are uncalibrated
combined_stress,support_topology_shift,cable_route_around_hook,3,84,0.511905,0.558412,0.160630,0.079017,0.537853,0.248865,0.079072,minus_calibration_guard,mechanism match scores are uncalibrated
combined_stress,support_topology_shift,cable_route_around_hook,4,84,0.595238,0.559268,0.161266,0.077814,0.538782,0.248110,0.079496,minus_calibration_guard,mechanism match scores are uncalibrated
combined_stress,support_topology_shift,cable_route_around_hook,5,84,0.595238,0.560124,0.161902,0.078278,0.539710,0.248522,0.079919,minus_calibration_guard,mechanism match scores are uncalibrated
combined_stress,support_topology_shift,cable_route_around_hook,6,84,0.571429,0.560980,0.162538,0.079218,0.540639,0.249268,0.072338,minus_calibration_guard,mechanism match scores are uncalibrated
combined_stress,support_topology_shift,cloth_slide_over_edge,0,84,0.607143,0.554444,0.170739,0.078575,0.548029,0.249064,0.072772,minus_calibration_guard,mechanism match scores are uncalibrated
combined_stress,support_topology_shift,cloth_slide_over_edge,1,84,0.619048,0.555284,0.171363,0.078791,0.530931,0.249302,0.073188,minus_calibration_guard,mechanism match scores are uncalibrated
combined_stress,support_topology_shift,cloth_slide_over_edge,2,84,0.571429,0.556124,0.171987,0.080198,0.531842,0.250372,0.073603,minus_calibration_guard,mechanism match scores are uncalibrated
combined_stress,support_topology_shift,cloth_slide_over_edge,3,84,0.571429,0.556964,0.160605,0.079753,0.533233,0.250776,0.073802,minus_calibration_guard,mechanism match scores are uncalibrated
combined_stress,support_topology_shift,cloth_slide_over_edge,4,84,0.619048,0.557804,0.161229,0.079255,0.534144,0.250514,0.074217,minus_calibration_guard,mechanism match scores are uncalibrated
combined_stress,support_topology_shift,cloth_slide_over_edge,5,84,0.690476,0.558644,0.161853,0.078281,0.535055,0.249918,0.074633,minus_calibration_guard,mechanism match scores are uncalibrated
combined_stress,support_topology_shift,cloth_slide_over_edge,6,84,0.607143,0.559484,0.162477,0.080403,0.535967,0.251488,0.075048,minus_calibration_guard,mechanism match scores are uncalibrated
combined_stress,support_topology_shift,twist_lid_with_force_limit,0,84,0.690476,0.560491,0.171144,0.080858,0.496515,0.249304,0.074163,minus_calibration_guard,mechanism match scores are uncalibrated
combined_stress,support_topology_shift,twist_lid_with_force_limit,1,84,0.702381,0.561371,0.159792,0.080197,0.497951,0.249561,0.074383,minus_calibration_guard,mechanism match scores are uncalibrated
combined_stress,support_topology_shift,twist_lid_with_force_limit,2,84,0.642857,0.562251,0.160446,0.081864,0.498905,0.250819,0.074818,minus_calibration_guard,mechanism match scores are uncalibrated
combined_stress,support_topology_shift,twist_lid_with_force_limit,3,84,0.702381,0.563131,0.161100,0.081151,0.499860,0.250409,0.075254,minus_calibration_guard,mechanism match scores are uncalibrated
combined_stress,support_topology_shift,twist_lid_with_force_limit,4,84,0.690476,0.564011,0.161754,0.081866,0.500815,0.251000,0.075690,minus_calibration_guard,mechanism match scores are uncalibrated
combined_stress,support_topology_shift,twist_lid_with_force_limit,5,84,0.726190,0.564891,0.162408,0.081629,0.501770,0.250924,0.076126,minus_calibration_guard,mechanism match scores are uncalibrated
combined_stress,support_topology_shift,twist_lid_with_force_limit,6,84,0.642857,0.565771,0.163062,0.075768,0.502725,0.252515,0.076562,minus_calibration_guard,mechanism match scores are uncalibrated
combined_stress,compliance_shift,drawer_pull_with_stiction,0,84,0.666667,0.561784,0.167478,0.076532,0.535973,0.248582,0.073110,minus_calibration_guard,mechanism match scores are uncalibrated
combined_stress,compliance_shift,drawer_pull_with_stiction,1,84,0.607143,0.562608,0.168090,0.078168,0.536867,0.249812,0.073517,minus_calibration_guard,mechanism match scores are uncalibrated
combined_stress,compliance_shift,drawer_pull_with_stiction,2,84,0.678571,0.563432,0.168702,0.077185,0.537761,0.249208,0.073924,minus_calibration_guard,mechanism match scores are uncalibrated
combined_stress,compliance_shift,drawer_pull_with_stiction,3,84,0.571429,0.564256,0.169314,0.079774,0.538654,0.251104,0.074331,minus_calibration_guard,mechanism match scores are uncalibrated
combined_stress,compliance_shift,drawer_pull_with_stiction,4,84,0.547619,0.565080,0.169926,0.080696,0.539548,0.251833,0.074738,minus_calibration_guard,mechanism match scores are uncalibrated
combined_stress,compliance_shift,drawer_pull_with_stiction,5,84,0.535714,0.549896,0.170538,0.081380,0.540441,0.252396,0.075145,minus_calibration_guard,mechanism match scores are uncalibrated
combined_stress,compliance_shift,drawer_pull_with_stiction,6,84,0.690476,0.550720,0.171150,0.078731,0.541335,0.250625,0.075552,minus_calibration_guard,mechanism match scores are uncalibrated
combined_stress,compliance_shift,peg_insert_contact_search,0,84,0.630952,0.552809,0.172678,0.081712,0.501113,0.253256,0.077363,minus_calibration_guard,mechanism match scores are uncalibrated
combined_stress,compliance_shift,peg_insert_contact_search,1,84,0.738095,0.553633,0.161284,0.079114,0.502487,0.252152,0.077554,minus_calibration_guard,mechanism match scores are uncalibrated
combined_stress,compliance_shift,peg_insert_contact_search,2,84,0.559524,0.554457,0.161896,0.083132,0.503380,0.255048,0.077961,minus_calibration_guard,mechanism match scores are uncalibrated
combined_stress,compliance_shift,peg_insert_contact_search,3,84,0.571429,0.555281,0.162508,0.083340,0.504274,0.255277,0.078368,minus_calibration_guard,mechanism match scores are uncalibrated
combined_stress,compliance_shift,peg_insert_contact_search,4,84,0.559524,0.556105,0.163120,0.084024,0.505167,0.247836,0.078775,minus_calibration_guard,mechanism match scores are uncalibrated
combined_stress,compliance_shift,peg_insert_contact_search,5,84,0.607143,0.556929,0.163732,0.083517,0.506061,0.247565,0.079182,minus_calibration_guard,mechanism match scores are uncalibrated
combined_stress,compliance_shift,peg_insert_contact_search,6,84,0.535714,0.557753,0.164344,0.085392,0.506954,0.248961,0.079589,minus_calibration_guard,mechanism match scores are uncalibrated
combined_stress,compliance_shift,cable_route_around_hook,0,84,0.571429,0.560621,0.169029,0.081401,0.547126,0.254085,0.077335,minus_calibration_guard,mechanism match scores are uncalibrated
combined_stress,compliance_shift,cable_route_around_hook,1,84,0.642857,0.561429,0.169629,0.080409,0.548002,0.253473,0.077734,minus_calibration_guard,mechanism match scores are uncalibrated
combined_stress,compliance_shift,cable_route_around_hook,2,84,0.595238,0.562237,0.170229,0.081798,0.548878,0.254528,0.078133,minus_calibration_guard,mechanism match scores are uncalibrated
combined_stress,compliance_shift,cable_route_around_hook,3,84,0.654762,0.563045,0.170829,0.081045,0.549754,0.254082,0.078532,minus_calibration_guard,mechanism match scores are uncalibrated
combined_stress,compliance_shift,cable_route_around_hook,4,84,0.547619,0.563853,0.171429,0.083625,0.550630,0.255970,0.078931,minus_calibration_guard,mechanism match scores are uncalibrated
combined_stress,compliance_shift,cable_route_around_hook,5,84,0.571429,0.564661,0.172029,0.083586,0.551506,0.248021,0.079329,minus_calibration_guard,mechanism match scores are uncalibrated
combined_stress,compliance_shift,cable_route_around_hook,6,84,0.571429,0.549461,0.172629,0.084023,0.534373,0.248409,0.079728,minus_calibration_guard,mechanism match scores are uncalibrated
combined_stress,compliance_shift,cloth_slide_over_edge,0,84,0.654762,0.554158,0.165242,0.078870,0.537014,0.253155,0.077494,minus_calibration_guard,mechanism match scores are uncalibrated
combined_stress,compliance_shift,cloth_slide_over_edge,1,84,0.619048,0.554950,0.165830,0.080012,0.537872,0.254035,0.077884,minus_calibration_guard,mechanism match scores are uncalibrated
combined_stress,compliance_shift,cloth_slide_over_edge,2,84,0.547619,0.555742,0.166418,0.081869,0.538731,0.255415,0.078275,minus_calibration_guard,mechanism match scores are uncalibrated
combined_stress,compliance_shift,cloth_slide_over_edge,3,84,0.714286,0.556534,0.167006,0.078964,0.539589,0.253462,0.078665,minus_calibration_guard,mechanism match scores are uncalibrated
combined_stress,compliance_shift,cloth_slide_over_edge,4,84,0.559524,0.557326,0.167594,0.082487,0.540448,0.256009,0.079056,minus_calibration_guard,mechanism match scores are uncalibrated
combined_stress,compliance_shift,cloth_slide_over_edge,5,84,0.511905,0.558118,0.168182,0.083868,0.541306,0.249051,0.079446,minus_calibration_guard,mechanism match scores are uncalibrated
combined_stress,compliance_shift,cloth_slide_over_edge,6,84,0.642857,0.558910,0.168770,0.081677,0.542165,0.247598,0.079837,minus_calibration_guard,mechanism match scores are uncalibrated
combined_stress,compliance_shift,twist_lid_with_force_limit,0,84,0.666667,0.564524,0.168887,0.076981,0.508240,0.248551,0.073098,minus_calibration_guard,mechanism match scores are uncalibrated
combined_stress,compliance_shift,twist_lid_with_force_limit,1,84,0.619048,0.565356,0.169505,0.078384,0.509142,0.249617,0.073509,minus_calibration_guard,mechanism match scores are uncalibrated
combined_stress,compliance_shift,twist_lid_with_force_limit,2,84,0.726190,0.550180,0.170123,0.076691,0.510044,0.248517,0.073921,minus_calibration_guard,mechanism match scores are uncalibrated
combined_stress,compliance_shift,twist_lid_with_force_limit,3,84,0.630952,0.551012,0.170741,0.079047,0.510947,0.250251,0.074332,minus_calibration_guard,mechanism match scores are uncalibrated
combined_stress,compliance_shift,twist_lid_with_force_limit,4,84,0.630952,0.551844,0.171359,0.079497,0.511849,0.250651,0.074743,minus_calibration_guard,mechanism match scores are uncalibrated
combined_stress,compliance_shift,twist_lid_with_force_limit,5,84,0.595238,0.552676,0.171977,0.080662,0.494742,0.251551,0.075154,minus_calibration_guard,mechanism match scores are uncalibrated
combined_stress,compliance_shift,twist_lid_with_force_limit,6,84,0.738095,0.553508,0.172595,0.078255,0.495644,0.249951,0.075565,minus_calibration_guard,mechanism match scores are uncalibrated
combined_stress,occluded_contact_shift,drawer_pull_with_stiction,0,84,0.738095,0.558534,0.168009,0.078747,0.528851,0.246321,0.079955,minus_calibration_guard,mechanism match scores are uncalibrated
combined_stress,occluded_contact_shift,drawer_pull_with_stiction,1,84,0.702381,0.559406,0.168657,0.079934,0.529797,0.247241,0.080387,minus_calibration_guard,mechanism match scores are uncalibrated
combined_stress,occluded_contact_shift,drawer_pull_with_stiction,2,84,0.678571,0.560278,0.169305,0.080882,0.530743,0.247994,0.080819,minus_calibration_guard,mechanism match scores are uncalibrated
combined_stress,occluded_contact_shift,drawer_pull_with_stiction,3,84,0.595238,0.561150,0.169953,0.083022,0.531689,0.249581,0.081250,minus_calibration_guard,mechanism match scores are uncalibrated
combined_stress,occluded_contact_shift,drawer_pull_with_stiction,4,84,0.654762,0.562022,0.170601,0.082304,0.532636,0.249167,0.073678,minus_calibration_guard,mechanism match scores are uncalibrated
combined_stress,occluded_contact_shift,drawer_pull_with_stiction,5,84,0.642857,0.546886,0.171249,0.083015,0.533582,0.249754,0.074110,minus_calibration_guard,mechanism match scores are uncalibrated
combined_stress,occluded_contact_shift,drawer_pull_with_stiction,6,84,0.666667,0.547758,0.171897,0.083011,0.534528,0.249841,0.074541,minus_calibration_guard,mechanism match scores are uncalibrated
combined_stress,occluded_contact_shift,peg_insert_contact_search,0,84,0.607143,0.546871,0.171193,0.084337,0.509056,0.250983,0.074824,minus_calibration_guard,mechanism match scores are uncalibrated
combined_stress,occluded_contact_shift,peg_insert_contact_search,1,84,0.619048,0.547743,0.171841,0.084571,0.510003,0.251237,0.075256,minus_calibration_guard,mechanism match scores are uncalibrated
combined_stress,occluded_contact_shift,peg_insert_contact_search,2,84,0.595238,0.548615,0.172489,0.085520,0.510949,0.251990,0.075687,minus_calibration_guard,mechanism match scores are uncalibrated
combined_stress,occluded_contact_shift,peg_insert_contact_search,3,84,0.666667,0.549487,0.173137,0.084564,0.511895,0.251410,0.076119,minus_calibration_guard,mechanism match scores are uncalibrated
combined_stress,occluded_contact_shift,peg_insert_contact_search,4,84,0.666667,0.550359,0.173785,0.085037,0.512841,0.251830,0.076551,minus_calibration_guard,mechanism match scores are uncalibrated
combined_stress,occluded_contact_shift,peg_insert_contact_search,5,84,0.714286,0.551231,0.174433,0.084557,0.513787,0.251583,0.076982,minus_calibration_guard,mechanism match scores are uncalibrated
combined_stress,occluded_contact_shift,peg_insert_contact_search,6,84,0.654762,0.552103,0.175081,0.086220,0.514733,0.252837,0.077414,minus_calibration_guard,mechanism match scores are uncalibrated
combined_stress,occluded_contact_shift,cable_route_around_hook,0,84,0.571429,0.560564,0.171955,0.086820,0.543499,0.254420,0.077816,minus_calibration_guard,mechanism match scores are uncalibrated
combined_stress,occluded_contact_shift,cable_route_around_hook,1,84,0.607143,0.561420,0.172591,0.086569,0.544428,0.254332,0.078239,minus_calibration_guard,mechanism match scores are uncalibrated
combined_stress,occluded_contact_shift,cable_route_around_hook,2,84,0.535714,0.546268,0.173227,0.088462,0.545356,0.255744,0.078663,minus_calibration_guard,mechanism match scores are uncalibrated
combined_stress,occluded_contact_shift,cable_route_around_hook,3,84,0.535714,0.547124,0.173863,0.088925,0.546285,0.256156,0.079086,minus_calibration_guard,mechanism match scores are uncalibrated
combined_stress,occluded_contact_shift,cable_route_around_hook,4,84,0.619048,0.547980,0.174499,0.087722,0.547213,0.255401,0.079510,minus_calibration_guard,mechanism match scores are uncalibrated
combined_stress,occluded_contact_shift,cable_route_around_hook,5,84,0.630952,0.548836,0.175135,0.087948,0.548142,0.255646,0.079933,minus_calibration_guard,mechanism match scores are uncalibrated
combined_stress,occluded_contact_shift,cable_route_around_hook,6,84,0.714286,0.549692,0.175771,0.078741,0.549071,0.246888,0.080357,minus_calibration_guard,mechanism match scores are uncalibrated
combined_stress,occluded_contact_shift,cloth_slide_over_edge,0,84,0.630952,0.559164,0.171965,0.087582,0.538932,0.248351,0.080575,minus_calibration_guard,mechanism match scores are uncalibrated
combined_stress,occluded_contact_shift,cloth_slide_over_edge,1,84,0.571429,0.560004,0.172589,0.089228,0.539843,0.249588,0.080990,minus_calibration_guard,mechanism match scores are uncalibrated
combined_stress,occluded_contact_shift,cloth_slide_over_edge,2,84,0.595238,0.560844,0.173213,0.081202,0.540754,0.249659,0.081405,minus_calibration_guard,mechanism match scores are uncalibrated
combined_stress,occluded_contact_shift,cloth_slide_over_edge,3,84,0.619048,0.561684,0.173837,0.081181,0.541665,0.249730,0.081820,minus_calibration_guard,mechanism match scores are uncalibrated
combined_stress,occluded_contact_shift,cloth_slide_over_edge,4,84,0.559524,0.546516,0.174461,0.082826,0.542576,0.250967,0.074232,minus_calibration_guard,mechanism match scores are uncalibrated
combined_stress,occluded_contact_shift,cloth_slide_over_edge,5,84,0.547619,0.547356,0.175085,0.083519,0.543487,0.251538,0.074647,minus_calibration_guard,mechanism match scores are uncalibrated
combined_stress,occluded_contact_shift,cloth_slide_over_edge,6,84,0.535714,0.548196,0.175709,0.084212,0.544398,0.252108,0.075062,minus_calibration_guard,mechanism match scores are uncalibrated
combined_stress,occluded_contact_shift,twist_lid_with_force_limit,0,84,0.761905,0.549203,0.172370,0.080910,0.505427,0.247924,0.073961,minus_calibration_guard,mechanism match scores are uncalibrated
combined_stress,occluded_contact_shift,twist_lid_with_force_limit,1,84,0.547619,0.550083,0.173024,0.085672,0.506382,0.251348,0.074397,minus_calibration_guard,mechanism match scores are uncalibrated
combined_stress,occluded_contact_shift,twist_lid_with_force_limit,2,84,0.738095,0.550963,0.173678,0.082340,0.507337,0.249105,0.074833,minus_calibration_guard,mechanism match scores are uncalibrated
combined_stress,occluded_contact_shift,twist_lid_with_force_limit,3,84,0.666667,0.551843,0.174332,0.084246,0.508292,0.250529,0.075268,minus_calibration_guard,mechanism match scores are uncalibrated
combined_stress,occluded_contact_shift,twist_lid_with_force_limit,4,84,0.571429,0.552723,0.174986,0.086627,0.509247,0.252287,0.075704,minus_calibration_guard,mechanism match scores are uncalibrated
combined_stress,occluded_contact_shift,twist_lid_with_force_limit,5,84,0.642857,0.553603,0.175640,0.085676,0.510202,0.251711,0.076140,minus_calibration_guard,mechanism match scores are uncalibrated
combined_stress,occluded_contact_shift,twist_lid_with_force_limit,6,84,0.654762,0.554483,0.176294,0.085915,0.511156,0.251968,0.076576,minus_calibration_guard,mechanism match scores are uncalibrated
combined_stress,actuator_lag_shift,drawer_pull_with_stiction,0,84,0.619048,0.558116,0.174374,0.088541,0.532872,0.256198,0.080370,minus_calibration_guard,mechanism match scores are uncalibrated
combined_stress,actuator_lag_shift,drawer_pull_with_stiction,1,84,0.630952,0.558956,0.174998,0.088758,0.533783,0.256435,0.080785,minus_calibration_guard,mechanism match scores are uncalibrated
combined_stress,actuator_lag_shift,drawer_pull_with_stiction,2,84,0.642857,0.559796,0.175622,0.088975,0.534694,0.248668,0.081200,minus_calibration_guard,mechanism match scores are uncalibrated
combined_stress,actuator_lag_shift,drawer_pull_with_stiction,3,84,0.666667,0.544628,0.176246,0.080949,0.535605,0.248739,0.081616,minus_calibration_guard,mechanism match scores are uncalibrated
combined_stress,actuator_lag_shift,drawer_pull_with_stiction,4,84,0.654762,0.545468,0.176870,0.081642,0.536516,0.249310,0.082031,minus_calibration_guard,mechanism match scores are uncalibrated
combined_stress,actuator_lag_shift,drawer_pull_with_stiction,5,84,0.654762,0.546308,0.177494,0.082097,0.537427,0.249714,0.082446,minus_calibration_guard,mechanism match scores are uncalibrated
combined_stress,actuator_lag_shift,drawer_pull_with_stiction,6,84,0.630952,0.547148,0.178118,0.083028,0.538338,0.250451,0.074857,minus_calibration_guard,mechanism match scores are uncalibrated
combined_stress,actuator_lag_shift,peg_insert_contact_search,0,84,0.702381,0.548246,0.178902,0.082838,0.497030,0.250752,0.076159,minus_calibration_guard,mechanism match scores are uncalibrated
combined_stress,actuator_lag_shift,peg_insert_contact_search,1,84,0.583333,0.549086,0.179526,0.085674,0.497941,0.252823,0.076574,minus_calibration_guard,mechanism match scores are uncalibrated
combined_stress,actuator_lag_shift,peg_insert_contact_search,2,84,0.678571,0.549926,0.168144,0.083323,0.499332,0.251894,0.076773,minus_calibration_guard,mechanism match scores are uncalibrated
combined_stress,actuator_lag_shift,peg_insert_contact_search,3,84,0.559524,0.550766,0.168768,0.086159,0.500243,0.253964,0.077188,minus_calibration_guard,mechanism match scores are uncalibrated
combined_stress,actuator_lag_shift,peg_insert_contact_search,4,84,0.547619,0.551606,0.169392,0.086852,0.501155,0.254535,0.077603,minus_calibration_guard,mechanism match scores are uncalibrated
combined_stress,actuator_lag_shift,peg_insert_contact_search,5,84,0.583333,0.552446,0.170016,0.086593,0.502066,0.254439,0.078019,minus_calibration_guard,mechanism match scores are uncalibrated
combined_stress,actuator_lag_shift,peg_insert_contact_search,6,84,0.666667,0.553286,0.170640,0.085381,0.502977,0.253676,0.078434,minus_calibration_guard,mechanism match scores are uncalibrated
combined_stress,actuator_lag_shift,cable_route_around_hook,0,84,0.559524,0.552682,0.172722,0.090320,0.539347,0.251061,0.082402,minus_calibration_guard,mechanism match scores are uncalibrated
combined_stress,actuator_lag_shift,cable_route_around_hook,1,84,0.619048,0.553506,0.173334,0.089575,0.540240,0.250623,0.082809,minus_calibration_guard,mechanism match scores are uncalibrated
combined_stress,actuator_lag_shift,cable_route_around_hook,2,84,0.726190,0.554330,0.173946,0.079874,0.541134,0.249519,0.075212,minus_calibration_guard,mechanism match scores are uncalibrated
combined_stress,actuator_lag_shift,cable_route_around_hook,3,84,0.619048,0.555154,0.174558,0.082463,0.542027,0.251415,0.075619,minus_calibration_guard,mechanism match scores are uncalibrated
combined_stress,actuator_lag_shift,cable_route_around_hook,4,84,0.500000,0.555978,0.175170,0.085290,0.542921,0.253478,0.076026,minus_calibration_guard,mechanism match scores are uncalibrated
combined_stress,actuator_lag_shift,cable_route_around_hook,5,84,0.583333,0.556802,0.175782,0.084069,0.543814,0.252707,0.076433,minus_calibration_guard,mechanism match scores are uncalibrated
combined_stress,actuator_lag_shift,cable_route_around_hook,6,84,0.559524,0.557626,0.176394,0.084991,0.544708,0.253437,0.076840,minus_calibration_guard,mechanism match scores are uncalibrated
combined_stress,actuator_lag_shift,cloth_slide_over_edge,0,84,0.642857,0.558579,0.178204,0.086660,0.542768,0.256311,0.080903,minus_calibration_guard,mechanism match scores are uncalibrated
combined_stress,actuator_lag_shift,cloth_slide_over_edge,1,84,0.678571,0.559387,0.178804,0.086383,0.543644,0.248195,0.081302,minus_calibration_guard,mechanism match scores are uncalibrated
combined_stress,actuator_lag_shift,cloth_slide_over_edge,2,84,0.500000,0.544187,0.179404,0.090391,0.526511,0.251083,0.081700,minus_calibration_guard,mechanism match scores are uncalibrated
combined_stress,actuator_lag_shift,cloth_slide_over_edge,3,84,0.666667,0.544995,0.180004,0.087495,0.527387,0.249138,0.082099,minus_calibration_guard,mechanism match scores are uncalibrated
combined_stress,actuator_lag_shift,cloth_slide_over_edge,4,84,0.595238,0.545803,0.180604,0.089361,0.528263,0.250526,0.082498,minus_calibration_guard,mechanism match scores are uncalibrated
combined_stress,actuator_lag_shift,cloth_slide_over_edge,5,84,0.619048,0.546611,0.169198,0.088421,0.529620,0.250580,0.082681,minus_calibration_guard,mechanism match scores are uncalibrated
combined_stress,actuator_lag_shift,cloth_slide_over_edge,6,84,0.583333,0.547419,0.169798,0.089572,0.530496,0.251468,0.075076,minus_calibration_guard,mechanism match scores are uncalibrated
combined_stress,actuator_lag_shift,twist_lid_with_force_limit,0,84,0.619048,0.546161,0.176768,0.089721,0.506574,0.248818,0.081032,minus_calibration_guard,mechanism match scores are uncalibrated
combined_stress,actuator_lag_shift,twist_lid_with_force_limit,1,84,0.654762,0.547009,0.177398,0.081462,0.507494,0.248726,0.081452,minus_calibration_guard,mechanism match scores are uncalibrated
combined_stress,actuator_lag_shift,twist_lid_with_force_limit,2,84,0.607143,0.547857,0.178028,0.082873,0.508414,0.249801,0.081871,minus_calibration_guard,mechanism match scores are uncalibrated
combined_stress,actuator_lag_shift,twist_lid_with_force_limit,3,84,0.595238,0.548705,0.178658,0.083571,0.509334,0.250376,0.082290,minus_calibration_guard,mechanism match scores are uncalibrated
combined_stress,actuator_lag_shift,twist_lid_with_force_limit,4,84,0.690476,0.549553,0.179288,0.082125,0.492245,0.249450,0.074706,minus_calibration_guard,mechanism match scores are uncalibrated
combined_stress,actuator_lag_shift,twist_lid_with_force_limit,5,84,0.583333,0.550401,0.179918,0.084727,0.493164,0.251358,0.075125,minus_calibration_guard,mechanism match scores are uncalibrated
combined_stress,actuator_lag_shift,twist_lid_with_force_limit,6,84,0.654762,0.551249,0.168542,0.082857,0.494565,0.250766,0.075328,minus_calibration_guard,mechanism match scores are uncalibrated
combined_stress,compound_mechanism_shift,drawer_pull_with_stiction,0,84,0.535714,0.553222,0.180716,0.097771,0.525628,0.257846,0.081184,minus_calibration_guard,mechanism match scores are uncalibrated
combined_stress,compound_mechanism_shift,drawer_pull_with_stiction,1,84,0.678571,0.538102,0.181376,0.087392,0.526592,0.256274,0.081624,minus_calibration_guard,mechanism match scores are uncalibrated
combined_stress,compound_mechanism_shift,drawer_pull_with_stiction,2,84,0.619048,0.538990,0.182036,0.089064,0.527555,0.257535,0.082064,minus_calibration_guard,mechanism match scores are uncalibrated
combined_stress,compound_mechanism_shift,drawer_pull_with_stiction,3,84,0.714286,0.539878,0.182696,0.087640,0.528519,0.256630,0.082504,minus_calibration_guard,mechanism match scores are uncalibrated
combined_stress,compound_mechanism_shift,drawer_pull_with_stiction,4,84,0.583333,0.540766,0.183356,0.090741,0.529482,0.258891,0.082944,minus_calibration_guard,mechanism match scores are uncalibrated
combined_stress,compound_mechanism_shift,drawer_pull_with_stiction,5,84,0.500000,0.541654,0.184016,0.092889,0.530446,0.252482,0.083383,minus_calibration_guard,mechanism match scores are uncalibrated
combined_stress,compound_mechanism_shift,drawer_pull_with_stiction,6,84,0.642857,0.542542,0.184676,0.090514,0.531410,0.250910,0.083823,minus_calibration_guard,mechanism match scores are uncalibrated
combined_stress,compound_mechanism_shift,peg_insert_contact_search,0,84,0.607143,0.540663,0.183228,0.090811,0.504852,0.251223,0.083597,minus_calibration_guard,mechanism match scores are uncalibrated
combined_stress,compound_mechanism_shift,peg_insert_contact_search,1,84,0.571429,0.541551,0.183888,0.092007,0.505816,0.252151,0.084036,minus_calibration_guard,mechanism match scores are uncalibrated
combined_stress,compound_mechanism_shift,peg_insert_contact_search,2,84,0.511905,0.542439,0.184548,0.093679,0.506779,0.253413,0.084476,minus_calibration_guard,mechanism match scores are uncalibrated
combined_stress,compound_mechanism_shift,peg_insert_contact_search,3,84,0.642857,0.543327,0.185208,0.091541,0.507743,0.252007,0.076912,minus_calibration_guard,mechanism match scores are uncalibrated
combined_stress,compound_mechanism_shift,peg_insert_contact_search,4,84,0.535714,0.544215,0.185868,0.094166,0.508706,0.253935,0.077352,minus_calibration_guard,mechanism match scores are uncalibrated
combined_stress,compound_mechanism_shift,peg_insert_contact_search,5,84,0.571429,0.545103,0.186528,0.093933,0.509670,0.253863,0.077792,minus_calibration_guard,mechanism match scores are uncalibrated
combined_stress,compound_mechanism_shift,peg_insert_contact_search,6,84,0.464286,0.545991,0.187188,0.096557,0.510634,0.255791,0.078232,minus_calibration_guard,mechanism match scores are uncalibrated
combined_stress,compound_mechanism_shift,cable_route_around_hook,0,84,0.630952,0.550980,0.181458,0.090226,0.535598,0.252138,0.084855,minus_calibration_guard,mechanism match scores are uncalibrated
combined_stress,compound_mechanism_shift,cable_route_around_hook,1,84,0.619048,0.551852,0.182106,0.090937,0.536544,0.252725,0.077283,minus_calibration_guard,mechanism match scores are uncalibrated
combined_stress,compound_mechanism_shift,cable_route_around_hook,2,84,0.619048,0.552724,0.182754,0.091410,0.537490,0.253145,0.077714,minus_calibration_guard,mechanism match scores are uncalibrated
combined_stress,compound_mechanism_shift,cable_route_around_hook,3,84,0.416667,0.537588,0.183402,0.095930,0.538436,0.256398,0.078146,minus_calibration_guard,mechanism match scores are uncalibrated
combined_stress,compound_mechanism_shift,cable_route_around_hook,4,84,0.583333,0.538460,0.184050,0.093069,0.539382,0.254485,0.078578,minus_calibration_guard,mechanism match scores are uncalibrated
combined_stress,compound_mechanism_shift,cable_route_around_hook,5,84,0.547619,0.539332,0.184698,0.094256,0.540328,0.255405,0.079009,minus_calibration_guard,mechanism match scores are uncalibrated
combined_stress,compound_mechanism_shift,cable_route_around_hook,6,84,0.488095,0.540204,0.185346,0.095919,0.541275,0.256658,0.079441,minus_calibration_guard,mechanism match scores are uncalibrated
combined_stress,compound_mechanism_shift,cloth_slide_over_edge,0,84,0.619048,0.545932,0.178732,0.090388,0.527036,0.253250,0.077736,minus_calibration_guard,mechanism match scores are uncalibrated
combined_stress,compound_mechanism_shift,cloth_slide_over_edge,1,84,0.595238,0.546788,0.179368,0.091328,0.527965,0.253995,0.078160,minus_calibration_guard,mechanism match scores are uncalibrated
combined_stress,compound_mechanism_shift,cloth_slide_over_edge,2,84,0.547619,0.547644,0.180004,0.092744,0.528893,0.255074,0.078583,minus_calibration_guard,mechanism match scores are uncalibrated
combined_stress,compound_mechanism_shift,cloth_slide_over_edge,3,84,0.619048,0.548500,0.180640,0.091779,0.529822,0.254486,0.079007,minus_calibration_guard,mechanism match scores are uncalibrated
combined_stress,compound_mechanism_shift,cloth_slide_over_edge,4,84,0.642857,0.549356,0.181276,0.091767,0.530751,0.254564,0.079430,minus_calibration_guard,mechanism match scores are uncalibrated
combined_stress,compound_mechanism_shift,cloth_slide_over_edge,5,84,0.559524,0.550212,0.181912,0.093897,0.531679,0.256143,0.079854,minus_calibration_guard,mechanism match scores are uncalibrated
combined_stress,compound_mechanism_shift,cloth_slide_over_edge,6,84,0.559524,0.551068,0.182548,0.094361,0.532608,0.256555,0.080277,minus_calibration_guard,mechanism match scores are uncalibrated
combined_stress,compound_mechanism_shift,twist_lid_with_force_limit,0,84,0.559524,0.545203,0.186061,0.092660,0.503641,0.252101,0.083868,minus_calibration_guard,mechanism match scores are uncalibrated
combined_stress,compound_mechanism_shift,twist_lid_with_force_limit,1,84,0.583333,0.546099,0.186727,0.092670,0.504613,0.252200,0.084311,minus_calibration_guard,mechanism match scores are uncalibrated
combined_stress,compound_mechanism_shift,twist_lid_with_force_limit,2,84,0.619048,0.546995,0.187393,0.092442,0.505585,0.252132,0.084755,minus_calibration_guard,mechanism match scores are uncalibrated
combined_stress,compound_mechanism_shift,twist_lid_with_force_limit,3,84,0.571429,0.547891,0.188059,0.093880,0.488549,0.253231,0.077195,minus_calibration_guard,mechanism match scores are uncalibrated
combined_stress,compound_mechanism_shift,twist_lid_with_force_limit,4,84,0.583333,0.548787,0.188725,0.094128,0.489521,0.253496,0.077639,minus_calibration_guard,mechanism match scores are uncalibrated
combined_stress,compound_mechanism_shift,twist_lid_with_force_limit,5,84,0.583333,0.549683,0.177385,0.093713,0.490974,0.253928,0.077867,minus_calibration_guard,mechanism match scores are uncalibrated
combined_stress,compound_mechanism_shift,twist_lid_with_force_limit,6,84,0.642857,0.550579,0.178051,0.093009,0.491946,0.253527,0.078311,minus_calibration_guard,mechanism match scores are uncalibrated
combined_stress,source_matched,drawer_pull_with_stiction,0,84,0.750000,0.548048,0.201271,0.074023,0.517060,0.201608,0.071442,top1_only_retrieval,uses a single retrieved episode without diversity
combined_stress,source_matched,drawer_pull_with_stiction,1,84,0.654762,0.548824,0.201847,0.076347,0.499892,0.203313,0.071824,top1_only_retrieval,uses a single retrieved episode without diversity
combined_stress,source_matched,drawer_pull_with_stiction,2,84,0.666667,0.549600,0.202423,0.076528,0.500733,0.203518,0.072207,top1_only_retrieval,uses a single retrieved episode without diversity
combined_stress,source_matched,drawer_pull_with_stiction,3,84,0.595238,0.550376,0.202999,0.078376,0.501574,0.204890,0.072589,top1_only_retrieval,uses a single retrieved episode without diversity
combined_stress,source_matched,drawer_pull_with_stiction,4,84,0.750000,0.551152,0.191569,0.074800,0.502895,0.203096,0.072755,top1_only_retrieval,uses a single retrieved episode without diversity
combined_stress,source_matched,drawer_pull_with_stiction,5,84,0.690476,0.535920,0.192145,0.076409,0.503736,0.204301,0.073138,top1_only_retrieval,uses a single retrieved episode without diversity
combined_stress,source_matched,drawer_pull_with_stiction,6,84,0.619048,0.536696,0.192721,0.078257,0.504577,0.205673,0.073520,top1_only_retrieval,uses a single retrieved episode without diversity
combined_stress,source_matched,peg_insert_contact_search,0,84,0.678571,0.541761,0.196395,0.080506,0.485626,0.200121,0.068854,top1_only_retrieval,uses a single retrieved episode without diversity
combined_stress,source_matched,peg_insert_contact_search,1,84,0.666667,0.542537,0.196971,0.081163,0.486467,0.200660,0.069236,top1_only_retrieval,uses a single retrieved episode without diversity
combined_stress,source_matched,peg_insert_contact_search,2,84,0.607143,0.543313,0.197547,0.082773,0.487308,0.201865,0.069618,top1_only_retrieval,uses a single retrieved episode without diversity
combined_stress,source_matched,peg_insert_contact_search,3,84,0.654762,0.544089,0.198123,0.082240,0.488149,0.201570,0.070001,top1_only_retrieval,uses a single retrieved episode without diversity
combined_stress,source_matched,peg_insert_contact_search,4,84,0.595238,0.544865,0.198699,0.083850,0.488990,0.202776,0.070383,top1_only_retrieval,uses a single retrieved episode without diversity
combined_stress,source_matched,peg_insert_contact_search,5,84,0.547619,0.545641,0.199275,0.085221,0.489831,0.203814,0.070765,top1_only_retrieval,uses a single retrieved episode without diversity
combined_stress,source_matched,peg_insert_contact_search,6,84,0.666667,0.546417,0.199851,0.075255,0.490672,0.202520,0.071148,top1_only_retrieval,uses a single retrieved episode without diversity
combined_stress,source_matched,cable_route_around_hook,0,84,0.559524,0.543693,0.200600,0.079035,0.524710,0.206848,0.074032,top1_only_retrieval,uses a single retrieved episode without diversity
combined_stress,source_matched,cable_route_around_hook,1,84,0.642857,0.544453,0.201164,0.077778,0.525534,0.206045,0.074406,top1_only_retrieval,uses a single retrieved episode without diversity
combined_stress,source_matched,cable_route_around_hook,2,84,0.630952,0.545213,0.201728,0.078427,0.526357,0.206576,0.074780,top1_only_retrieval,uses a single retrieved episode without diversity
combined_stress,source_matched,cable_route_around_hook,3,84,0.595238,0.545973,0.202292,0.079551,0.527181,0.207440,0.075154,top1_only_retrieval,uses a single retrieved episode without diversity
combined_stress,source_matched,cable_route_around_hook,4,84,0.535714,0.546733,0.202856,0.081152,0.509995,0.200633,0.075528,top1_only_retrieval,uses a single retrieved episode without diversity
combined_stress,source_matched,cable_route_around_hook,5,84,0.642857,0.547493,0.203420,0.079419,0.510819,0.199497,0.075902,top1_only_retrieval,uses a single retrieved episode without diversity
combined_stress,source_matched,cable_route_around_hook,6,84,0.630952,0.548253,0.191978,0.079167,0.512122,0.200028,0.076060,top1_only_retrieval,uses a single retrieved episode without diversity
combined_stress,source_matched,cloth_slide_over_edge,0,84,0.690476,0.548174,0.192950,0.080734,0.509056,0.202719,0.071588,top1_only_retrieval,uses a single retrieved episode without diversity
combined_stress,source_matched,cloth_slide_over_edge,1,84,0.523810,0.548918,0.193502,0.084468,0.509862,0.205409,0.071954,top1_only_retrieval,uses a single retrieved episode without diversity
combined_stress,source_matched,cloth_slide_over_edge,2,84,0.619048,0.549662,0.194054,0.082965,0.510667,0.204431,0.072320,top1_only_retrieval,uses a single retrieved episode without diversity
combined_stress,source_matched,cloth_slide_over_edge,3,84,0.583333,0.550406,0.194606,0.084081,0.511473,0.205287,0.072686,top1_only_retrieval,uses a single retrieved episode without diversity
combined_stress,source_matched,cloth_slide_over_edge,4,84,0.630952,0.551150,0.195158,0.075526,0.512279,0.204977,0.073052,top1_only_retrieval,uses a single retrieved episode without diversity
combined_stress,source_matched,cloth_slide_over_edge,5,84,0.702381,0.535886,0.195710,0.074499,0.513085,0.204333,0.073418,top1_only_retrieval,uses a single retrieved episode without diversity
combined_stress,source_matched,cloth_slide_over_edge,6,84,0.595238,0.536630,0.196262,0.077043,0.513891,0.206189,0.073784,top1_only_retrieval,uses a single retrieved episode without diversity
combined_stress,source_matched,twist_lid_with_force_limit,0,84,0.726190,0.546852,0.199696,0.080761,0.485017,0.199941,0.069409,top1_only_retrieval,uses a single retrieved episode without diversity
combined_stress,source_matched,twist_lid_with_force_limit,1,84,0.595238,0.547636,0.200278,0.083804,0.485867,0.202151,0.069795,top1_only_retrieval,uses a single retrieved episode without diversity
combined_stress,source_matched,twist_lid_with_force_limit,2,84,0.630952,0.548420,0.200860,0.083513,0.486717,0.202027,0.070182,top1_only_retrieval,uses a single retrieved episode without diversity
combined_stress,source_matched,twist_lid_with_force_limit,3,84,0.714286,0.549204,0.201442,0.074266,0.487567,0.201236,0.070568,top1_only_retrieval,uses a single retrieved episode without diversity
combined_stress,source_matched,twist_lid_with_force_limit,4,84,0.595238,0.549988,0.202024,0.077071,0.470407,0.203279,0.070955,top1_only_retrieval,uses a single retrieved episode without diversity
combined_stress,source_matched,twist_lid_with_force_limit,5,84,0.714286,0.550772,0.202606,0.075114,0.471257,0.201988,0.071341,top1_only_retrieval,uses a single retrieved episode without diversity
combined_stress,source_matched,twist_lid_with_force_limit,6,84,0.761905,0.551556,0.191182,0.073685,0.472587,0.201697,0.071512,top1_only_retrieval,uses a single retrieved episode without diversity
combined_stress,friction_mismatch,drawer_pull_with_stiction,0,84,0.761905,0.540363,0.210418,0.083883,0.509395,0.206448,0.076895,top1_only_retrieval,uses a single retrieved episode without diversity
combined_stress,friction_mismatch,drawer_pull_with_stiction,1,84,0.666667,0.541163,0.211012,0.086221,0.510262,0.208166,0.077289,top1_only_retrieval,uses a single retrieved episode without diversity
combined_stress,friction_mismatch,drawer_pull_with_stiction,2,84,0.559524,0.541963,0.211606,0.088796,0.511129,0.210050,0.077684,top1_only_retrieval,uses a single retrieved episode without diversity
combined_stress,friction_mismatch,drawer_pull_with_stiction,3,84,0.654762,0.542763,0.212200,0.087324,0.511997,0.201096,0.078079,top1_only_retrieval,uses a single retrieved episode without diversity
combined_stress,friction_mismatch,drawer_pull_with_stiction,4,84,0.607143,0.543563,0.212794,0.088709,0.512864,0.202147,0.078473,top1_only_retrieval,uses a single retrieved episode without diversity
combined_stress,friction_mismatch,drawer_pull_with_stiction,5,84,0.595238,0.544363,0.213388,0.089379,0.495722,0.202698,0.078868,top1_only_retrieval,uses a single retrieved episode without diversity
combined_stress,friction_mismatch,drawer_pull_with_stiction,6,84,0.547619,0.529155,0.213982,0.090764,0.496589,0.203748,0.079263,top1_only_retrieval,uses a single retrieved episode without diversity
combined_stress,friction_mismatch,peg_insert_contact_search,0,84,0.595238,0.532732,0.204534,0.083519,0.476490,0.205623,0.073616,top1_only_retrieval,uses a single retrieved episode without diversity
combined_stress,friction_mismatch,peg_insert_contact_search,1,84,0.678571,0.533532,0.205128,0.082285,0.477357,0.204840,0.074011,top1_only_retrieval,uses a single retrieved episode without diversity
combined_stress,friction_mismatch,peg_insert_contact_search,2,84,0.619048,0.534332,0.205722,0.083908,0.478224,0.206057,0.074405,top1_only_retrieval,uses a single retrieved episode without diversity
combined_stress,friction_mismatch,peg_insert_contact_search,3,84,0.571429,0.535132,0.206316,0.085293,0.479092,0.207108,0.074800,top1_only_retrieval,uses a single retrieved episode without diversity
combined_stress,friction_mismatch,peg_insert_contact_search,4,84,0.535714,0.535932,0.206910,0.086440,0.479959,0.207992,0.075195,top1_only_retrieval,uses a single retrieved episode without diversity
combined_stress,friction_mismatch,peg_insert_contact_search,5,84,0.619048,0.536732,0.207504,0.085206,0.480826,0.207209,0.075589,top1_only_retrieval,uses a single retrieved episode without diversity
combined_stress,friction_mismatch,peg_insert_contact_search,6,84,0.535714,0.537532,0.208098,0.087305,0.481693,0.208760,0.075984,top1_only_retrieval,uses a single retrieved episode without diversity
combined_stress,friction_mismatch,cable_route_around_hook,0,84,0.535714,0.529600,0.204942,0.086044,0.510029,0.208984,0.076194,top1_only_retrieval,uses a single retrieved episode without diversity
combined_stress,friction_mismatch,cable_route_around_hook,1,84,0.571429,0.530384,0.205524,0.085754,0.510878,0.208860,0.076580,top1_only_retrieval,uses a single retrieved episode without diversity
combined_stress,friction_mismatch,cable_route_around_hook,2,84,0.547619,0.531168,0.206106,0.086654,0.511728,0.209570,0.076967,top1_only_retrieval,uses a single retrieved episode without diversity
combined_stress,friction_mismatch,cable_route_around_hook,3,84,0.630952,0.531952,0.206688,0.085411,0.512578,0.208779,0.077353,top1_only_retrieval,uses a single retrieved episode without diversity
combined_stress,friction_mismatch,cable_route_around_hook,4,84,0.500000,0.532736,0.207270,0.088453,0.513428,0.210988,0.077740,top1_only_retrieval,uses a single retrieved episode without diversity
combined_stress,friction_mismatch,cable_route_around_hook,5,84,0.488095,0.533520,0.207852,0.089115,0.514277,0.203527,0.078126,top1_only_retrieval,uses a single retrieved episode without diversity
combined_stress,friction_mismatch,cable_route_around_hook,6,84,0.559524,0.534304,0.208434,0.088110,0.515127,0.202903,0.078513,top1_only_retrieval,uses a single retrieved episode without diversity
combined_stress,friction_mismatch,cloth_slide_over_edge,0,84,0.559524,0.528609,0.205194,0.087743,0.505911,0.203620,0.079161,top1_only_retrieval,uses a single retrieved episode without diversity
combined_stress,friction_mismatch,cloth_slide_over_edge,1,84,0.500000,0.529377,0.205764,0.089348,0.506743,0.204821,0.079539,top1_only_retrieval,uses a single retrieved episode without diversity
combined_stress,friction_mismatch,cloth_slide_over_edge,2,84,0.571429,0.530145,0.206334,0.088334,0.507575,0.204189,0.071913,top1_only_retrieval,uses a single retrieved episode without diversity
combined_stress,friction_mismatch,cloth_slide_over_edge,3,84,0.559524,0.530913,0.206904,0.088987,0.508407,0.204724,0.072291,top1_only_retrieval,uses a single retrieved episode without diversity
combined_stress,friction_mismatch,cloth_slide_over_edge,4,84,0.607143,0.531681,0.207474,0.088450,0.509240,0.204425,0.072670,top1_only_retrieval,uses a single retrieved episode without diversity
combined_stress,friction_mismatch,cloth_slide_over_edge,5,84,0.535714,0.532449,0.208044,0.090293,0.510072,0.205793,0.073048,top1_only_retrieval,uses a single retrieved episode without diversity
combined_stress,friction_mismatch,cloth_slide_over_edge,6,84,0.595238,0.533217,0.208614,0.089517,0.510904,0.205328,0.073426,top1_only_retrieval,uses a single retrieved episode without diversity
combined_stress,friction_mismatch,twist_lid_with_force_limit,0,84,0.750000,0.541135,0.210319,0.083474,0.479507,0.205599,0.075872,top1_only_retrieval,uses a single retrieved episode without diversity
combined_stress,friction_mismatch,twist_lid_with_force_limit,1,84,0.654762,0.541943,0.210919,0.085816,0.480383,0.207321,0.076271,top1_only_retrieval,uses a single retrieved episode without diversity
combined_stress,friction_mismatch,twist_lid_with_force_limit,2,84,0.535714,0.542751,0.211519,0.088634,0.481259,0.209375,0.076670,top1_only_retrieval,uses a single retrieved episode without diversity
combined_stress,friction_mismatch,twist_lid_with_force_limit,3,84,0.654762,0.543559,0.212119,0.086690,0.482135,0.208097,0.077069,top1_only_retrieval,uses a single retrieved episode without diversity
combined_stress,friction_mismatch,twist_lid_with_force_limit,4,84,0.547619,0.544367,0.212719,0.089270,0.483011,0.209985,0.077467,top1_only_retrieval,uses a single retrieved episode without diversity
combined_stress,friction_mismatch,twist_lid_with_force_limit,5,84,0.738095,0.529167,0.213319,0.085897,0.465878,0.199702,0.077866,top1_only_retrieval,uses a single retrieved episode without diversity
combined_stress,friction_mismatch,twist_lid_with_force_limit,6,84,0.666667,0.529975,0.213919,0.087763,0.466754,0.201090,0.078265,top1_only_retrieval,uses a single retrieved episode without diversity
combined_stress,support_topology_shift,drawer_pull_with_stiction,0,84,0.619048,0.525038,0.215669,0.093146,0.506785,0.209939,0.078605,top1_only_retrieval,uses a single retrieved episode without diversity
combined_stress,support_topology_shift,drawer_pull_with_stiction,1,84,0.607143,0.525878,0.216293,0.093839,0.507696,0.210510,0.079020,top1_only_retrieval,uses a single retrieved episode without diversity
combined_stress,support_topology_shift,drawer_pull_with_stiction,2,84,0.607143,0.526718,0.216917,0.094294,0.508607,0.202910,0.079436,top1_only_retrieval,uses a single retrieved episode without diversity
combined_stress,support_topology_shift,drawer_pull_with_stiction,3,84,0.654762,0.527558,0.217541,0.085792,0.509518,0.202647,0.079851,top1_only_retrieval,uses a single retrieved episode without diversity
combined_stress,support_topology_shift,drawer_pull_with_stiction,4,84,0.559524,0.528398,0.218165,0.088152,0.510429,0.204385,0.080266,top1_only_retrieval,uses a single retrieved episode without diversity
combined_stress,support_topology_shift,drawer_pull_with_stiction,5,84,0.595238,0.529238,0.218789,0.087892,0.511340,0.204289,0.080681,top1_only_retrieval,uses a single retrieved episode without diversity
combined_stress,support_topology_shift,drawer_pull_with_stiction,6,84,0.642857,0.530078,0.219413,0.087395,0.494242,0.204026,0.073093,top1_only_retrieval,uses a single retrieved episode without diversity
combined_stress,support_topology_shift,peg_insert_contact_search,0,84,0.595238,0.531175,0.208105,0.088679,0.471427,0.205994,0.074176,top1_only_retrieval,uses a single retrieved episode without diversity
combined_stress,support_topology_shift,peg_insert_contact_search,1,84,0.511905,0.532015,0.208729,0.090801,0.472338,0.207565,0.074592,top1_only_retrieval,uses a single retrieved episode without diversity
combined_stress,support_topology_shift,peg_insert_contact_search,2,84,0.678571,0.532855,0.209353,0.087922,0.473249,0.205635,0.075007,top1_only_retrieval,uses a single retrieved episode without diversity
combined_stress,support_topology_shift,peg_insert_contact_search,3,84,0.571429,0.533695,0.209977,0.090520,0.474160,0.207539,0.075422,top1_only_retrieval,uses a single retrieved episode without diversity
combined_stress,support_topology_shift,peg_insert_contact_search,4,84,0.488095,0.534535,0.210601,0.092641,0.475071,0.209110,0.075837,top1_only_retrieval,uses a single retrieved episode without diversity
combined_stress,support_topology_shift,peg_insert_contact_search,5,84,0.547619,0.535375,0.211225,0.091905,0.475982,0.208681,0.076252,top1_only_retrieval,uses a single retrieved episode without diversity
combined_stress,support_topology_shift,peg_insert_contact_search,6,84,0.607143,0.536215,0.211849,0.091170,0.476893,0.208251,0.076668,top1_only_retrieval,uses a single retrieved episode without diversity
combined_stress,support_topology_shift,cable_route_around_hook,0,84,0.464286,0.535612,0.214189,0.096842,0.513253,0.206136,0.080640,top1_only_retrieval,uses a single retrieved episode without diversity
combined_stress,support_topology_shift,cable_route_around_hook,1,84,0.619048,0.536436,0.214801,0.086189,0.514146,0.204365,0.081047,top1_only_retrieval,uses a single retrieved episode without diversity
combined_stress,support_topology_shift,cable_route_around_hook,2,84,0.500000,0.537260,0.215413,0.089016,0.515040,0.206428,0.073450,top1_only_retrieval,uses a single retrieved episode without diversity
combined_stress,support_topology_shift,cable_route_around_hook,3,84,0.595238,0.538084,0.216025,0.087557,0.515933,0.205490,0.073857,top1_only_retrieval,uses a single retrieved episode without diversity
combined_stress,support_topology_shift,cable_route_around_hook,4,84,0.500000,0.538908,0.216637,0.089908,0.516827,0.207220,0.074264,top1_only_retrieval,uses a single retrieved episode without diversity
combined_stress,support_topology_shift,cable_route_around_hook,5,84,0.559524,0.539732,0.217249,0.089163,0.517720,0.206782,0.074671,top1_only_retrieval,uses a single retrieved episode without diversity
combined_stress,support_topology_shift,cable_route_around_hook,6,84,0.547619,0.524548,0.217861,0.089847,0.518614,0.207345,0.075078,top1_only_retrieval,uses a single retrieved episode without diversity
combined_stress,support_topology_shift,cloth_slide_over_edge,0,84,0.583333,0.525500,0.219607,0.092464,0.498668,0.210886,0.079140,top1_only_retrieval,uses a single retrieved episode without diversity
combined_stress,support_topology_shift,cloth_slide_over_edge,1,84,0.559524,0.526308,0.220207,0.093377,0.499544,0.203603,0.079539,top1_only_retrieval,uses a single retrieved episode without diversity
combined_stress,support_topology_shift,cloth_slide_over_edge,2,84,0.654762,0.527116,0.208801,0.091009,0.500901,0.202658,0.079722,top1_only_retrieval,uses a single retrieved episode without diversity
combined_stress,support_topology_shift,cloth_slide_over_edge,3,84,0.547619,0.527924,0.209401,0.093589,0.501777,0.204546,0.080120,top1_only_retrieval,uses a single retrieved episode without diversity
combined_stress,support_topology_shift,cloth_slide_over_edge,4,84,0.535714,0.528732,0.210001,0.094264,0.502653,0.205100,0.080519,top1_only_retrieval,uses a single retrieved episode without diversity
combined_stress,support_topology_shift,cloth_slide_over_edge,5,84,0.440476,0.529540,0.210601,0.096606,0.503529,0.206822,0.080918,top1_only_retrieval,uses a single retrieved episode without diversity
combined_stress,support_topology_shift,cloth_slide_over_edge,6,84,0.619048,0.530348,0.211201,0.093471,0.504405,0.204710,0.073313,top1_only_retrieval,uses a single retrieved episode without diversity
combined_stress,support_topology_shift,twist_lid_with_force_limit,0,84,0.690476,0.529091,0.218030,0.084891,0.480489,0.201560,0.079267,top1_only_retrieval,uses a single retrieved episode without diversity
combined_stress,support_topology_shift,twist_lid_with_force_limit,1,84,0.571429,0.529939,0.218660,0.087731,0.481409,0.203635,0.079686,top1_only_retrieval,uses a single retrieved episode without diversity
combined_stress,support_topology_shift,twist_lid_with_force_limit,2,84,0.559524,0.530787,0.219290,0.088428,0.464320,0.204209,0.080106,top1_only_retrieval,uses a single retrieved episode without diversity
combined_stress,support_topology_shift,twist_lid_with_force_limit,3,84,0.642857,0.531635,0.219920,0.087221,0.465239,0.203451,0.080525,top1_only_retrieval,uses a single retrieved episode without diversity
combined_stress,support_topology_shift,twist_lid_with_force_limit,4,84,0.619048,0.532483,0.208544,0.087256,0.466639,0.204192,0.072724,top1_only_retrieval,uses a single retrieved episode without diversity
combined_stress,support_topology_shift,twist_lid_with_force_limit,5,84,0.535714,0.533331,0.209174,0.089382,0.467559,0.205767,0.073144,top1_only_retrieval,uses a single retrieved episode without diversity
combined_stress,support_topology_shift,twist_lid_with_force_limit,6,84,0.607143,0.534179,0.209804,0.088412,0.468479,0.205175,0.073563,top1_only_retrieval,uses a single retrieved episode without diversity
combined_stress,compliance_shift,drawer_pull_with_stiction,0,84,0.642857,0.524480,0.210350,0.085791,0.495457,0.206224,0.075190,top1_only_retrieval,uses a single retrieved episode without diversity
combined_stress,compliance_shift,drawer_pull_with_stiction,1,84,0.666667,0.525272,0.210938,0.085743,0.496315,0.206270,0.075580,top1_only_retrieval,uses a single retrieved episode without diversity
combined_stress,compliance_shift,drawer_pull_with_stiction,2,84,0.595238,0.526064,0.211526,0.087600,0.497174,0.207650,0.075971,top1_only_retrieval,uses a single retrieved episode without diversity
combined_stress,compliance_shift,drawer_pull_with_stiction,3,84,0.535714,0.526856,0.212114,0.089218,0.498032,0.208864,0.076361,top1_only_retrieval,uses a single retrieved episode without diversity
combined_stress,compliance_shift,drawer_pull_with_stiction,4,84,0.523810,0.527648,0.212702,0.089884,0.498891,0.209410,0.076752,top1_only_retrieval,uses a single retrieved episode without diversity
combined_stress,compliance_shift,drawer_pull_with_stiction,5,84,0.607143,0.528440,0.213290,0.088646,0.499749,0.208624,0.077142,top1_only_retrieval,uses a single retrieved episode without diversity
combined_stress,compliance_shift,drawer_pull_with_stiction,6,84,0.690476,0.529232,0.213878,0.087407,0.500607,0.207837,0.077533,top1_only_retrieval,uses a single retrieved episode without diversity
combined_stress,compliance_shift,peg_insert_contact_search,0,84,0.559524,0.533305,0.216808,0.092914,0.480571,0.204456,0.080361,top1_only_retrieval,uses a single retrieved episode without diversity
combined_stress,compliance_shift,peg_insert_contact_search,1,84,0.547619,0.534097,0.217396,0.093580,0.481429,0.205002,0.080752,top1_only_retrieval,uses a single retrieved episode without diversity
combined_stress,compliance_shift,peg_insert_contact_search,2,84,0.559524,0.534889,0.217984,0.093770,0.482288,0.205216,0.081142,top1_only_retrieval,uses a single retrieved episode without diversity
combined_stress,compliance_shift,peg_insert_contact_search,3,84,0.630952,0.535681,0.218572,0.092770,0.483146,0.204596,0.073529,top1_only_retrieval,uses a single retrieved episode without diversity
combined_stress,compliance_shift,peg_insert_contact_search,4,84,0.571429,0.536473,0.219160,0.094388,0.484005,0.205809,0.073919,top1_only_retrieval,uses a single retrieved episode without diversity
combined_stress,compliance_shift,peg_insert_contact_search,5,84,0.500000,0.537265,0.219748,0.096245,0.484863,0.207189,0.074310,top1_only_retrieval,uses a single retrieved episode without diversity
combined_stress,compliance_shift,peg_insert_contact_search,6,84,0.654762,0.538057,0.220336,0.093578,0.485722,0.205402,0.074700,top1_only_retrieval,uses a single retrieved episode without diversity
combined_stress,compliance_shift,cable_route_around_hook,0,84,0.452381,0.531861,0.218482,0.097331,0.515958,0.209328,0.075801,top1_only_retrieval,uses a single retrieved episode without diversity
combined_stress,compliance_shift,cable_route_around_hook,1,84,0.630952,0.532637,0.219058,0.094178,0.516799,0.207200,0.076184,top1_only_retrieval,uses a single retrieved episode without diversity
combined_stress,compliance_shift,cable_route_around_hook,2,84,0.535714,0.533413,0.219634,0.088498,0.517640,0.208905,0.076566,top1_only_retrieval,uses a single retrieved episode without diversity
combined_stress,compliance_shift,cable_route_around_hook,3,84,0.511905,0.534189,0.220210,0.089394,0.518481,0.209610,0.076949,top1_only_retrieval,uses a single retrieved episode without diversity
combined_stress,compliance_shift,cable_route_around_hook,4,84,0.619048,0.534965,0.220786,0.087670,0.519322,0.208482,0.077331,top1_only_retrieval,uses a single retrieved episode without diversity
combined_stress,compliance_shift,cable_route_around_hook,5,84,0.535714,0.535741,0.221362,0.089756,0.520163,0.210021,0.077713,top1_only_retrieval,uses a single retrieved episode without diversity
combined_stress,compliance_shift,cable_route_around_hook,6,84,0.619048,0.536517,0.221938,0.088508,0.502995,0.209226,0.078096,top1_only_retrieval,uses a single retrieved episode without diversity
combined_stress,compliance_shift,cloth_slide_over_edge,0,84,0.583333,0.532694,0.220102,0.089897,0.513838,0.211379,0.079705,top1_only_retrieval,uses a single retrieved episode without diversity
combined_stress,compliance_shift,cloth_slide_over_edge,1,84,0.559524,0.533454,0.220666,0.090783,0.514661,0.204073,0.080079,top1_only_retrieval,uses a single retrieved episode without diversity
combined_stress,compliance_shift,cloth_slide_over_edge,2,84,0.630952,0.534214,0.221230,0.089765,0.497475,0.203437,0.080453,top1_only_retrieval,uses a single retrieved episode without diversity
combined_stress,compliance_shift,cloth_slide_over_edge,3,84,0.619048,0.534974,0.221794,0.090414,0.498299,0.203967,0.080827,top1_only_retrieval,uses a single retrieved episode without diversity
combined_stress,compliance_shift,cloth_slide_over_edge,4,84,0.595238,0.535734,0.222358,0.091300,0.499122,0.204665,0.081202,top1_only_retrieval,uses a single retrieved episode without diversity
combined_stress,compliance_shift,cloth_slide_over_edge,5,84,0.500000,0.536494,0.210916,0.092715,0.500426,0.206362,0.081360,top1_only_retrieval,uses a single retrieved episode without diversity
combined_stress,compliance_shift,cloth_slide_over_edge,6,84,0.416667,0.537254,0.211480,0.094792,0.501249,0.207893,0.073730,top1_only_retrieval,uses a single retrieved episode without diversity
combined_stress,compliance_shift,twist_lid_with_force_limit,0,84,0.690476,0.524596,0.221765,0.092731,0.464371,0.204213,0.074046,top1_only_retrieval,uses a single retrieved episode without diversity
combined_stress,compliance_shift,twist_lid_with_force_limit,1,84,0.630952,0.525396,0.210353,0.093453,0.465718,0.205431,0.074225,top1_only_retrieval,uses a single retrieved episode without diversity
combined_stress,compliance_shift,twist_lid_with_force_limit,2,84,0.630952,0.526196,0.210947,0.085882,0.466585,0.205815,0.074619,top1_only_retrieval,uses a single retrieved episode without diversity
combined_stress,compliance_shift,twist_lid_with_force_limit,3,84,0.642857,0.526996,0.211541,0.086076,0.467453,0.206032,0.075014,top1_only_retrieval,uses a single retrieved episode without diversity
combined_stress,compliance_shift,twist_lid_with_force_limit,4,84,0.547619,0.527796,0.212135,0.088414,0.468320,0.207749,0.075409,top1_only_retrieval,uses a single retrieved episode without diversity
combined_stress,compliance_shift,twist_lid_with_force_limit,5,84,0.571429,0.528596,0.212729,0.088370,0.469187,0.207800,0.075804,top1_only_retrieval,uses a single retrieved episode without diversity
combined_stress,compliance_shift,twist_lid_with_force_limit,6,84,0.654762,0.529396,0.213323,0.087136,0.470054,0.207017,0.076198,top1_only_retrieval,uses a single retrieved episode without diversity
combined_stress,occluded_contact_shift,drawer_pull_with_stiction,0,84,0.523810,0.533182,0.220418,0.098507,0.501399,0.212605,0.080179,top1_only_retrieval,uses a single retrieved episode without diversity
combined_stress,occluded_contact_shift,drawer_pull_with_stiction,1,84,0.583333,0.534022,0.221042,0.097771,0.502310,0.212175,0.080594,top1_only_retrieval,uses a single retrieved episode without diversity
combined_stress,occluded_contact_shift,drawer_pull_with_stiction,2,84,0.714286,0.534862,0.221666,0.095607,0.503221,0.202742,0.081009,top1_only_retrieval,uses a single retrieved episode without diversity
combined_stress,occluded_contact_shift,drawer_pull_with_stiction,3,84,0.654762,0.535702,0.222290,0.097253,0.504132,0.203979,0.081424,top1_only_retrieval,uses a single retrieved episode without diversity
combined_stress,occluded_contact_shift,drawer_pull_with_stiction,4,84,0.666667,0.536542,0.222914,0.089465,0.505043,0.204217,0.081840,top1_only_retrieval,uses a single retrieved episode without diversity
combined_stress,occluded_contact_shift,drawer_pull_with_stiction,5,84,0.654762,0.521374,0.223538,0.090158,0.505954,0.204787,0.082255,top1_only_retrieval,uses a single retrieved episode without diversity
combined_stress,occluded_contact_shift,drawer_pull_with_stiction,6,84,0.726190,0.522214,0.224162,0.089184,0.506865,0.204191,0.074666,top1_only_retrieval,uses a single retrieved episode without diversity
combined_stress,occluded_contact_shift,peg_insert_contact_search,0,84,0.619048,0.523311,0.224860,0.092560,0.483570,0.206993,0.075966,top1_only_retrieval,uses a single retrieved episode without diversity
combined_stress,occluded_contact_shift,peg_insert_contact_search,1,84,0.583333,0.524151,0.225484,0.093729,0.466472,0.207897,0.076381,top1_only_retrieval,uses a single retrieved episode without diversity
combined_stress,occluded_contact_shift,peg_insert_contact_search,2,84,0.654762,0.524991,0.226108,0.092755,0.467383,0.207301,0.076796,top1_only_retrieval,uses a single retrieved episode without diversity
combined_stress,occluded_contact_shift,peg_insert_contact_search,3,84,0.559524,0.525831,0.214726,0.094214,0.468774,0.209038,0.076995,top1_only_retrieval,uses a single retrieved episode without diversity
combined_stress,occluded_contact_shift,peg_insert_contact_search,4,84,0.535714,0.526671,0.215350,0.095145,0.469685,0.209775,0.077411,top1_only_retrieval,uses a single retrieved episode without diversity
combined_stress,occluded_contact_shift,peg_insert_contact_search,5,84,0.535714,0.527511,0.215974,0.095600,0.470596,0.210179,0.077826,top1_only_retrieval,uses a single retrieved episode without diversity
combined_stress,occluded_contact_shift,peg_insert_contact_search,6,84,0.476190,0.528351,0.216598,0.097245,0.471507,0.211417,0.078241,top1_only_retrieval,uses a single retrieved episode without diversity
combined_stress,occluded_contact_shift,cable_route_around_hook,0,84,0.547619,0.527748,0.218938,0.098632,0.507867,0.206301,0.082214,top1_only_retrieval,uses a single retrieved episode without diversity
combined_stress,occluded_contact_shift,cable_route_around_hook,1,84,0.535714,0.528572,0.219550,0.099316,0.508760,0.206864,0.082621,top1_only_retrieval,uses a single retrieved episode without diversity
combined_stress,occluded_contact_shift,cable_route_around_hook,2,84,0.488095,0.529396,0.220162,0.092710,0.509654,0.207926,0.075024,top1_only_retrieval,uses a single retrieved episode without diversity
combined_stress,occluded_contact_shift,cable_route_around_hook,3,84,0.535714,0.530220,0.220774,0.092204,0.510547,0.207656,0.075431,top1_only_retrieval,uses a single retrieved episode without diversity
combined_stress,occluded_contact_shift,cable_route_around_hook,4,84,0.678571,0.531044,0.221386,0.089793,0.511441,0.206052,0.075838,top1_only_retrieval,uses a single retrieved episode without diversity
combined_stress,occluded_contact_shift,cable_route_around_hook,5,84,0.523810,0.531868,0.221998,0.093334,0.512334,0.208614,0.076245,top1_only_retrieval,uses a single retrieved episode without diversity
combined_stress,occluded_contact_shift,cable_route_around_hook,6,84,0.440476,0.532692,0.222610,0.095446,0.513228,0.210177,0.076652,top1_only_retrieval,uses a single retrieved episode without diversity
combined_stress,occluded_contact_shift,cloth_slide_over_edge,0,84,0.523810,0.533644,0.224356,0.097111,0.511291,0.213051,0.080714,top1_only_retrieval,uses a single retrieved episode without diversity
combined_stress,occluded_contact_shift,cloth_slide_over_edge,1,84,0.595238,0.534452,0.224956,0.096119,0.512167,0.204435,0.081112,top1_only_retrieval,uses a single retrieved episode without diversity
combined_stress,occluded_contact_shift,cloth_slide_over_edge,2,84,0.452381,0.535260,0.225556,0.099413,0.513043,0.206823,0.081511,top1_only_retrieval,uses a single retrieved episode without diversity
combined_stress,occluded_contact_shift,cloth_slide_over_edge,3,84,0.583333,0.536068,0.226156,0.097231,0.495910,0.205378,0.081910,top1_only_retrieval,uses a single retrieved episode without diversity
combined_stress,occluded_contact_shift,cloth_slide_over_edge,4,84,0.619048,0.520868,0.226756,0.096954,0.496786,0.205266,0.082309,top1_only_retrieval,uses a single retrieved episode without diversity
combined_stress,occluded_contact_shift,cloth_slide_over_edge,5,84,0.559524,0.521676,0.227356,0.098581,0.497662,0.206487,0.082708,top1_only_retrieval,uses a single retrieved episode without diversity
combined_stress,occluded_contact_shift,cloth_slide_over_edge,6,84,0.523810,0.522484,0.215950,0.098832,0.499019,0.207375,0.074886,top1_only_retrieval,uses a single retrieved episode without diversity
combined_stress,occluded_contact_shift,twist_lid_with_force_limit,0,84,0.488095,0.521227,0.222779,0.100399,0.475103,0.205725,0.080840,top1_only_retrieval,uses a single retrieved episode without diversity
combined_stress,occluded_contact_shift,twist_lid_with_force_limit,1,84,0.559524,0.522075,0.223409,0.091425,0.476023,0.205133,0.081260,top1_only_retrieval,uses a single retrieved episode without diversity
combined_stress,occluded_contact_shift,twist_lid_with_force_limit,2,84,0.535714,0.522923,0.224039,0.092361,0.476943,0.205875,0.081679,top1_only_retrieval,uses a single retrieved episode without diversity
combined_stress,occluded_contact_shift,twist_lid_with_force_limit,3,84,0.547619,0.523771,0.224669,0.092582,0.477862,0.206116,0.082098,top1_only_retrieval,uses a single retrieved episode without diversity
combined_stress,occluded_contact_shift,twist_lid_with_force_limit,4,84,0.511905,0.524619,0.225299,0.093755,0.478782,0.207024,0.082518,top1_only_retrieval,uses a single retrieved episode without diversity
combined_stress,occluded_contact_shift,twist_lid_with_force_limit,5,84,0.619048,0.525467,0.225929,0.092072,0.461693,0.205932,0.074933,top1_only_retrieval,uses a single retrieved episode without diversity
combined_stress,occluded_contact_shift,twist_lid_with_force_limit,6,84,0.630952,0.526315,0.226559,0.092293,0.462613,0.206173,0.075352,top1_only_retrieval,uses a single retrieved episode without diversity
combined_stress,actuator_lag_shift,drawer_pull_with_stiction,0,84,0.500000,0.529812,0.225142,0.096794,0.502164,0.211668,0.079088,top1_only_retrieval,uses a single retrieved episode without diversity
combined_stress,actuator_lag_shift,drawer_pull_with_stiction,1,84,0.619048,0.530620,0.225742,0.094850,0.503040,0.210390,0.079487,top1_only_retrieval,uses a single retrieved episode without diversity
combined_stress,actuator_lag_shift,drawer_pull_with_stiction,2,84,0.619048,0.531428,0.226342,0.095287,0.503916,0.210778,0.079885,top1_only_retrieval,uses a single retrieved episode without diversity
combined_stress,actuator_lag_shift,drawer_pull_with_stiction,3,84,0.559524,0.532236,0.226942,0.096914,0.504792,0.211999,0.080284,top1_only_retrieval,uses a single retrieved episode without diversity
combined_stress,actuator_lag_shift,drawer_pull_with_stiction,4,84,0.666667,0.533044,0.227542,0.095208,0.505668,0.210887,0.080683,top1_only_retrieval,uses a single retrieved episode without diversity
combined_stress,actuator_lag_shift,drawer_pull_with_stiction,5,84,0.535714,0.533852,0.228142,0.098264,0.506544,0.213108,0.081082,top1_only_retrieval,uses a single retrieved episode without diversity
combined_stress,actuator_lag_shift,drawer_pull_with_stiction,6,84,0.607143,0.518652,0.228742,0.097273,0.507420,0.212496,0.081481,top1_only_retrieval,uses a single retrieved episode without diversity
combined_stress,actuator_lag_shift,peg_insert_contact_search,0,84,0.500000,0.521734,0.218922,0.100851,0.468768,0.208286,0.075579,top1_only_retrieval,uses a single retrieved episode without diversity
combined_stress,actuator_lag_shift,peg_insert_contact_search,1,84,0.583333,0.522542,0.219522,0.099621,0.469644,0.207507,0.075978,top1_only_retrieval,uses a single retrieved episode without diversity
combined_stress,actuator_lag_shift,peg_insert_contact_search,2,84,0.642857,0.523350,0.220122,0.090864,0.470520,0.207062,0.076377,top1_only_retrieval,uses a single retrieved episode without diversity
combined_stress,actuator_lag_shift,peg_insert_contact_search,3,84,0.702381,0.524158,0.220722,0.090111,0.471396,0.206616,0.076775,top1_only_retrieval,uses a single retrieved episode without diversity
combined_stress,actuator_lag_shift,peg_insert_contact_search,4,84,0.607143,0.524966,0.221322,0.092452,0.472272,0.208338,0.077174,top1_only_retrieval,uses a single retrieved episode without diversity
combined_stress,actuator_lag_shift,peg_insert_contact_search,5,84,0.535714,0.525774,0.221922,0.094318,0.473148,0.209726,0.077573,top1_only_retrieval,uses a single retrieved episode without diversity
combined_stress,actuator_lag_shift,peg_insert_contact_search,6,84,0.630952,0.526582,0.222522,0.092850,0.474024,0.208780,0.077972,top1_only_retrieval,uses a single retrieved episode without diversity
combined_stress,actuator_lag_shift,cable_route_around_hook,0,84,0.500000,0.532922,0.230070,0.102147,0.499979,0.209970,0.077506,top1_only_retrieval,uses a single retrieved episode without diversity
combined_stress,actuator_lag_shift,cable_route_around_hook,1,84,0.523810,0.533714,0.230658,0.094095,0.500837,0.210017,0.077897,top1_only_retrieval,uses a single retrieved episode without diversity
combined_stress,actuator_lag_shift,cable_route_around_hook,2,84,0.583333,0.518498,0.219240,0.092432,0.502176,0.209563,0.078071,top1_only_retrieval,uses a single retrieved episode without diversity
combined_stress,actuator_lag_shift,cable_route_around_hook,3,84,0.452381,0.519290,0.219828,0.095479,0.503034,0.211777,0.078462,top1_only_retrieval,uses a single retrieved episode without diversity
combined_stress,actuator_lag_shift,cable_route_around_hook,4,84,0.607143,0.520082,0.220416,0.092812,0.503893,0.209990,0.078852,top1_only_retrieval,uses a single retrieved episode without diversity
combined_stress,actuator_lag_shift,cable_route_around_hook,5,84,0.523810,0.520874,0.221004,0.094907,0.504751,0.211537,0.079243,top1_only_retrieval,uses a single retrieved episode without diversity
combined_stress,actuator_lag_shift,cable_route_around_hook,6,84,0.464286,0.521666,0.221592,0.096526,0.505610,0.212750,0.079633,top1_only_retrieval,uses a single retrieved episode without diversity
combined_stress,actuator_lag_shift,cloth_slide_over_edge,0,84,0.488095,0.530107,0.228954,0.095542,0.511872,0.212198,0.079536,top1_only_retrieval,uses a single retrieved episode without diversity
combined_stress,actuator_lag_shift,cloth_slide_over_edge,1,84,0.607143,0.530883,0.229530,0.093580,0.494704,0.210903,0.079919,top1_only_retrieval,uses a single retrieved episode without diversity
combined_stress,actuator_lag_shift,cloth_slide_over_edge,2,84,0.488095,0.531659,0.230106,0.096380,0.495545,0.212942,0.080301,top1_only_retrieval,uses a single retrieved episode without diversity
combined_stress,actuator_lag_shift,cloth_slide_over_edge,3,84,0.428571,0.532435,0.218676,0.097089,0.496867,0.214147,0.080467,top1_only_retrieval,uses a single retrieved episode without diversity
combined_stress,actuator_lag_shift,cloth_slide_over_edge,4,84,0.440476,0.533211,0.219252,0.097270,0.497708,0.214352,0.080850,top1_only_retrieval,uses a single retrieved episode without diversity
combined_stress,actuator_lag_shift,cloth_slide_over_edge,5,84,0.476190,0.533987,0.219828,0.096975,0.498548,0.214224,0.081232,top1_only_retrieval,uses a single retrieved episode without diversity
combined_stress,actuator_lag_shift,cloth_slide_over_edge,6,84,0.571429,0.518755,0.220404,0.095490,0.499389,0.213263,0.081614,top1_only_retrieval,uses a single retrieved episode without diversity
combined_stress,actuator_lag_shift,twist_lid_with_force_limit,0,84,0.702381,0.531241,0.225535,0.092464,0.472995,0.208148,0.078402,top1_only_retrieval,uses a single retrieved episode without diversity
combined_stress,actuator_lag_shift,twist_lid_with_force_limit,1,84,0.595238,0.532057,0.226141,0.095048,0.473880,0.210040,0.078805,top1_only_retrieval,uses a single retrieved episode without diversity
combined_stress,actuator_lag_shift,twist_lid_with_force_limit,2,84,0.523810,0.532873,0.226747,0.096918,0.474764,0.211432,0.079208,top1_only_retrieval,uses a single retrieved episode without diversity
combined_stress,actuator_lag_shift,twist_lid_with_force_limit,3,84,0.702381,0.533689,0.227353,0.093788,0.475649,0.209324,0.079611,top1_only_retrieval,uses a single retrieved episode without diversity
combined_stress,actuator_lag_shift,twist_lid_with_force_limit,4,84,0.559524,0.534505,0.227959,0.097086,0.476534,0.211716,0.080014,top1_only_retrieval,uses a single retrieved episode without diversity
combined_stress,actuator_lag_shift,twist_lid_with_force_limit,5,84,0.535714,0.519313,0.228565,0.098004,0.477419,0.212441,0.080417,top1_only_retrieval,uses a single retrieved episode without diversity
combined_stress,actuator_lag_shift,twist_lid_with_force_limit,6,84,0.630952,0.520129,0.229171,0.096541,0.460294,0.211500,0.080819,top1_only_retrieval,uses a single retrieved episode without diversity
combined_stress,compound_mechanism_shift,drawer_pull_with_stiction,0,84,0.607143,0.520350,0.229395,0.099774,0.489865,0.208366,0.085584,top1_only_retrieval,uses a single retrieved episode without diversity
combined_stress,compound_mechanism_shift,drawer_pull_with_stiction,1,84,0.559524,0.521206,0.230031,0.101190,0.490793,0.209445,0.078004,top1_only_retrieval,uses a single retrieved episode without diversity
combined_stress,compound_mechanism_shift,drawer_pull_with_stiction,2,84,0.500000,0.522062,0.230667,0.102844,0.491722,0.210690,0.078427,top1_only_retrieval,uses a single retrieved episode without diversity
combined_stress,compound_mechanism_shift,drawer_pull_with_stiction,3,84,0.595238,0.522918,0.231303,0.101403,0.492650,0.209769,0.078851,top1_only_retrieval,uses a single retrieved episode without diversity
combined_stress,compound_mechanism_shift,drawer_pull_with_stiction,4,84,0.535714,0.523774,0.231939,0.103057,0.493579,0.211014,0.079274,top1_only_retrieval,uses a single retrieved episode without diversity
combined_stress,compound_mechanism_shift,drawer_pull_with_stiction,5,84,0.535714,0.524630,0.232575,0.103521,0.494508,0.211426,0.079698,top1_only_retrieval,uses a single retrieved episode without diversity
combined_stress,compound_mechanism_shift,drawer_pull_with_stiction,6,84,0.583333,0.525486,0.233211,0.103032,0.495436,0.211171,0.080121,top1_only_retrieval,uses a single retrieved episode without diversity
combined_stress,compound_mechanism_shift,peg_insert_contact_search,0,84,0.535714,0.525591,0.233165,0.104665,0.471055,0.212643,0.080911,top1_only_retrieval,uses a single retrieved episode without diversity
combined_stress,compound_mechanism_shift,peg_insert_contact_search,1,84,0.452381,0.526447,0.233801,0.106795,0.471983,0.214222,0.081335,top1_only_retrieval,uses a single retrieved episode without diversity
combined_stress,compound_mechanism_shift,peg_insert_contact_search,2,84,0.452381,0.527303,0.234437,0.107259,0.472912,0.214634,0.081758,top1_only_retrieval,uses a single retrieved episode without diversity
combined_stress,compound_mechanism_shift,peg_insert_contact_search,3,84,0.511905,0.528159,0.235073,0.106532,0.473840,0.214213,0.082182,top1_only_retrieval,uses a single retrieved episode without diversity
combined_stress,compound_mechanism_shift,peg_insert_contact_search,4,84,0.452381,0.513007,0.235709,0.108187,0.474769,0.215458,0.082605,top1_only_retrieval,uses a single retrieved episode without diversity
combined_stress,compound_mechanism_shift,peg_insert_contact_search,5,84,0.678571,0.513863,0.236345,0.104126,0.475697,0.212703,0.083029,top1_only_retrieval,uses a single retrieved episode without diversity
combined_stress,compound_mechanism_shift,peg_insert_contact_search,6,84,0.464286,0.514719,0.236981,0.108876,0.476626,0.216115,0.083452,top1_only_retrieval,uses a single retrieved episode without diversity
combined_stress,compound_mechanism_shift,cable_route_around_hook,0,84,0.595238,0.526652,0.236716,0.099137,0.509184,0.208430,0.085642,top1_only_retrieval,uses a single retrieved episode without diversity
combined_stress,compound_mechanism_shift,cable_route_around_hook,1,84,0.476190,0.527492,0.237340,0.101973,0.510095,0.210501,0.086057,top1_only_retrieval,uses a single retrieved episode without diversity
combined_stress,compound_mechanism_shift,cable_route_around_hook,2,84,0.523810,0.512324,0.237964,0.101475,0.511006,0.210238,0.078468,top1_only_retrieval,uses a single retrieved episode without diversity
combined_stress,compound_mechanism_shift,cable_route_around_hook,3,84,0.500000,0.513164,0.238588,0.102406,0.511917,0.210976,0.078883,top1_only_retrieval,uses a single retrieved episode without diversity
combined_stress,compound_mechanism_shift,cable_route_around_hook,4,84,0.619048,0.514004,0.239212,0.100480,0.512828,0.209713,0.079299,top1_only_retrieval,uses a single retrieved episode without diversity
combined_stress,compound_mechanism_shift,cable_route_around_hook,5,84,0.464286,0.514844,0.239836,0.104030,0.513739,0.212284,0.079714,top1_only_retrieval,uses a single retrieved episode without diversity
combined_stress,compound_mechanism_shift,cable_route_around_hook,6,84,0.416667,0.515684,0.240460,0.105437,0.496641,0.213354,0.080129,top1_only_retrieval,uses a single retrieved episode without diversity
combined_stress,compound_mechanism_shift,cloth_slide_over_edge,0,84,0.595238,0.512892,0.239399,0.103114,0.508614,0.213023,0.082268,top1_only_retrieval,uses a single retrieved episode without diversity
combined_stress,compound_mechanism_shift,cloth_slide_over_edge,1,84,0.523810,0.513716,0.240011,0.104989,0.491498,0.214419,0.082675,top1_only_retrieval,uses a single retrieved episode without diversity
combined_stress,compound_mechanism_shift,cloth_slide_over_edge,2,84,0.559524,0.514540,0.240623,0.104720,0.492392,0.214315,0.083082,top1_only_retrieval,uses a single retrieved episode without diversity
combined_stress,compound_mechanism_shift,cloth_slide_over_edge,3,84,0.452381,0.515364,0.229229,0.106409,0.493765,0.216211,0.083273,top1_only_retrieval,uses a single retrieved episode without diversity
combined_stress,compound_mechanism_shift,cloth_slide_over_edge,4,84,0.607143,0.516188,0.229841,0.103759,0.494659,0.214440,0.083680,top1_only_retrieval,uses a single retrieved episode without diversity
combined_stress,compound_mechanism_shift,cloth_slide_over_edge,5,84,0.476190,0.517012,0.230453,0.106824,0.495552,0.216670,0.084087,top1_only_retrieval,uses a single retrieved episode without diversity
combined_stress,compound_mechanism_shift,cloth_slide_over_edge,6,84,0.607143,0.517836,0.231065,0.104651,0.496446,0.207228,0.084494,top1_only_retrieval,uses a single retrieved episode without diversity
combined_stress,compound_mechanism_shift,twist_lid_with_force_limit,0,84,0.511905,0.525715,0.232740,0.103585,0.465006,0.210980,0.078916,top1_only_retrieval,uses a single retrieved episode without diversity
combined_stress,compound_mechanism_shift,twist_lid_with_force_limit,1,84,0.619048,0.526579,0.233382,0.101911,0.465943,0.209896,0.079343,top1_only_retrieval,uses a single retrieved episode without diversity
combined_stress,compound_mechanism_shift,twist_lid_with_force_limit,2,84,0.440476,0.527443,0.234024,0.105950,0.466880,0.212812,0.079771,top1_only_retrieval,uses a single retrieved episode without diversity
combined_stress,compound_mechanism_shift,twist_lid_with_force_limit,3,84,0.559524,0.512299,0.234666,0.104037,0.467818,0.211561,0.080198,top1_only_retrieval,uses a single retrieved episode without diversity
combined_stress,compound_mechanism_shift,twist_lid_with_force_limit,4,84,0.619048,0.513163,0.235308,0.103315,0.468755,0.211144,0.080626,top1_only_retrieval,uses a single retrieved episode without diversity
combined_stress,compound_mechanism_shift,twist_lid_with_force_limit,5,84,0.595238,0.514027,0.235950,0.104259,0.469692,0.211893,0.081053,top1_only_retrieval,uses a single retrieved episode without diversity
combined_stress,compound_mechanism_shift,twist_lid_with_force_limit,6,84,0.619048,0.514891,0.236592,0.104251,0.470630,0.211976,0.081481,top1_only_retrieval,uses a single retrieved episode without diversity
