method,split,task,regime,mean_success_rate,ci95_success_rate,mean_mechanism_precision,ci95_mechanism_precision,mean_incompatible_retrieval_rate,ci95_incompatible_retrieval_rate,mean_damage_rate,ci95_damage_rate,mean_recovery_success,ci95_recovery_success,mean_query_cost,ci95_query_cost,mean_calibration_error,ci95_calibration_error,groups,episodes_per_group
conformal_retrieval_filter,combined_stress,cable_route_around_hook,actuator_lag_shift,0.496599,0.045461,0.517086,0.005208,0.211133,0.001008,0.093904,0.002351,0.507273,0.001472,0.271899,0.002407,0.093477,0.000671,7,84
conformal_retrieval_filter,combined_stress,cable_route_around_hook,compliance_shift,0.505102,0.030490,0.526582,0.003815,0.202540,0.000989,0.086607,0.002215,0.509282,0.001444,0.267746,0.000630,0.089101,0.002620,7,84
conformal_retrieval_filter,combined_stress,cable_route_around_hook,compound_mechanism_shift,0.496599,0.026317,0.508092,0.001434,0.220621,0.001066,0.097367,0.000916,0.503009,0.001556,0.274904,0.002334,0.095728,0.000711,7,84
conformal_retrieval_filter,combined_stress,cable_route_around_hook,friction_mismatch,0.602041,0.034480,0.531233,0.003810,0.194407,0.000999,0.083484,0.002479,0.510912,0.001458,0.267237,0.002810,0.089616,0.000665,7,84
conformal_retrieval_filter,combined_stress,cable_route_around_hook,occluded_contact_shift,0.523810,0.029250,0.521135,0.005167,0.205314,0.001047,0.088946,0.000983,0.504743,0.001528,0.268554,0.002244,0.091458,0.002381,7,84
conformal_retrieval_filter,combined_stress,cable_route_around_hook,source_matched,0.549320,0.015635,0.533467,0.004821,0.184935,0.003622,0.077408,0.000721,0.512457,0.005868,0.267103,0.001962,0.086006,0.000585,7,84
conformal_retrieval_filter,combined_stress,cable_route_around_hook,support_topology_shift,0.557823,0.027622,0.525844,0.001408,0.200099,0.003883,0.087771,0.000814,0.504025,0.005307,0.268598,0.000805,0.087155,0.000625,7,84
conformal_retrieval_filter,combined_stress,cloth_slide_over_edge,actuator_lag_shift,0.528912,0.064578,0.517463,0.005228,0.212423,0.000989,0.090478,0.001347,0.502080,0.004312,0.270530,0.000998,0.089143,0.000658,7,84
conformal_retrieval_filter,combined_stress,cloth_slide_over_edge,compliance_shift,0.564626,0.049591,0.521460,0.004821,0.203136,0.003622,0.087839,0.001283,0.500502,0.005868,0.270106,0.002166,0.091152,0.000585,7,84
conformal_retrieval_filter,combined_stress,cloth_slide_over_edge,compound_mechanism_shift,0.503401,0.028219,0.513532,0.001408,0.218850,0.003883,0.101326,0.002019,0.490771,0.004238,0.275281,0.000878,0.093870,0.000625,7,84
conformal_retrieval_filter,combined_stress,cloth_slide_over_edge,friction_mismatch,0.557823,0.037218,0.528861,0.005238,0.197065,0.000979,0.081459,0.000665,0.507716,0.004317,0.267852,0.000535,0.086218,0.000651,7,84
conformal_retrieval_filter,combined_stress,cloth_slide_over_edge,occluded_contact_shift,0.491497,0.047140,0.521076,0.001383,0.204563,0.003583,0.088728,0.001217,0.493996,0.001641,0.269015,0.002411,0.091442,0.002411,7,84
conformal_retrieval_filter,combined_stress,cloth_slide_over_edge,source_matched,0.608844,0.030732,0.536566,0.001280,0.183122,0.000951,0.074565,0.001216,0.510451,0.001388,0.266714,0.000974,0.085263,0.000632,7,84
conformal_retrieval_filter,combined_stress,cloth_slide_over_edge,support_topology_shift,0.578231,0.039063,0.521211,0.003796,0.201063,0.001027,0.086627,0.001101,0.506073,0.001500,0.268321,0.000876,0.087170,0.000684,7,84
conformal_retrieval_filter,combined_stress,drawer_pull_with_stiction,actuator_lag_shift,0.554422,0.033333,0.522116,0.001383,0.205483,0.001027,0.089123,0.000907,0.490344,0.001500,0.268854,0.002312,0.092255,0.002389,7,84
conformal_retrieval_filter,combined_stress,drawer_pull_with_stiction,compliance_shift,0.573129,0.043033,0.520480,0.001357,0.202261,0.003596,0.084462,0.002474,0.497623,0.005785,0.266995,0.002279,0.090413,0.002475,7,84
conformal_retrieval_filter,combined_stress,drawer_pull_with_stiction,compound_mechanism_shift,0.535714,0.029250,0.516790,0.001460,0.219438,0.003853,0.097416,0.000708,0.487456,0.005271,0.273955,0.002320,0.095277,0.000651,7,84
conformal_retrieval_filter,combined_stress,drawer_pull_with_stiction,friction_mismatch,0.615646,0.054772,0.527267,0.001370,0.194015,0.003906,0.080057,0.002053,0.496515,0.005335,0.266030,0.002381,0.089707,0.000605,7,84
conformal_retrieval_filter,combined_stress,drawer_pull_with_stiction,occluded_contact_shift,0.625850,0.016777,0.516414,0.001434,0.206072,0.001066,0.086890,0.002020,0.497170,0.001556,0.271448,0.000519,0.091192,0.000711,7,84
conformal_retrieval_filter,combined_stress,drawer_pull_with_stiction,source_matched,0.659864,0.032942,0.532240,0.001331,0.183167,0.003929,0.073308,0.000712,0.501197,0.005363,0.263622,0.000819,0.082868,0.000585,7,84
conformal_retrieval_filter,combined_stress,drawer_pull_with_stiction,support_topology_shift,0.579932,0.053817,0.527983,0.003778,0.197427,0.003558,0.085912,0.001219,0.491444,0.001697,0.265751,0.001103,0.087971,0.002632,7,84
conformal_retrieval_filter,combined_stress,peg_insert_contact_search,actuator_lag_shift,0.552721,0.026387,0.517762,0.005188,0.208933,0.001027,0.092372,0.000519,0.471043,0.001500,0.270788,0.000474,0.089639,0.000684,7,84
conformal_retrieval_filter,combined_stress,peg_insert_contact_search,compliance_shift,0.622449,0.041589,0.526169,0.001357,0.197808,0.001008,0.085403,0.001501,0.469355,0.001472,0.268663,0.001183,0.088103,0.000671,7,84
conformal_retrieval_filter,combined_stress,peg_insert_contact_search,compound_mechanism_shift,0.471088,0.045216,0.514322,0.004718,0.217442,0.003545,0.100170,0.000723,0.460203,0.001725,0.271996,0.002079,0.094650,0.002384,7,84
conformal_retrieval_filter,combined_stress,peg_insert_contact_search,friction_mismatch,0.568027,0.029565,0.532508,0.001370,0.190941,0.001018,0.081672,0.001194,0.472834,0.001486,0.266544,0.000966,0.084911,0.000678,7,84
conformal_retrieval_filter,combined_stress,peg_insert_contact_search,occluded_contact_shift,0.545918,0.034319,0.519415,0.001434,0.208179,0.001066,0.089563,0.000963,0.475906,0.001556,0.267864,0.002048,0.091087,0.002372,7,84
conformal_retrieval_filter,combined_stress,peg_insert_contact_search,source_matched,0.564626,0.034102,0.538825,0.001331,0.181101,0.000989,0.076623,0.002153,0.478987,0.001444,0.263187,0.002498,0.086766,0.000658,7,84
conformal_retrieval_filter,combined_stress,peg_insert_contact_search,support_topology_shift,0.559524,0.025459,0.524124,0.005147,0.196103,0.001066,0.088281,0.000579,0.470317,0.001556,0.268194,0.000525,0.086660,0.000711,7,84
conformal_retrieval_filter,combined_stress,twist_lid_with_force_limit,actuator_lag_shift,0.551020,0.025313,0.516727,0.004761,0.209344,0.001037,0.091476,0.000358,0.466229,0.001514,0.269379,0.000377,0.089366,0.001898,7,84
conformal_retrieval_filter,combined_stress,twist_lid_with_force_limit,compliance_shift,0.593537,0.018659,0.525212,0.001370,0.198278,0.002854,0.083952,0.000824,0.462055,0.001572,0.266531,0.000760,0.087870,0.002431,7,84
conformal_retrieval_filter,combined_stress,twist_lid_with_force_limit,compound_mechanism_shift,0.523810,0.022194,0.510763,0.001472,0.219390,0.001095,0.101614,0.000800,0.462780,0.001598,0.271993,0.000693,0.091999,0.001885,7,84
conformal_retrieval_filter,combined_stress,twist_lid_with_force_limit,friction_mismatch,0.610544,0.034427,0.532655,0.001383,0.190524,0.001027,0.079278,0.001227,0.466811,0.001500,0.263964,0.000983,0.087502,0.002599,7,84
conformal_retrieval_filter,combined_stress,twist_lid_with_force_limit,occluded_contact_shift,0.561224,0.040870,0.525083,0.001447,0.205041,0.003860,0.090270,0.000982,0.460766,0.004224,0.267281,0.000910,0.090671,0.002633,7,84
conformal_retrieval_filter,combined_stress,twist_lid_with_force_limit,source_matched,0.629252,0.049216,0.535660,0.001344,0.179915,0.002861,0.074361,0.001213,0.469270,0.001544,0.264359,0.001038,0.083113,0.000629,7,84
conformal_retrieval_filter,combined_stress,twist_lid_with_force_limit,support_topology_shift,0.591837,0.020184,0.522931,0.001447,0.199826,0.001075,0.085732,0.002269,0.470339,0.001570,0.268517,0.000912,0.087511,0.000717,7,84
conformal_retrieval_filter,cross_embodiment,cable_route_around_hook,actuator_lag_shift,0.552721,0.040689,0.524187,0.001370,0.198844,0.003906,0.084622,0.001996,0.507546,0.005335,0.264517,0.001974,0.087304,0.002449,7,84
conformal_retrieval_filter,cross_embodiment,cable_route_around_hook,compliance_shift,0.528912,0.038055,0.527357,0.003810,0.194082,0.000999,0.079670,0.001044,0.515148,0.005431,0.263370,0.000830,0.083264,0.002403,7,84
conformal_retrieval_filter,cross_embodiment,cable_route_around_hook,compound_mechanism_shift,0.525510,0.033166,0.520336,0.005137,0.205330,0.001075,0.095550,0.001244,0.504043,0.001570,0.268188,0.001004,0.086356,0.000717,7,84
conformal_retrieval_filter,cross_embodiment,cable_route_around_hook,friction_mismatch,0.571429,0.032603,0.530706,0.001357,0.186687,0.001008,0.075896,0.002676,0.520429,0.004302,0.261828,0.002615,0.084285,0.001906,7,84
conformal_retrieval_filter,cross_embodiment,cable_route_around_hook,occluded_contact_shift,0.566327,0.039063,0.529213,0.001421,0.197188,0.003564,0.086455,0.000900,0.511094,0.005769,0.265280,0.000765,0.083561,0.000644,7,84
conformal_retrieval_filter,cross_embodiment,cable_route_around_hook,source_matched,0.596939,0.023570,0.539422,0.001319,0.171787,0.003937,0.071089,0.000702,0.516621,0.004271,0.262697,0.000756,0.080388,0.000579,7,84
conformal_retrieval_filter,cross_embodiment,cable_route_around_hook,support_topology_shift,0.591837,0.064750,0.527917,0.001421,0.189185,0.001056,0.077664,0.001822,0.516596,0.001542,0.264728,0.002096,0.085353,0.000704,7,84
conformal_retrieval_filter,cross_embodiment,cloth_slide_over_edge,actuator_lag_shift,0.530612,0.038055,0.522686,0.001344,0.198841,0.003921,0.085849,0.001121,0.502879,0.005353,0.266458,0.001099,0.084355,0.000592,7,84
conformal_retrieval_filter,cross_embodiment,cloth_slide_over_edge,compliance_shift,0.552721,0.017533,0.527218,0.001319,0.189954,0.003937,0.082636,0.000667,0.504460,0.004271,0.266492,0.001958,0.085495,0.000579,7,84
conformal_retrieval_filter,cross_embodiment,cloth_slide_over_edge,compound_mechanism_shift,0.522109,0.060767,0.514752,0.001421,0.209125,0.001056,0.092358,0.001578,0.504921,0.001542,0.267825,0.001984,0.090581,0.001894,7,84
conformal_retrieval_filter,cross_embodiment,cloth_slide_over_edge,friction_mismatch,0.573129,0.042426,0.531029,0.001331,0.184622,0.003609,0.076260,0.000876,0.510178,0.005846,0.263205,0.000845,0.081067,0.000598,7,84
conformal_retrieval_filter,cross_embodiment,cloth_slide_over_edge,occluded_contact_shift,0.511905,0.044680,0.527277,0.005178,0.195144,0.001037,0.085670,0.001247,0.508591,0.001514,0.265169,0.000979,0.082645,0.000691,7,84
conformal_retrieval_filter,cross_embodiment,cloth_slide_over_edge,source_matched,0.617347,0.041811,0.545218,0.001293,0.172110,0.000960,0.068277,0.001305,0.517577,0.001402,0.260831,0.001024,0.078806,0.000638,7,84
conformal_retrieval_filter,cross_embodiment,cloth_slide_over_edge,support_topology_shift,0.573129,0.037908,0.535128,0.001395,0.187140,0.003577,0.080739,0.002829,0.503802,0.001655,0.266404,0.000727,0.084437,0.000631,7,84
conformal_retrieval_filter,cross_embodiment,drawer_pull_with_stiction,actuator_lag_shift,0.610544,0.046027,0.522062,0.001395,0.200139,0.001037,0.086004,0.001498,0.505482,0.001514,0.264907,0.001174,0.083935,0.000691,7,84
conformal_retrieval_filter,cross_embodiment,drawer_pull_with_stiction,compliance_shift,0.619048,0.038778,0.534682,0.001370,0.187028,0.001018,0.078786,0.001005,0.500895,0.001486,0.262315,0.000801,0.082182,0.001903,7,84
conformal_retrieval_filter,cross_embodiment,drawer_pull_with_stiction,compound_mechanism_shift,0.545918,0.037565,0.521880,0.001472,0.211092,0.001095,0.092988,0.002730,0.500783,0.004256,0.268649,0.000899,0.087188,0.000730,7,84
conformal_retrieval_filter,cross_embodiment,drawer_pull_with_stiction,friction_mismatch,0.664966,0.044514,0.540166,0.003796,0.181235,0.001027,0.073845,0.000941,0.505942,0.001500,0.259507,0.000735,0.080869,0.002389,7,84
conformal_retrieval_filter,cross_embodiment,drawer_pull_with_stiction,occluded_contact_shift,0.595238,0.033389,0.528771,0.005137,0.191170,0.001075,0.085277,0.001101,0.498353,0.001570,0.263487,0.000894,0.083188,0.001889,7,84
conformal_retrieval_filter,cross_embodiment,drawer_pull_with_stiction,source_matched,0.678571,0.039768,0.544762,0.001344,0.168389,0.000999,0.068514,0.001369,0.507706,0.001458,0.259626,0.001082,0.078379,0.000665,7,84
conformal_retrieval_filter,cross_embodiment,drawer_pull_with_stiction,support_topology_shift,0.598639,0.053090,0.534336,0.001447,0.191743,0.001075,0.077572,0.001537,0.508658,0.004266,0.265531,0.001194,0.083991,0.000717,7,84
conformal_retrieval_filter,cross_embodiment,peg_insert_contact_search,actuator_lag_shift,0.571429,0.022194,0.526336,0.001395,0.198207,0.003891,0.087086,0.002545,0.472967,0.005317,0.268324,0.000732,0.086760,0.000618,7,84
conformal_retrieval_filter,cross_embodiment,peg_insert_contact_search,compliance_shift,0.598639,0.050074,0.530704,0.005198,0.190914,0.001018,0.082666,0.001100,0.482018,0.001486,0.265918,0.000844,0.084416,0.000678,7,84
conformal_retrieval_filter,cross_embodiment,peg_insert_contact_search,compound_mechanism_shift,0.544218,0.049814,0.523466,0.001472,0.210574,0.002827,0.090941,0.001168,0.472905,0.005749,0.270199,0.000872,0.088694,0.000695,7,84
conformal_retrieval_filter,cross_embodiment,peg_insert_contact_search,friction_mismatch,0.591837,0.039347,0.531166,0.001383,0.184785,0.001027,0.078530,0.001369,0.486575,0.001500,0.263625,0.001085,0.081730,0.000684,7,84
conformal_retrieval_filter,cross_embodiment,peg_insert_contact_search,occluded_contact_shift,0.576531,0.037712,0.526679,0.004727,0.193040,0.001075,0.085341,0.002778,0.476533,0.001570,0.265722,0.000860,0.084043,0.000717,7,84
conformal_retrieval_filter,cross_embodiment,peg_insert_contact_search,source_matched,0.602041,0.055277,0.546253,0.004795,0.172947,0.000999,0.069440,0.002880,0.489811,0.001458,0.257602,0.002203,0.081074,0.001908,7,84
conformal_retrieval_filter,cross_embodiment,peg_insert_contact_search,support_topology_shift,0.574830,0.034801,0.536818,0.001447,0.188467,0.003860,0.079638,0.000921,0.479325,0.005696,0.263264,0.002417,0.085896,0.000644,7,84
conformal_retrieval_filter,cross_embodiment,twist_lid_with_force_limit,actuator_lag_shift,0.579932,0.067687,0.528736,0.001408,0.197669,0.003883,0.087611,0.001307,0.466899,0.004238,0.267299,0.001425,0.085850,0.000625,7,84
conformal_retrieval_filter,cross_embodiment,twist_lid_with_force_limit,compliance_shift,0.605442,0.043631,0.530896,0.005188,0.190434,0.001027,0.080982,0.000998,0.476037,0.001500,0.263813,0.000783,0.082404,0.000684,7,84
conformal_retrieval_filter,cross_embodiment,twist_lid_with_force_limit,compound_mechanism_shift,0.537415,0.021257,0.516482,0.001485,0.206428,0.001104,0.093670,0.001014,0.466715,0.001612,0.268126,0.002491,0.091032,0.000737,7,84
conformal_retrieval_filter,cross_embodiment,twist_lid_with_force_limit,friction_mismatch,0.602041,0.031740,0.532462,0.001395,0.185133,0.001037,0.077392,0.000998,0.481802,0.001514,0.262024,0.000814,0.080284,0.000691,7,84
conformal_retrieval_filter,cross_embodiment,twist_lid_with_force_limit,occluded_contact_shift,0.600340,0.056207,0.528922,0.001460,0.197529,0.001085,0.082427,0.002100,0.477805,0.001584,0.266691,0.001017,0.085432,0.000724,7,84
conformal_retrieval_filter,cross_embodiment,twist_lid_with_force_limit,source_matched,0.676871,0.040552,0.548811,0.001357,0.170811,0.001008,0.069741,0.001095,0.481412,0.001472,0.260301,0.000865,0.079071,0.000671,7,84
conformal_retrieval_filter,cross_embodiment,twist_lid_with_force_limit,support_topology_shift,0.605442,0.046508,0.527626,0.001460,0.186095,0.001085,0.080648,0.001331,0.473154,0.001584,0.260707,0.001046,0.083731,0.002568,7,84
conformal_retrieval_filter,heldout_mechanism,cable_route_around_hook,actuator_lag_shift,0.561224,0.042426,0.531500,0.001383,0.190019,0.002851,0.080979,0.000854,0.509079,0.001586,0.262288,0.002001,0.084784,0.002398,7,84
conformal_retrieval_filter,heldout_mechanism,cable_route_around_hook,compliance_shift,0.593537,0.025166,0.530631,0.001357,0.189089,0.001008,0.076602,0.001753,0.519703,0.005422,0.259480,0.000750,0.082224,0.002610,7,84
conformal_retrieval_filter,heldout_mechanism,cable_route_around_hook,compound_mechanism_shift,0.554422,0.032942,0.523646,0.001460,0.205508,0.001085,0.089028,0.001861,0.516148,0.001584,0.268246,0.000553,0.086570,0.000724,7,84
conformal_retrieval_filter,heldout_mechanism,cable_route_around_hook,friction_mismatch,0.608844,0.039581,0.537251,0.001370,0.179001,0.003590,0.072519,0.002903,0.521053,0.005774,0.258812,0.002714,0.081401,0.001942,7,84
conformal_retrieval_filter,heldout_mechanism,cable_route_around_hook,occluded_contact_shift,0.566327,0.031329,0.532929,0.005147,0.187381,0.001066,0.082253,0.002675,0.513765,0.001556,0.264803,0.000794,0.082655,0.000711,7,84
conformal_retrieval_filter,heldout_mechanism,cable_route_around_hook,source_matched,0.619048,0.038103,0.543303,0.001331,0.167248,0.003929,0.066923,0.000540,0.521840,0.005363,0.258563,0.000441,0.076229,0.000585,7,84
conformal_retrieval_filter,heldout_mechanism,cable_route_around_hook,support_topology_shift,0.602041,0.033333,0.539350,0.001434,0.183450,0.003868,0.077422,0.000497,0.517495,0.005707,0.258819,0.000536,0.081518,0.002663,7,84
conformal_retrieval_filter,heldout_mechanism,cloth_slide_over_edge,actuator_lag_shift,0.605442,0.037218,0.528145,0.001357,0.192120,0.003914,0.081268,0.000843,0.504822,0.004257,0.262406,0.000820,0.080980,0.000599,7,84
conformal_retrieval_filter,heldout_mechanism,cloth_slide_over_edge,compliance_shift,0.583333,0.056009,0.530924,0.001331,0.185350,0.003929,0.078223,0.001022,0.509493,0.005363,0.263327,0.000834,0.081282,0.000585,7,84
conformal_retrieval_filter,heldout_mechanism,cloth_slide_over_edge,compound_mechanism_shift,0.534014,0.047881,0.525354,0.001434,0.204547,0.003558,0.091769,0.000874,0.504848,0.005758,0.264940,0.000747,0.084099,0.001894,7,84
conformal_retrieval_filter,heldout_mechanism,cloth_slide_over_edge,friction_mismatch,0.569728,0.030732,0.535719,0.001344,0.179040,0.003603,0.072945,0.000975,0.513785,0.005835,0.259865,0.000980,0.077328,0.000605,7,84
conformal_retrieval_filter,heldout_mechanism,cloth_slide_over_edge,occluded_contact_shift,0.547619,0.051926,0.529138,0.001408,0.192586,0.001047,0.083816,0.001329,0.514040,0.004281,0.263298,0.001026,0.080976,0.000697,7,84
conformal_retrieval_filter,heldout_mechanism,cloth_slide_over_edge,source_matched,0.668367,0.036158,0.547244,0.001306,0.164531,0.000970,0.064679,0.002914,0.518266,0.001416,0.255397,0.000551,0.074843,0.001915,7,84
conformal_retrieval_filter,heldout_mechanism,cloth_slide_over_edge,support_topology_shift,0.598639,0.040643,0.535559,0.005167,0.181795,0.001047,0.074734,0.001411,0.512899,0.001528,0.261673,0.002428,0.083146,0.000697,7,84
conformal_retrieval_filter,heldout_mechanism,drawer_pull_with_stiction,actuator_lag_shift,0.612245,0.044054,0.531429,0.001408,0.193029,0.003883,0.084836,0.001168,0.501562,0.005307,0.263888,0.001067,0.082564,0.000625,7,84
conformal_retrieval_filter,heldout_mechanism,drawer_pull_with_stiction,compliance_shift,0.670068,0.032886,0.537723,0.004769,0.183749,0.001027,0.076044,0.000650,0.507713,0.001500,0.259730,0.000548,0.078861,0.000684,7,84
conformal_retrieval_filter,heldout_mechanism,drawer_pull_with_stiction,compound_mechanism_shift,0.579932,0.034427,0.520383,0.001485,0.200979,0.001104,0.090091,0.000996,0.500196,0.001612,0.265176,0.002415,0.088335,0.000737,7,84
conformal_retrieval_filter,heldout_mechanism,drawer_pull_with_stiction,friction_mismatch,0.649660,0.029627,0.535044,0.001395,0.178694,0.001037,0.072977,0.000810,0.513838,0.001514,0.258343,0.000676,0.076910,0.000691,7,84
conformal_retrieval_filter,heldout_mechanism,drawer_pull_with_stiction,occluded_contact_shift,0.637755,0.037367,0.532255,0.001460,0.191654,0.001085,0.079778,0.002111,0.510664,0.001584,0.263528,0.000951,0.082443,0.000724,7,84
conformal_retrieval_filter,heldout_mechanism,drawer_pull_with_stiction,source_matched,0.673469,0.034854,0.550697,0.001357,0.163851,0.001008,0.065959,0.000605,0.512685,0.001472,0.256986,0.000504,0.075339,0.000671,7,84
conformal_retrieval_filter,heldout_mechanism,drawer_pull_with_stiction,support_topology_shift,0.630952,0.019052,0.531815,0.001460,0.180862,0.001085,0.077570,0.000891,0.506950,0.001584,0.258140,0.000762,0.081183,0.002568,7,84
conformal_retrieval_filter,heldout_mechanism,peg_insert_contact_search,actuator_lag_shift,0.610544,0.043119,0.535214,0.001408,0.189103,0.001047,0.081367,0.003051,0.476305,0.001528,0.264294,0.002514,0.085155,0.000697,7,84
conformal_retrieval_filter,heldout_mechanism,peg_insert_contact_search,compliance_shift,0.608844,0.041811,0.530969,0.001383,0.187356,0.001027,0.080495,0.000470,0.485736,0.004291,0.263703,0.000373,0.082036,0.000684,7,84
conformal_retrieval_filter,heldout_mechanism,peg_insert_contact_search,compound_mechanism_shift,0.542517,0.051135,0.521480,0.001485,0.201898,0.001104,0.092072,0.001040,0.476867,0.001612,0.263594,0.000803,0.086239,0.002558,7,84
conformal_retrieval_filter,heldout_mechanism,peg_insert_contact_search,friction_mismatch,0.593537,0.032773,0.539276,0.001395,0.178534,0.003577,0.075676,0.002124,0.486362,0.005752,0.262021,0.000938,0.079793,0.000631,7,84
conformal_retrieval_filter,heldout_mechanism,peg_insert_contact_search,occluded_contact_shift,0.554422,0.041633,0.534248,0.001460,0.193244,0.001085,0.080889,0.000767,0.483171,0.005346,0.264181,0.002544,0.084238,0.000724,7,84
conformal_retrieval_filter,heldout_mechanism,peg_insert_contact_search,source_matched,0.637755,0.037019,0.547126,0.005208,0.168129,0.001008,0.066968,0.002590,0.494262,0.001472,0.256477,0.002454,0.078974,0.000671,7,84
conformal_retrieval_filter,heldout_mechanism,peg_insert_contact_search,support_topology_shift,0.629252,0.027622,0.533808,0.001460,0.182453,0.001085,0.079335,0.000943,0.484602,0.001584,0.259936,0.000786,0.078403,0.000724,7,84
conformal_retrieval_filter,heldout_mechanism,twist_lid_with_force_limit,actuator_lag_shift,0.634354,0.025313,0.529596,0.005157,0.191072,0.001056,0.081182,0.002755,0.473974,0.001542,0.264735,0.001849,0.084826,0.000704,7,84
conformal_retrieval_filter,heldout_mechanism,twist_lid_with_force_limit,compliance_shift,0.591837,0.043716,0.532291,0.001395,0.187669,0.001037,0.079898,0.001129,0.480987,0.004286,0.262469,0.000888,0.080573,0.000691,7,84
conformal_retrieval_filter,heldout_mechanism,twist_lid_with_force_limit,compound_mechanism_shift,0.574830,0.018856,0.524773,0.005097,0.201974,0.003830,0.089170,0.002656,0.466627,0.004207,0.266086,0.000724,0.084615,0.000671,7,84
conformal_retrieval_filter,heldout_mechanism,twist_lid_with_force_limit,friction_mismatch,0.617347,0.043928,0.541702,0.001408,0.177961,0.003883,0.075892,0.000933,0.477745,0.005307,0.260767,0.000787,0.078866,0.000625,7,84
conformal_retrieval_filter,heldout_mechanism,twist_lid_with_force_limit,occluded_contact_shift,0.644558,0.043928,0.530759,0.004710,0.186520,0.001095,0.080934,0.000895,0.473292,0.001598,0.260185,0.002025,0.083674,0.002359,7,84
conformal_retrieval_filter,heldout_mechanism,twist_lid_with_force_limit,source_matched,0.659864,0.022111,0.548526,0.005198,0.166786,0.001018,0.067792,0.000778,0.487095,0.001486,0.258165,0.000665,0.076377,0.000678,7,84
conformal_retrieval_filter,heldout_mechanism,twist_lid_with_force_limit,support_topology_shift,0.637755,0.032546,0.541753,0.001472,0.184304,0.003539,0.074795,0.002369,0.476953,0.005725,0.261657,0.000714,0.080281,0.000670,7,84
conformal_retrieval_filter,heldout_object,cable_route_around_hook,actuator_lag_shift,0.595238,0.053886,0.532618,0.004795,0.190078,0.000999,0.077751,0.001230,0.522297,0.004307,0.259269,0.000936,0.079675,0.002403,7,84
conformal_retrieval_filter,heldout_object,cable_route_around_hook,compliance_shift,0.605442,0.053989,0.539292,0.005238,0.182799,0.000979,0.074825,0.001217,0.523651,0.005450,0.260541,0.000923,0.078485,0.000651,7,84
conformal_retrieval_filter,heldout_object,cable_route_around_hook,compound_mechanism_shift,0.552721,0.040046,0.527626,0.005157,0.195708,0.001056,0.084920,0.001358,0.514972,0.001542,0.264871,0.002059,0.085001,0.000704,7,84
conformal_retrieval_filter,heldout_object,cable_route_around_hook,friction_mismatch,0.596939,0.058815,0.545246,0.005228,0.173927,0.000989,0.068690,0.000642,0.529350,0.001444,0.256443,0.000401,0.075065,0.001910,7,84
conformal_retrieval_filter,heldout_object,cable_route_around_hook,occluded_contact_shift,0.539116,0.046587,0.540263,0.003792,0.181811,0.001037,0.078362,0.001558,0.518765,0.001514,0.258888,0.001221,0.079409,0.002594,7,84
conformal_retrieval_filter,heldout_object,cable_route_around_hook,source_matched,0.634354,0.034801,0.550143,0.001293,0.157878,0.000960,0.061649,0.001819,0.526437,0.001402,0.254092,0.000719,0.071524,0.000638,7,84
conformal_retrieval_filter,heldout_object,cable_route_around_hook,support_topology_shift,0.585034,0.045379,0.539542,0.001395,0.181100,0.001037,0.076858,0.000960,0.524622,0.005393,0.259481,0.000749,0.077046,0.000691,7,84
conformal_retrieval_filter,heldout_object,cloth_slide_over_edge,actuator_lag_shift,0.569728,0.059691,0.530122,0.001319,0.186045,0.003937,0.081711,0.001412,0.508972,0.004271,0.263121,0.001913,0.081950,0.000579,7,84
conformal_retrieval_filter,heldout_object,cloth_slide_over_edge,compliance_shift,0.656463,0.034694,0.538157,0.001293,0.176357,0.000960,0.070894,0.001032,0.514527,0.001402,0.258285,0.000825,0.076824,0.000638,7,84
conformal_retrieval_filter,heldout_object,cloth_slide_over_edge,compound_mechanism_shift,0.547619,0.029250,0.527908,0.001395,0.197189,0.003891,0.087987,0.002992,0.507124,0.005317,0.266395,0.000719,0.084191,0.000618,7,84
conformal_retrieval_filter,heldout_object,cloth_slide_over_edge,friction_mismatch,0.620748,0.037565,0.540001,0.001306,0.169548,0.003622,0.072549,0.000612,0.512945,0.001557,0.257086,0.003013,0.079389,0.000585,7,84
conformal_retrieval_filter,heldout_object,cloth_slide_over_edge,occluded_contact_shift,0.588435,0.037712,0.537332,0.001370,0.180883,0.002854,0.077409,0.001006,0.509972,0.001572,0.259188,0.000874,0.078093,0.001961,7,84
conformal_retrieval_filter,heldout_object,cloth_slide_over_edge,source_matched,0.625850,0.041633,0.552657,0.005279,0.161033,0.003967,0.063739,0.003123,0.521032,0.005409,0.254494,0.000958,0.071860,0.000553,7,84
conformal_retrieval_filter,heldout_object,cloth_slide_over_edge,support_topology_shift,0.602041,0.029187,0.538898,0.004778,0.178456,0.001018,0.076423,0.000889,0.521043,0.001486,0.260233,0.000734,0.077986,0.000678,7,84
conformal_retrieval_filter,heldout_object,drawer_pull_with_stiction,actuator_lag_shift,0.675170,0.038682,0.537471,0.001370,0.183278,0.001018,0.077090,0.001197,0.505302,0.001486,0.258461,0.000951,0.078712,0.001903,7,84
conformal_retrieval_filter,heldout_object,drawer_pull_with_stiction,compliance_shift,0.647959,0.040689,0.537586,0.001344,0.177940,0.003921,0.072922,0.000750,0.506918,0.004262,0.258121,0.000687,0.076565,0.000592,7,84
conformal_retrieval_filter,heldout_object,drawer_pull_with_stiction,compound_mechanism_shift,0.619048,0.049366,0.527001,0.001447,0.198521,0.001075,0.084800,0.001817,0.509438,0.001570,0.264944,0.001054,0.083759,0.000717,7,84
conformal_retrieval_filter,heldout_object,drawer_pull_with_stiction,friction_mismatch,0.646259,0.035172,0.543389,0.001357,0.170671,0.003914,0.067839,0.001023,0.509810,0.004257,0.254996,0.001015,0.076528,0.002695,7,84
conformal_retrieval_filter,heldout_object,drawer_pull_with_stiction,occluded_contact_shift,0.663265,0.041276,0.537652,0.005157,0.181419,0.001056,0.076995,0.003152,0.508554,0.001542,0.261733,0.000610,0.080547,0.000704,7,84
conformal_retrieval_filter,heldout_object,drawer_pull_with_stiction,source_matched,0.670068,0.043119,0.551026,0.001319,0.156676,0.000979,0.064881,0.001029,0.515042,0.001430,0.255348,0.002637,0.075538,0.000651,7,84
conformal_retrieval_filter,heldout_object,drawer_pull_with_stiction,support_topology_shift,0.641156,0.043631,0.541505,0.001421,0.180708,0.001056,0.073422,0.001401,0.514411,0.005374,0.256418,0.002195,0.079327,0.002376,7,84
conformal_retrieval_filter,heldout_object,peg_insert_contact_search,actuator_lag_shift,0.619048,0.055777,0.535688,0.005198,0.187291,0.001018,0.081694,0.000839,0.486341,0.001486,0.262616,0.000605,0.081006,0.000678,7,84
conformal_retrieval_filter,heldout_object,peg_insert_contact_search,compliance_shift,0.653061,0.034694,0.543560,0.001344,0.177480,0.000999,0.076414,0.000797,0.486572,0.001458,0.259580,0.002327,0.080370,0.000665,7,84
conformal_retrieval_filter,heldout_object,peg_insert_contact_search,compound_mechanism_shift,0.615646,0.052352,0.529390,0.001447,0.200518,0.001075,0.085710,0.000926,0.482389,0.005356,0.262443,0.002907,0.084673,0.001889,7,84
conformal_retrieval_filter,heldout_object,peg_insert_contact_search,friction_mismatch,0.625850,0.031740,0.548915,0.001357,0.169875,0.001008,0.071592,0.000981,0.488973,0.001472,0.258875,0.000798,0.076673,0.000671,7,84
conformal_retrieval_filter,heldout_object,peg_insert_contact_search,occluded_contact_shift,0.634354,0.034427,0.531790,0.001421,0.184089,0.001056,0.076628,0.001211,0.487631,0.001542,0.257751,0.001979,0.080778,0.002376,7,84
conformal_retrieval_filter,heldout_object,peg_insert_contact_search,source_matched,0.673469,0.024870,0.555609,0.003820,0.162033,0.000979,0.061287,0.000763,0.498044,0.001430,0.253849,0.000644,0.071892,0.000651,7,84
conformal_retrieval_filter,heldout_object,peg_insert_contact_search,support_topology_shift,0.607143,0.047493,0.544790,0.001421,0.176516,0.003876,0.076072,0.000833,0.483471,0.004233,0.258224,0.000712,0.076004,0.000631,7,84
conformal_retrieval_filter,heldout_object,twist_lid_with_force_limit,actuator_lag_shift,0.610544,0.036260,0.533651,0.005188,0.186732,0.001027,0.080310,0.000972,0.480413,0.001500,0.260692,0.000782,0.078956,0.000684,7,84
conformal_retrieval_filter,heldout_object,twist_lid_with_force_limit,compliance_shift,0.663265,0.035172,0.541601,0.001357,0.175265,0.001008,0.073428,0.001138,0.478225,0.001472,0.258578,0.000911,0.077186,0.000671,7,84
conformal_retrieval_filter,heldout_object,twist_lid_with_force_limit,compound_mechanism_shift,0.612245,0.039063,0.527116,0.005127,0.192921,0.001085,0.087008,0.001112,0.471330,0.001584,0.260330,0.000892,0.083521,0.002568,7,84
conformal_retrieval_filter,heldout_object,twist_lid_with_force_limit,friction_mismatch,0.647959,0.041633,0.548060,0.001370,0.168488,0.001018,0.068981,0.001315,0.481836,0.001486,0.255971,0.001037,0.074056,0.000678,7,84
conformal_retrieval_filter,heldout_object,twist_lid_with_force_limit,occluded_contact_shift,0.637755,0.034480,0.536456,0.001434,0.186842,0.001066,0.077462,0.001260,0.483965,0.004271,0.257869,0.001607,0.080995,0.002372,7,84
conformal_retrieval_filter,heldout_object,twist_lid_with_force_limit,source_matched,0.646259,0.036260,0.553729,0.001331,0.158162,0.000989,0.065825,0.001114,0.487280,0.001444,0.254553,0.002574,0.075578,0.000658,7,84
conformal_retrieval_filter,heldout_object,twist_lid_with_force_limit,support_topology_shift,0.627551,0.035901,0.540308,0.005147,0.174124,0.001066,0.076180,0.000953,0.480011,0.001556,0.258104,0.000774,0.076129,0.000711,7,84
conformal_retrieval_filter,seen_corpus,cable_route_around_hook,actuator_lag_shift,0.595238,0.030551,0.545037,0.001306,0.179308,0.000970,0.074439,0.001180,0.527392,0.001416,0.257835,0.000948,0.075372,0.000645,7,84
conformal_retrieval_filter,seen_corpus,cable_route_around_hook,compliance_shift,0.617347,0.036158,0.545533,0.005269,0.170825,0.003960,0.072670,0.002180,0.524416,0.005400,0.253565,0.000641,0.074501,0.002701,7,84
conformal_retrieval_filter,seen_corpus,cable_route_around_hook,compound_mechanism_shift,0.585034,0.042426,0.538334,0.001383,0.185371,0.001027,0.081282,0.001434,0.518125,0.001500,0.257556,0.001130,0.078707,0.002599,7,84
conformal_retrieval_filter,seen_corpus,cable_route_around_hook,friction_mismatch,0.647959,0.032546,0.555395,0.001293,0.164886,0.000960,0.065639,0.000839,0.534395,0.001402,0.255448,0.000680,0.073088,0.000638,7,84
conformal_retrieval_filter,seen_corpus,cable_route_around_hook,occluded_contact_shift,0.625850,0.039394,0.545177,0.004786,0.175703,0.001008,0.076773,0.001096,0.528094,0.001472,0.258205,0.002251,0.077155,0.000671,7,84
conformal_retrieval_filter,seen_corpus,cable_route_around_hook,source_matched,0.671769,0.034480,0.561424,0.001255,0.154830,0.000931,0.061029,0.001688,0.537660,0.004345,0.249279,0.000882,0.067934,0.001925,7,84
conformal_retrieval_filter,seen_corpus,cable_route_around_hook,support_topology_shift,0.619048,0.040092,0.544174,0.001357,0.171351,0.002858,0.069049,0.002363,0.528635,0.005848,0.253679,0.002388,0.076872,0.000636,7,84
conformal_retrieval_filter,seen_corpus,cloth_slide_over_edge,actuator_lag_shift,0.586735,0.034427,0.536533,0.001280,0.174298,0.000951,0.073861,0.001507,0.515077,0.001388,0.257351,0.000853,0.074677,0.000632,7,84
conformal_retrieval_filter,seen_corpus,cloth_slide_over_edge,compliance_shift,0.588435,0.048534,0.549824,0.001255,0.173697,0.000931,0.072628,0.002560,0.526181,0.004345,0.255190,0.000849,0.072343,0.000618,7,84
conformal_retrieval_filter,seen_corpus,cloth_slide_over_edge,compound_mechanism_shift,0.591837,0.031681,0.534894,0.001357,0.184159,0.001008,0.082071,0.001068,0.511356,0.001472,0.259389,0.000865,0.077183,0.000671,7,84
conformal_retrieval_filter,seen_corpus,cloth_slide_over_edge,friction_mismatch,0.610544,0.043119,0.548715,0.001267,0.161244,0.000941,0.065510,0.000580,0.524077,0.001374,0.256280,0.000436,0.073330,0.000625,7,84
conformal_retrieval_filter,seen_corpus,cloth_slide_over_edge,occluded_contact_shift,0.620748,0.055411,0.545385,0.004804,0.177227,0.000989,0.071825,0.001622,0.525319,0.001444,0.255168,0.001249,0.074074,0.001910,7,84
conformal_retrieval_filter,seen_corpus,cloth_slide_over_edge,source_matched,0.649660,0.027822,0.560216,0.001229,0.155292,0.000912,0.056778,0.000369,0.533335,0.004356,0.252633,0.000342,0.069843,0.000605,7,84
conformal_retrieval_filter,seen_corpus,cloth_slide_over_edge,support_topology_shift,0.590136,0.037367,0.544382,0.001331,0.167729,0.003929,0.069909,0.000769,0.518348,0.004266,0.255548,0.000781,0.072555,0.000585,7,84
conformal_retrieval_filter,seen_corpus,drawer_pull_with_stiction,actuator_lag_shift,0.647959,0.039721,0.541072,0.005228,0.179878,0.000989,0.073959,0.002881,0.518224,0.001444,0.254273,0.000724,0.077132,0.002620,7,84
conformal_retrieval_filter,seen_corpus,drawer_pull_with_stiction,compliance_shift,0.646259,0.051099,0.546443,0.005249,0.173337,0.000970,0.069531,0.001436,0.520656,0.004323,0.256204,0.001108,0.074160,0.000645,7,84
conformal_retrieval_filter,seen_corpus,drawer_pull_with_stiction,compound_mechanism_shift,0.632653,0.038249,0.538038,0.001408,0.186977,0.003570,0.083959,0.001870,0.505325,0.001669,0.260473,0.001101,0.078890,0.000637,7,84
conformal_retrieval_filter,seen_corpus,drawer_pull_with_stiction,friction_mismatch,0.671769,0.044347,0.556155,0.001319,0.163854,0.000979,0.063405,0.001942,0.522888,0.001430,0.251222,0.000873,0.071464,0.002412,7,84
conformal_retrieval_filter,seen_corpus,drawer_pull_with_stiction,occluded_contact_shift,0.634354,0.025313,0.545182,0.001383,0.172391,0.002851,0.072010,0.002386,0.510684,0.001586,0.254960,0.002257,0.077400,0.001900,7,84
conformal_retrieval_filter,seen_corpus,drawer_pull_with_stiction,source_matched,0.717687,0.015870,0.555776,0.001280,0.148992,0.000951,0.055932,0.001868,0.521709,0.001388,0.249544,0.000671,0.067594,0.000632,7,84
conformal_retrieval_filter,seen_corpus,drawer_pull_with_stiction,support_topology_shift,0.683673,0.029627,0.546467,0.005188,0.168038,0.001027,0.067737,0.000446,0.518943,0.001500,0.251935,0.000414,0.073687,0.002599,7,84
conformal_retrieval_filter,seen_corpus,peg_insert_contact_search,actuator_lag_shift,0.654762,0.029250,0.538285,0.001331,0.176408,0.003609,0.075127,0.000857,0.483013,0.001585,0.258254,0.000784,0.076571,0.000598,7,84
conformal_retrieval_filter,seen_corpus,peg_insert_contact_search,compliance_shift,0.661565,0.026874,0.544552,0.001306,0.167109,0.000970,0.070771,0.002297,0.489136,0.001416,0.252510,0.000771,0.075142,0.002631,7,84
conformal_retrieval_filter,seen_corpus,peg_insert_contact_search,compound_mechanism_shift,0.579932,0.029565,0.534850,0.005167,0.186637,0.001047,0.080635,0.001008,0.484974,0.001528,0.259370,0.002653,0.081615,0.000697,7,84
conformal_retrieval_filter,seen_corpus,peg_insert_contact_search,friction_mismatch,0.632653,0.034694,0.546955,0.001319,0.162435,0.003937,0.067014,0.000910,0.490671,0.004271,0.256070,0.000891,0.073452,0.000579,7,84
conformal_retrieval_filter,seen_corpus,peg_insert_contact_search,occluded_contact_shift,0.629252,0.028996,0.545177,0.004769,0.174437,0.001027,0.074078,0.001220,0.491246,0.001500,0.255925,0.000988,0.073756,0.000684,7,84
conformal_retrieval_filter,seen_corpus,peg_insert_contact_search,source_matched,0.700680,0.033166,0.561641,0.003834,0.155442,0.000951,0.060361,0.000929,0.500981,0.005479,0.249037,0.002252,0.071539,0.001920,7,84
conformal_retrieval_filter,seen_corpus,peg_insert_contact_search,support_topology_shift,0.627551,0.033278,0.544174,0.001383,0.171800,0.001027,0.072098,0.001032,0.496863,0.004291,0.255901,0.000836,0.073504,0.000684,7,84
conformal_retrieval_filter,seen_corpus,twist_lid_with_force_limit,actuator_lag_shift,0.654762,0.019720,0.535261,0.001344,0.181888,0.000999,0.072370,0.000778,0.486013,0.005431,0.254534,0.000667,0.076380,0.002615,7,84
conformal_retrieval_filter,seen_corpus,twist_lid_with_force_limit,compliance_shift,0.663265,0.049291,0.543894,0.004812,0.172648,0.002868,0.069167,0.001446,0.487077,0.005881,0.255666,0.001242,0.073848,0.000616,7,84
conformal_retrieval_filter,seen_corpus,twist_lid_with_force_limit,compound_mechanism_shift,0.590136,0.028739,0.529302,0.001421,0.188509,0.001056,0.080715,0.000882,0.482707,0.001542,0.259962,0.002626,0.081241,0.000704,7,84
conformal_retrieval_filter,seen_corpus,twist_lid_with_force_limit,friction_mismatch,0.664966,0.028087,0.549688,0.005228,0.165372,0.000989,0.064011,0.001709,0.495104,0.001444,0.251346,0.000806,0.071520,0.002407,7,84
conformal_retrieval_filter,seen_corpus,twist_lid_with_force_limit,occluded_contact_shift,0.664966,0.022443,0.541995,0.005178,0.174653,0.001037,0.072420,0.000753,0.486561,0.001514,0.253913,0.000650,0.074535,0.002385,7,84
conformal_retrieval_filter,seen_corpus,twist_lid_with_force_limit,source_matched,0.688776,0.024646,0.556488,0.001293,0.149034,0.000960,0.058172,0.002828,0.491771,0.001402,0.248993,0.000416,0.067782,0.001918,7,84
conformal_retrieval_filter,seen_corpus,twist_lid_with_force_limit,support_topology_shift,0.629252,0.027622,0.545566,0.001395,0.172016,0.001037,0.071120,0.000990,0.489606,0.005393,0.254365,0.000816,0.071996,0.000691,7,84
language_episode_retrieval,combined_stress,cable_route_around_hook,actuator_lag_shift,0.323129,0.025166,0.393730,0.001357,0.434173,0.001008,0.148448,0.000935,0.365518,0.001472,0.191922,0.000775,0.151656,0.000671,7,84
language_episode_retrieval,combined_stress,cable_route_around_hook,compliance_shift,0.365646,0.044012,0.396365,0.001331,0.420424,0.000989,0.143515,0.001155,0.367733,0.001444,0.188436,0.002612,0.151760,0.000658,7,84
language_episode_retrieval,combined_stress,cable_route_around_hook,compound_mechanism_shift,0.275510,0.020638,0.382448,0.005147,0.449676,0.001066,0.155601,0.002578,0.361013,0.001556,0.194450,0.000704,0.154015,0.000711,7,84
language_episode_retrieval,combined_stress,cable_route_around_hook,friction_mismatch,0.408163,0.029565,0.401016,0.001344,0.407136,0.000999,0.136520,0.001028,0.369570,0.001458,0.187546,0.000837,0.147609,0.000665,7,84
language_episode_retrieval,combined_stress,cable_route_around_hook,occluded_contact_shift,0.329932,0.015870,0.395492,0.001408,0.427492,0.002844,0.144978,0.002837,0.363023,0.001614,0.191149,0.001953,0.151908,0.000662,7,84
language_episode_retrieval,combined_stress,cable_route_around_hook,source_matched,0.476190,0.046944,0.412397,0.001306,0.393361,0.000970,0.126562,0.001307,0.381578,0.001416,0.183434,0.001014,0.143921,0.000645,7,84
language_episode_retrieval,combined_stress,cable_route_around_hook,support_topology_shift,0.413265,0.046027,0.393340,0.001408,0.421411,0.001047,0.139321,0.001143,0.375203,0.001528,0.184786,0.000893,0.147589,0.002381,7,84
language_episode_retrieval,combined_stress,cloth_slide_over_edge,actuator_lag_shift,0.367347,0.030307,0.394107,0.001331,0.435173,0.000989,0.145905,0.002806,0.362910,0.001444,0.186956,0.000768,0.151890,0.002620,7,84
language_episode_retrieval,combined_stress,cloth_slide_over_edge,compliance_shift,0.375850,0.036667,0.400390,0.001306,0.424160,0.000970,0.140251,0.000854,0.369119,0.001416,0.189200,0.000683,0.149294,0.000645,7,84
language_episode_retrieval,combined_stress,cloth_slide_over_edge,compound_mechanism_shift,0.290816,0.029187,0.381028,0.001408,0.454474,0.001047,0.156453,0.001301,0.361377,0.004281,0.192421,0.001052,0.152276,0.000697,7,84
language_episode_retrieval,combined_stress,cloth_slide_over_edge,friction_mismatch,0.445578,0.017533,0.403217,0.001319,0.409504,0.000979,0.132841,0.002053,0.368958,0.001430,0.183587,0.000688,0.145350,0.001913,7,84
language_episode_retrieval,combined_stress,cloth_slide_over_edge,occluded_contact_shift,0.328231,0.032146,0.388572,0.001383,0.433311,0.001027,0.146927,0.002506,0.364877,0.005403,0.190038,0.002494,0.152011,0.000684,7,84
language_episode_retrieval,combined_stress,cloth_slide_over_edge,source_matched,0.455782,0.052845,0.404062,0.001280,0.387827,0.000951,0.125039,0.001357,0.369430,0.001388,0.183021,0.001038,0.143112,0.000632,7,84
language_episode_retrieval,combined_stress,cloth_slide_over_edge,support_topology_shift,0.391156,0.042731,0.400142,0.003796,0.416939,0.001027,0.138619,0.000929,0.364605,0.001500,0.185104,0.000731,0.147507,0.002389,7,84
language_episode_retrieval,combined_stress,drawer_pull_with_stiction,actuator_lag_shift,0.362245,0.018954,0.389612,0.001383,0.436323,0.003583,0.146913,0.002543,0.355996,0.005802,0.190282,0.002198,0.152861,0.000624,7,84
language_episode_retrieval,combined_stress,drawer_pull_with_stiction,compliance_shift,0.430272,0.021858,0.394836,0.005208,0.422801,0.001008,0.141637,0.001868,0.363687,0.001472,0.187733,0.002274,0.150834,0.000671,7,84
language_episode_retrieval,combined_stress,drawer_pull_with_stiction,compound_mechanism_shift,0.362245,0.046348,0.384286,0.001460,0.452863,0.001085,0.152739,0.002430,0.358149,0.001584,0.192835,0.000862,0.153643,0.000724,7,84
language_episode_retrieval,combined_stress,drawer_pull_with_stiction,friction_mismatch,0.465986,0.024114,0.397050,0.003801,0.411114,0.001018,0.137110,0.000972,0.367862,0.001486,0.186863,0.000806,0.147779,0.000678,7,84
language_episode_retrieval,combined_stress,drawer_pull_with_stiction,occluded_contact_shift,0.401361,0.048228,0.393058,0.005147,0.425759,0.001066,0.145633,0.001845,0.355549,0.001556,0.188755,0.001051,0.149311,0.000711,7,84
language_episode_retrieval,combined_stress,drawer_pull_with_stiction,source_matched,0.547619,0.036004,0.406596,0.005228,0.392533,0.000989,0.123316,0.000804,0.372853,0.001444,0.179357,0.000648,0.141944,0.001910,7,84
language_episode_retrieval,combined_stress,drawer_pull_with_stiction,support_topology_shift,0.459184,0.052387,0.397766,0.001434,0.421393,0.001066,0.137185,0.001736,0.362515,0.005365,0.186179,0.002061,0.150740,0.000711,7,84
language_episode_retrieval,combined_stress,peg_insert_contact_search,actuator_lag_shift,0.394558,0.033166,0.394406,0.001383,0.430810,0.001027,0.144236,0.001246,0.329335,0.001500,0.187166,0.001001,0.150084,0.002389,7,84
language_episode_retrieval,combined_stress,peg_insert_contact_search,compliance_shift,0.420068,0.029123,0.393665,0.001357,0.421390,0.003914,0.138279,0.000917,0.332724,0.005344,0.185660,0.000931,0.146291,0.000599,7,84
language_episode_retrieval,combined_stress,peg_insert_contact_search,compound_mechanism_shift,0.306122,0.030000,0.386391,0.001460,0.452194,0.002830,0.153136,0.001088,0.328270,0.005759,0.193043,0.002174,0.155326,0.000688,7,84
language_episode_retrieval,combined_stress,peg_insert_contact_search,friction_mismatch,0.477891,0.025676,0.400004,0.001370,0.407652,0.003906,0.131788,0.000911,0.333905,0.004252,0.181970,0.000944,0.146406,0.002690,7,84
language_episode_retrieval,combined_stress,peg_insert_contact_search,occluded_contact_shift,0.401361,0.030429,0.389198,0.003778,0.427478,0.001066,0.142105,0.001556,0.334301,0.001556,0.189769,0.001965,0.151485,0.000711,7,84
language_episode_retrieval,combined_stress,peg_insert_contact_search,source_matched,0.534014,0.041811,0.406321,0.001331,0.386649,0.002865,0.126998,0.000978,0.337932,0.001530,0.183497,0.000771,0.144630,0.000623,7,84
language_episode_retrieval,combined_stress,peg_insert_contact_search,support_topology_shift,0.418367,0.029439,0.400767,0.001434,0.417967,0.003868,0.139804,0.000885,0.333755,0.005289,0.184334,0.000837,0.147105,0.002408,7,84
language_episode_retrieval,combined_stress,twist_lid_with_force_limit,actuator_lag_shift,0.343537,0.051532,0.395657,0.001395,0.431463,0.001037,0.144345,0.001302,0.324512,0.001514,0.187591,0.001484,0.152102,0.002385,7,84
language_episode_retrieval,combined_stress,twist_lid_with_force_limit,compliance_shift,0.421769,0.047180,0.392708,0.001370,0.423817,0.002854,0.139793,0.002793,0.330491,0.005837,0.186530,0.002726,0.151811,0.000642,7,84
language_episode_retrieval,combined_stress,twist_lid_with_force_limit,compound_mechanism_shift,0.318027,0.026317,0.380545,0.003765,0.447524,0.001095,0.154900,0.001261,0.320821,0.001598,0.190182,0.001891,0.154843,0.002359,7,84
language_episode_retrieval,combined_stress,twist_lid_with_force_limit,friction_mismatch,0.482993,0.039721,0.400151,0.001383,0.409192,0.003898,0.133720,0.002239,0.330377,0.005326,0.184487,0.002102,0.149032,0.000612,7,84
language_episode_retrieval,combined_stress,twist_lid_with_force_limit,occluded_contact_shift,0.413265,0.055008,0.392579,0.001447,0.431443,0.001075,0.142269,0.001155,0.331741,0.004266,0.188091,0.002816,0.152340,0.000717,7,84
language_episode_retrieval,combined_stress,twist_lid_with_force_limit,source_matched,0.523810,0.057155,0.403156,0.001344,0.392566,0.002861,0.124478,0.000738,0.338221,0.005859,0.179999,0.000508,0.142248,0.001908,7,84
language_episode_retrieval,combined_stress,twist_lid_with_force_limit,support_topology_shift,0.443878,0.051352,0.395000,0.004727,0.415071,0.001075,0.140325,0.001562,0.328896,0.001570,0.184752,0.001217,0.146693,0.001889,7,84
language_episode_retrieval,cross_embodiment,cable_route_around_hook,actuator_lag_shift,0.382653,0.025676,0.393970,0.003801,0.413312,0.001018,0.141886,0.002297,0.378998,0.001486,0.186779,0.002203,0.147616,0.000678,7,84
language_episode_retrieval,cross_embodiment,cable_route_around_hook,compliance_shift,0.404762,0.056470,0.408574,0.001344,0.398250,0.000999,0.135243,0.002787,0.379294,0.001458,0.181559,0.002625,0.146820,0.000665,7,84
language_episode_retrieval,cross_embodiment,cable_route_around_hook,compound_mechanism_shift,0.367347,0.013878,0.394693,0.001447,0.427528,0.003860,0.147438,0.000470,0.367467,0.005280,0.184566,0.000647,0.149093,0.002658,7,84
language_episode_retrieval,cross_embodiment,cable_route_around_hook,friction_mismatch,0.459184,0.037712,0.411923,0.003806,0.385699,0.001008,0.130844,0.001063,0.382208,0.001472,0.182138,0.002131,0.143175,0.000671,7,84
language_episode_retrieval,cross_embodiment,cable_route_around_hook,occluded_contact_shift,0.421769,0.023805,0.396709,0.001421,0.407364,0.001056,0.137169,0.000544,0.380144,0.001542,0.181468,0.000504,0.144939,0.002584,7,84
language_episode_retrieval,cross_embodiment,cable_route_around_hook,source_matched,0.527211,0.058436,0.416066,0.005238,0.369926,0.000979,0.119404,0.001243,0.388726,0.004317,0.177837,0.000930,0.138119,0.000651,7,84
language_episode_retrieval,cross_embodiment,cable_route_around_hook,support_topology_shift,0.438776,0.024646,0.406847,0.004744,0.391634,0.001056,0.132543,0.002626,0.375665,0.001542,0.183322,0.000657,0.143161,0.000704,7,84
language_episode_retrieval,cross_embodiment,cloth_slide_over_edge,actuator_lag_shift,0.372449,0.044597,0.397043,0.005218,0.413111,0.000999,0.138286,0.002287,0.374339,0.001458,0.182836,0.000653,0.145806,0.002615,7,84
language_episode_retrieval,cross_embodiment,cloth_slide_over_edge,compliance_shift,0.454082,0.031972,0.403861,0.005238,0.400784,0.000979,0.132481,0.001225,0.376057,0.004317,0.183180,0.000982,0.143454,0.000651,7,84
language_episode_retrieval,cross_embodiment,cloth_slide_over_edge,compound_mechanism_shift,0.358844,0.024646,0.393682,0.004744,0.424264,0.001056,0.146106,0.002624,0.363482,0.001542,0.188849,0.001938,0.149761,0.000704,7,84
language_episode_retrieval,cross_embodiment,cloth_slide_over_edge,friction_mismatch,0.431973,0.026317,0.409959,0.004804,0.386866,0.000989,0.126311,0.000775,0.379546,0.001444,0.179345,0.000651,0.140015,0.001910,7,84
language_episode_retrieval,cross_embodiment,cloth_slide_over_edge,occluded_contact_shift,0.392857,0.025963,0.403920,0.001395,0.401691,0.001037,0.135602,0.000835,0.367496,0.001514,0.182143,0.001715,0.146244,0.002385,7,84
language_episode_retrieval,cross_embodiment,cloth_slide_over_edge,source_matched,0.527211,0.046027,0.412714,0.001293,0.363191,0.000960,0.118758,0.002499,0.377100,0.001402,0.176257,0.000854,0.136409,0.000638,7,84
language_episode_retrieval,cross_embodiment,cloth_slide_over_edge,support_topology_shift,0.433673,0.045216,0.402624,0.001395,0.397967,0.001037,0.134830,0.001179,0.375400,0.005393,0.182521,0.000923,0.142395,0.000691,7,84
language_episode_retrieval,cross_embodiment,drawer_pull_with_stiction,actuator_lag_shift,0.409864,0.044054,0.398706,0.005178,0.408933,0.001037,0.137737,0.001205,0.364298,0.001514,0.181880,0.000947,0.146431,0.002594,7,84
language_episode_retrieval,cross_embodiment,drawer_pull_with_stiction,compliance_shift,0.542517,0.032146,0.402178,0.001370,0.397527,0.003906,0.129308,0.001848,0.364787,0.005335,0.179837,0.002357,0.145852,0.001926,7,84
language_episode_retrieval,cross_embodiment,drawer_pull_with_stiction,compound_mechanism_shift,0.384354,0.050332,0.389376,0.001472,0.425901,0.001095,0.148963,0.001429,0.361930,0.001598,0.185075,0.001116,0.147505,0.002359,7,84
language_episode_retrieval,cross_embodiment,drawer_pull_with_stiction,friction_mismatch,0.517007,0.057122,0.409949,0.001383,0.383148,0.003583,0.125151,0.001286,0.365032,0.001641,0.179173,0.002769,0.144385,0.000624,7,84
language_episode_retrieval,cross_embodiment,drawer_pull_with_stiction,occluded_contact_shift,0.455782,0.035538,0.403128,0.001447,0.405963,0.003551,0.136236,0.001038,0.364647,0.005747,0.181890,0.002426,0.145792,0.002444,7,84
language_episode_retrieval,cross_embodiment,drawer_pull_with_stiction,source_matched,0.595238,0.048572,0.412258,0.001344,0.366000,0.003921,0.117061,0.000943,0.372114,0.005353,0.174956,0.000688,0.136100,0.000592,7,84
language_episode_retrieval,cross_embodiment,drawer_pull_with_stiction,support_topology_shift,0.484694,0.053333,0.401832,0.001447,0.393663,0.001075,0.132772,0.002625,0.370320,0.001570,0.181290,0.001255,0.141790,0.000717,7,84
language_episode_retrieval,cross_embodiment,peg_insert_contact_search,actuator_lag_shift,0.411565,0.049591,0.393832,0.001395,0.411883,0.001037,0.140656,0.001050,0.344451,0.001514,0.184726,0.000808,0.144770,0.000691,7,84
language_episode_retrieval,cross_embodiment,peg_insert_contact_search,compliance_shift,0.462585,0.058151,0.407347,0.001370,0.394288,0.001018,0.132700,0.001539,0.341050,0.001486,0.181987,0.001177,0.142241,0.000678,7,84
language_episode_retrieval,cross_embodiment,peg_insert_contact_search,compound_mechanism_shift,0.362245,0.018257,0.390962,0.001472,0.426834,0.001095,0.148577,0.002150,0.339140,0.001598,0.186910,0.000807,0.146751,0.000730,7,84
language_episode_retrieval,cross_embodiment,peg_insert_contact_search,friction_mismatch,0.506803,0.027352,0.412384,0.003796,0.383004,0.001027,0.127157,0.000835,0.345813,0.001500,0.178979,0.000699,0.139462,0.000684,7,84
language_episode_retrieval,cross_embodiment,peg_insert_contact_search,occluded_contact_shift,0.443878,0.030852,0.405610,0.001447,0.402423,0.003551,0.138044,0.000942,0.335325,0.001711,0.181743,0.000948,0.143119,0.001927,7,84
language_episode_retrieval,cross_embodiment,peg_insert_contact_search,source_matched,0.561224,0.039907,0.418323,0.001344,0.363433,0.000999,0.121177,0.000922,0.349359,0.001458,0.178055,0.001998,0.139810,0.000665,7,84
language_episode_retrieval,cross_embodiment,peg_insert_contact_search,support_topology_shift,0.448980,0.030000,0.404314,0.001447,0.395269,0.001075,0.130869,0.001986,0.348511,0.001570,0.183764,0.000755,0.143783,0.000717,7,84
language_episode_retrieval,cross_embodiment,twist_lid_with_force_limit,actuator_lag_shift,0.464286,0.044389,0.396232,0.001408,0.413225,0.001047,0.139294,0.001273,0.338308,0.004281,0.183082,0.001001,0.143894,0.000697,7,84
language_episode_retrieval,cross_embodiment,twist_lid_with_force_limit,compliance_shift,0.493197,0.030490,0.407539,0.001383,0.393974,0.001027,0.130552,0.001017,0.335063,0.001500,0.179548,0.000830,0.142518,0.002389,7,84
language_episode_retrieval,cross_embodiment,twist_lid_with_force_limit,compound_mechanism_shift,0.397959,0.034102,0.390838,0.005107,0.424568,0.003532,0.144879,0.000908,0.325157,0.001753,0.188816,0.000937,0.149122,0.000677,7,84
language_episode_retrieval,cross_embodiment,twist_lid_with_force_limit,friction_mismatch,0.520408,0.033278,0.409106,0.005178,0.383517,0.001037,0.125964,0.000678,0.341034,0.001514,0.177331,0.000568,0.141450,0.002594,7,84
language_episode_retrieval,cross_embodiment,twist_lid_with_force_limit,occluded_contact_shift,0.440476,0.044680,0.396418,0.001460,0.403646,0.001085,0.137717,0.002642,0.336728,0.001584,0.183093,0.000860,0.143306,0.000724,7,84
language_episode_retrieval,cross_embodiment,twist_lid_with_force_limit,source_matched,0.564626,0.026874,0.416307,0.001357,0.361462,0.001008,0.118345,0.000974,0.340953,0.001472,0.176036,0.000802,0.136666,0.000671,7,84
language_episode_retrieval,cross_embodiment,twist_lid_with_force_limit,support_topology_shift,0.452381,0.041051,0.406556,0.004718,0.393062,0.003853,0.131292,0.000762,0.334615,0.004220,0.181588,0.002876,0.145051,0.000651,7,84
language_episode_retrieval,heldout_mechanism,cable_route_around_hook,actuator_lag_shift,0.438776,0.039907,0.398996,0.001383,0.400962,0.002851,0.135882,0.002246,0.378099,0.005826,0.182740,0.002274,0.145032,0.000649,7,84
language_episode_retrieval,heldout_mechanism,cable_route_around_hook,compliance_shift,0.447279,0.018954,0.409562,0.004786,0.386301,0.001008,0.130952,0.002530,0.384127,0.001472,0.180265,0.002612,0.143368,0.000671,7,84
language_episode_retrieval,heldout_mechanism,cable_route_around_hook,compound_mechanism_shift,0.377551,0.040323,0.391142,0.001460,0.413891,0.001085,0.144828,0.001994,0.374980,0.001584,0.184886,0.001072,0.144484,0.000724,7,84
language_episode_retrieval,heldout_mechanism,cable_route_around_hook,friction_mismatch,0.482993,0.050369,0.411607,0.005198,0.374488,0.001018,0.127475,0.001329,0.388118,0.001486,0.180455,0.001028,0.140227,0.000678,7,84
language_episode_retrieval,heldout_mechanism,cable_route_around_hook,occluded_contact_shift,0.462585,0.046786,0.407286,0.001434,0.392316,0.003868,0.135188,0.000924,0.375308,0.004229,0.180420,0.000945,0.140508,0.000638,7,84
language_episode_retrieval,heldout_mechanism,cable_route_around_hook,source_matched,0.542517,0.044054,0.419947,0.005228,0.356717,0.000989,0.114723,0.000886,0.394292,0.001444,0.173798,0.000688,0.133803,0.000658,7,84
language_episode_retrieval,heldout_mechanism,cable_route_around_hook,support_topology_shift,0.482993,0.039394,0.406846,0.001434,0.384089,0.001066,0.126911,0.001234,0.386927,0.001556,0.179224,0.002512,0.142724,0.000711,7,84
language_episode_retrieval,heldout_mechanism,cloth_slide_over_edge,actuator_lag_shift,0.416667,0.038442,0.400214,0.004786,0.401203,0.001008,0.135072,0.002444,0.376489,0.004302,0.180357,0.001890,0.144624,0.002398,7,84
language_episode_retrieval,heldout_mechanism,cloth_slide_over_edge,compliance_shift,0.474490,0.061824,0.409854,0.004804,0.387563,0.000989,0.127625,0.001339,0.381435,0.001444,0.179015,0.001000,0.139086,0.000658,7,84
language_episode_retrieval,heldout_mechanism,cloth_slide_over_edge,compound_mechanism_shift,0.357143,0.032203,0.392850,0.001434,0.416215,0.001066,0.143241,0.000887,0.373839,0.001556,0.183867,0.002447,0.147790,0.001891,7,84
language_episode_retrieval,heldout_mechanism,cloth_slide_over_edge,friction_mismatch,0.505102,0.022111,0.414649,0.004795,0.374382,0.000999,0.123235,0.002416,0.383429,0.001458,0.174934,0.000767,0.139582,0.002615,7,84
language_episode_retrieval,heldout_mechanism,cloth_slide_over_edge,occluded_contact_shift,0.440476,0.070000,0.403495,0.005167,0.392231,0.001047,0.132992,0.001555,0.375794,0.001528,0.178962,0.001159,0.142164,0.002589,7,84
language_episode_retrieval,heldout_mechanism,cloth_slide_over_edge,source_matched,0.545918,0.041811,0.414740,0.001306,0.352139,0.003622,0.118976,0.001086,0.377929,0.001557,0.172418,0.002211,0.136957,0.002438,7,84
language_episode_retrieval,heldout_mechanism,cloth_slide_over_edge,support_topology_shift,0.455782,0.048762,0.412202,0.001408,0.378858,0.002844,0.130148,0.002539,0.372183,0.001614,0.181267,0.000848,0.140857,0.000662,7,84
language_episode_retrieval,heldout_mechanism,drawer_pull_with_stiction,actuator_lag_shift,0.476190,0.028803,0.398925,0.001408,0.400154,0.001047,0.135152,0.000967,0.373307,0.001528,0.179957,0.000797,0.141600,0.001896,7,84
language_episode_retrieval,heldout_mechanism,drawer_pull_with_stiction,compliance_shift,0.489796,0.062657,0.409793,0.001383,0.382289,0.002851,0.126600,0.001134,0.366939,0.001586,0.177561,0.001643,0.142316,0.002398,7,84
language_episode_retrieval,heldout_mechanism,drawer_pull_with_stiction,compound_mechanism_shift,0.437075,0.022608,0.394740,0.005107,0.412404,0.003532,0.140865,0.000680,0.358906,0.001753,0.185914,0.000775,0.146305,0.000677,7,84
language_episode_retrieval,heldout_mechanism,drawer_pull_with_stiction,friction_mismatch,0.545918,0.036158,0.413974,0.004761,0.370363,0.001037,0.121487,0.001244,0.373338,0.001514,0.175102,0.001777,0.140241,0.002385,7,84
language_episode_retrieval,heldout_mechanism,drawer_pull_with_stiction,occluded_contact_shift,0.517007,0.022111,0.399751,0.001460,0.391056,0.001085,0.133782,0.002033,0.369855,0.001584,0.179383,0.000733,0.140197,0.000724,7,84
language_episode_retrieval,heldout_mechanism,drawer_pull_with_stiction,source_matched,0.561224,0.048952,0.418193,0.001357,0.352932,0.003914,0.114445,0.001277,0.374862,0.004257,0.172721,0.001115,0.134050,0.001929,7,84
language_episode_retrieval,heldout_mechanism,drawer_pull_with_stiction,support_topology_shift,0.513605,0.042120,0.410745,0.004718,0.379398,0.003545,0.126867,0.000930,0.368748,0.004182,0.178520,0.002479,0.142351,0.000664,7,84
language_episode_retrieval,heldout_mechanism,peg_insert_contact_search,actuator_lag_shift,0.440476,0.033389,0.402710,0.001408,0.397749,0.003883,0.137050,0.001675,0.342844,0.005729,0.183125,0.000759,0.143075,0.000625,7,84
language_episode_retrieval,heldout_mechanism,peg_insert_contact_search,compliance_shift,0.469388,0.040369,0.409900,0.004769,0.383986,0.001027,0.130091,0.001147,0.347611,0.001500,0.179820,0.000909,0.139739,0.000684,7,84
language_episode_retrieval,heldout_mechanism,peg_insert_contact_search,compound_mechanism_shift,0.403061,0.037218,0.393549,0.004701,0.409698,0.001104,0.142506,0.000924,0.335722,0.001612,0.184285,0.002829,0.147574,0.000737,7,84
language_episode_retrieval,heldout_mechanism,peg_insert_contact_search,friction_mismatch,0.518707,0.026874,0.409059,0.003792,0.373440,0.001037,0.124994,0.000375,0.353451,0.001514,0.177233,0.000381,0.137465,0.000691,7,84
language_episode_retrieval,heldout_mechanism,peg_insert_contact_search,occluded_contact_shift,0.464286,0.034534,0.401744,0.001460,0.392453,0.001085,0.133123,0.002257,0.347515,0.001584,0.181894,0.001089,0.141987,0.000724,7,84
language_episode_retrieval,heldout_mechanism,peg_insert_contact_search,source_matched,0.559524,0.019052,0.423769,0.001357,0.351871,0.001008,0.117804,0.000515,0.354079,0.001472,0.176310,0.000486,0.136445,0.000671,7,84
language_episode_retrieval,heldout_mechanism,peg_insert_contact_search,support_topology_shift,0.530612,0.034480,0.408164,0.005127,0.377365,0.001085,0.127986,0.000997,0.343973,0.001584,0.175481,0.000813,0.140649,0.002568,7,84
language_episode_retrieval,heldout_mechanism,twist_lid_with_force_limit,actuator_lag_shift,0.455782,0.025820,0.406240,0.001421,0.396410,0.003564,0.136788,0.002041,0.332927,0.001683,0.182543,0.000791,0.142687,0.000644,7,84
language_episode_retrieval,heldout_mechanism,twist_lid_with_force_limit,compliance_shift,0.481293,0.039063,0.406647,0.005178,0.384421,0.001037,0.128926,0.001254,0.342857,0.001514,0.178181,0.000997,0.139422,0.001898,7,84
language_episode_retrieval,heldout_mechanism,twist_lid_with_force_limit,compound_mechanism_shift,0.431973,0.044305,0.399129,0.001498,0.416757,0.001114,0.144770,0.001965,0.338067,0.004246,0.182250,0.001082,0.144932,0.002350,7,84
language_episode_retrieval,heldout_mechanism,twist_lid_with_force_limit,friction_mismatch,0.540816,0.029187,0.409198,0.001408,0.374702,0.001047,0.124238,0.001054,0.349906,0.001528,0.176003,0.000862,0.136572,0.000697,7,84
language_episode_retrieval,heldout_mechanism,twist_lid_with_force_limit,occluded_contact_shift,0.479592,0.036616,0.407402,0.003765,0.392710,0.003845,0.131757,0.000965,0.337357,0.005262,0.181232,0.002570,0.143836,0.000658,7,84
language_episode_retrieval,heldout_mechanism,twist_lid_with_force_limit,source_matched,0.612245,0.032546,0.422883,0.001370,0.350649,0.001018,0.114594,0.000935,0.346908,0.001486,0.172995,0.000761,0.133851,0.000678,7,84
language_episode_retrieval,heldout_mechanism,twist_lid_with_force_limit,support_topology_shift,0.523810,0.045826,0.409249,0.001472,0.382767,0.001095,0.129736,0.002261,0.346472,0.001598,0.177416,0.000992,0.138017,0.000730,7,84
language_episode_retrieval,heldout_object,cable_route_around_hook,actuator_lag_shift,0.431973,0.056174,0.411548,0.001344,0.384734,0.000999,0.133393,0.002576,0.384250,0.001458,0.179149,0.002826,0.143060,0.000665,7,84
language_episode_retrieval,heldout_object,cable_route_around_hook,compliance_shift,0.477891,0.037908,0.415935,0.001319,0.372299,0.000979,0.123649,0.001298,0.388384,0.001430,0.176491,0.001028,0.136060,0.000651,7,84
language_episode_retrieval,heldout_object,cable_route_around_hook,compound_mechanism_shift,0.396259,0.018856,0.404270,0.001421,0.398095,0.002840,0.141005,0.002092,0.374044,0.001628,0.183512,0.000849,0.142808,0.000669,7,84
language_episode_retrieval,heldout_object,cable_route_around_hook,friction_mismatch,0.510204,0.054229,0.419603,0.001331,0.358273,0.000989,0.120884,0.002486,0.389143,0.001444,0.172965,0.001915,0.137120,0.002407,7,84
language_episode_retrieval,heldout_object,cable_route_around_hook,occluded_contact_shift,0.431973,0.037663,0.410046,0.001395,0.377320,0.003577,0.129514,0.002795,0.378112,0.001655,0.177982,0.002554,0.141666,0.000631,7,84
language_episode_retrieval,heldout_object,cable_route_around_hook,source_matched,0.527211,0.056405,0.419926,0.003829,0.339635,0.003952,0.115201,0.002709,0.388906,0.004281,0.169756,0.001095,0.133534,0.002696,7,84
language_episode_retrieval,heldout_object,cable_route_around_hook,support_topology_shift,0.447279,0.049065,0.409325,0.003792,0.368882,0.001037,0.125757,0.001515,0.389423,0.001514,0.175574,0.001182,0.135734,0.001898,7,84
language_episode_retrieval,heldout_object,cloth_slide_over_edge,actuator_lag_shift,0.476190,0.039441,0.409053,0.004812,0.387483,0.000979,0.130749,0.000700,0.380945,0.004317,0.179738,0.000555,0.139740,0.000651,7,84
language_episode_retrieval,heldout_object,cloth_slide_over_edge,compliance_shift,0.476190,0.072903,0.407940,0.003829,0.370924,0.003952,0.126869,0.003572,0.376484,0.004281,0.174973,0.000640,0.137921,0.002721,7,84
language_episode_retrieval,heldout_object,cloth_slide_over_edge,compound_mechanism_shift,0.404762,0.052423,0.395404,0.001395,0.402926,0.001037,0.141764,0.001540,0.378925,0.001514,0.182559,0.001194,0.142058,0.000691,7,84
language_episode_retrieval,heldout_object,cloth_slide_over_edge,friction_mismatch,0.518707,0.039721,0.418931,0.004821,0.362390,0.000970,0.121113,0.001125,0.387835,0.004323,0.177253,0.000887,0.137025,0.000645,7,84
language_episode_retrieval,heldout_object,cloth_slide_over_edge,occluded_contact_shift,0.471088,0.032942,0.404828,0.001370,0.381458,0.002854,0.128003,0.002078,0.379407,0.005837,0.176138,0.002012,0.140441,0.002431,7,84
language_episode_retrieval,heldout_object,cloth_slide_over_edge,source_matched,0.544218,0.056405,0.427013,0.001267,0.342711,0.000941,0.115631,0.000920,0.393796,0.001374,0.169800,0.000661,0.132725,0.002647,7,84
language_episode_retrieval,heldout_object,cloth_slide_over_edge,support_topology_shift,0.494898,0.022111,0.417828,0.001370,0.366159,0.001018,0.124704,0.001100,0.380702,0.001486,0.175897,0.000905,0.135528,0.000678,7,84
language_episode_retrieval,heldout_object,drawer_pull_with_stiction,actuator_lag_shift,0.513605,0.033555,0.404967,0.001370,0.384583,0.003906,0.128623,0.001627,0.369562,0.005335,0.177173,0.002168,0.142217,0.001926,7,84
language_episode_retrieval,heldout_object,drawer_pull_with_stiction,compliance_shift,0.539116,0.028219,0.409656,0.004795,0.374090,0.000999,0.123014,0.002262,0.379103,0.004307,0.173809,0.000797,0.137690,0.002615,7,84
language_episode_retrieval,heldout_object,drawer_pull_with_stiction,compound_mechanism_shift,0.435374,0.060858,0.396783,0.003774,0.398980,0.001075,0.140141,0.002513,0.368587,0.001570,0.181679,0.001243,0.141531,0.000717,7,84
language_episode_retrieval,heldout_object,drawer_pull_with_stiction,friction_mismatch,0.566327,0.031329,0.413172,0.003806,0.361666,0.001008,0.119253,0.002545,0.382201,0.004302,0.173709,0.002599,0.138704,0.000671,7,84
language_episode_retrieval,heldout_object,drawer_pull_with_stiction,occluded_contact_shift,0.539116,0.036616,0.412009,0.001421,0.376717,0.003564,0.130759,0.001016,0.370481,0.004196,0.177635,0.001029,0.138227,0.000644,7,84
language_episode_retrieval,heldout_object,drawer_pull_with_stiction,source_matched,0.653061,0.057927,0.418522,0.001319,0.341652,0.003616,0.111155,0.001515,0.382528,0.005857,0.172037,0.001326,0.133031,0.000592,7,84
language_episode_retrieval,heldout_object,drawer_pull_with_stiction,support_topology_shift,0.542517,0.032546,0.409001,0.001421,0.368279,0.001056,0.121523,0.001117,0.379220,0.001542,0.176537,0.002353,0.139155,0.000704,7,84
language_episode_retrieval,heldout_object,peg_insert_contact_search,actuator_lag_shift,0.491497,0.024795,0.410044,0.001370,0.381630,0.001018,0.130880,0.000999,0.345735,0.001486,0.178566,0.000825,0.138669,0.000678,7,84
language_episode_retrieval,heldout_object,peg_insert_contact_search,compliance_shift,0.559524,0.033389,0.411056,0.001344,0.368379,0.002861,0.124662,0.000956,0.346103,0.001544,0.177340,0.000836,0.137970,0.000629,7,84
language_episode_retrieval,heldout_object,peg_insert_contact_search,compound_mechanism_shift,0.431973,0.040643,0.396886,0.001447,0.400872,0.001075,0.137613,0.001529,0.346687,0.001570,0.183752,0.001069,0.143587,0.000717,7,84
language_episode_retrieval,heldout_object,peg_insert_contact_search,friction_mismatch,0.542517,0.030912,0.416411,0.001357,0.355618,0.002858,0.119249,0.000938,0.348710,0.001558,0.174206,0.000807,0.134180,0.000636,7,84
language_episode_retrieval,heldout_object,peg_insert_contact_search,occluded_contact_shift,0.488095,0.027889,0.410720,0.004744,0.375850,0.001056,0.128282,0.002577,0.347127,0.001542,0.178536,0.002648,0.140680,0.000704,7,84
language_episode_retrieval,heldout_object,peg_insert_contact_search,source_matched,0.581633,0.030307,0.425392,0.001319,0.338328,0.000979,0.111836,0.002470,0.358159,0.001430,0.169299,0.000739,0.132659,0.002626,7,84
language_episode_retrieval,heldout_object,peg_insert_contact_search,support_topology_shift,0.500000,0.028350,0.412286,0.001421,0.370842,0.001056,0.124849,0.000761,0.355729,0.004276,0.173888,0.000646,0.137097,0.002584,7,84
language_episode_retrieval,heldout_object,twist_lid_with_force_limit,actuator_lag_shift,0.500000,0.033775,0.410294,0.001383,0.381137,0.001027,0.129161,0.001159,0.339804,0.001500,0.176404,0.000933,0.140050,0.002599,7,84
language_episode_retrieval,heldout_object,twist_lid_with_force_limit,compliance_shift,0.530612,0.052880,0.409097,0.001357,0.371375,0.003914,0.122849,0.001291,0.342694,0.005344,0.174599,0.001128,0.137167,0.002435,7,84
language_episode_retrieval,heldout_object,twist_lid_with_force_limit,compound_mechanism_shift,0.431973,0.051854,0.403760,0.001460,0.401916,0.003545,0.138348,0.001095,0.337856,0.005736,0.181592,0.003081,0.144878,0.000664,7,84
language_episode_retrieval,heldout_object,twist_lid_with_force_limit,friction_mismatch,0.534014,0.031972,0.415556,0.001370,0.359443,0.003906,0.117642,0.000541,0.346510,0.005335,0.171730,0.000470,0.137374,0.002449,7,84
language_episode_retrieval,heldout_object,twist_lid_with_force_limit,occluded_contact_shift,0.556122,0.052845,0.403952,0.001434,0.378669,0.001066,0.125542,0.000877,0.346031,0.001556,0.177749,0.002646,0.140899,0.000711,7,84
language_episode_retrieval,heldout_object,twist_lid_with_force_limit,source_matched,0.579932,0.062923,0.421225,0.001331,0.337954,0.003609,0.112696,0.001405,0.347255,0.001585,0.173076,0.001144,0.132978,0.000598,7,84
language_episode_retrieval,heldout_object,twist_lid_with_force_limit,support_topology_shift,0.540816,0.053610,0.416952,0.001434,0.366801,0.003868,0.124426,0.001286,0.344617,0.005246,0.173482,0.001046,0.137192,0.002663,7,84
language_episode_retrieval,seen_corpus,cable_route_around_hook,actuator_lag_shift,0.515306,0.039347,0.412533,0.001306,0.363250,0.000970,0.125324,0.002556,0.387201,0.001416,0.173119,0.001062,0.135133,0.002416,7,84
language_episode_retrieval,seen_corpus,cable_route_around_hook,compliance_shift,0.520408,0.040961,0.422176,0.001280,0.354758,0.000951,0.121607,0.001288,0.397090,0.001388,0.172517,0.002454,0.136550,0.000632,7,84
language_episode_retrieval,seen_corpus,cable_route_around_hook,compound_mechanism_shift,0.454082,0.043333,0.405830,0.001383,0.382188,0.003898,0.133009,0.003223,0.382565,0.005326,0.176984,0.003188,0.140987,0.000612,7,84
language_episode_retrieval,seen_corpus,cable_route_around_hook,friction_mismatch,0.528912,0.030490,0.422891,0.001293,0.338517,0.000960,0.113103,0.000830,0.394616,0.001402,0.171278,0.000679,0.130377,0.000638,7,84
language_episode_retrieval,seen_corpus,cable_route_around_hook,occluded_contact_shift,0.500000,0.036004,0.417246,0.001357,0.357068,0.001008,0.124952,0.001166,0.388006,0.001472,0.175274,0.000931,0.134583,0.000671,7,84
language_episode_retrieval,seen_corpus,cable_route_around_hook,source_matched,0.602041,0.045216,0.428920,0.001255,0.320728,0.000931,0.108070,0.001097,0.400764,0.001360,0.165563,0.002172,0.130802,0.001925,7,84
language_episode_retrieval,seen_corpus,cable_route_around_hook,support_topology_shift,0.513605,0.032375,0.418531,0.005208,0.350134,0.001008,0.122344,0.000905,0.396369,0.001472,0.175036,0.000738,0.134254,0.000671,7,84
language_episode_retrieval,seen_corpus,cloth_slide_over_edge,actuator_lag_shift,0.482993,0.037712,0.413176,0.005269,0.366816,0.003635,0.128152,0.002397,0.382262,0.005890,0.172967,0.000986,0.135737,0.002679,7,84
language_episode_retrieval,seen_corpus,cloth_slide_over_edge,compliance_shift,0.551020,0.032886,0.417320,0.001255,0.352484,0.000931,0.121132,0.000841,0.388770,0.001360,0.169878,0.000678,0.134298,0.002652,7,84
language_episode_retrieval,seen_corpus,cloth_slide_over_edge,compound_mechanism_shift,0.489796,0.032375,0.402390,0.001357,0.384406,0.002858,0.131191,0.001054,0.380804,0.005848,0.174981,0.000925,0.138382,0.002627,7,84
language_episode_retrieval,seen_corpus,cloth_slide_over_edge,friction_mismatch,0.554422,0.025892,0.420785,0.004847,0.338305,0.003642,0.113116,0.002213,0.384162,0.001515,0.171229,0.000460,0.130681,0.000565,7,84
language_episode_retrieval,seen_corpus,cloth_slide_over_edge,occluded_contact_shift,0.535714,0.042601,0.417454,0.001331,0.358592,0.000989,0.123762,0.002330,0.385231,0.001444,0.171666,0.002023,0.136076,0.002407,7,84
language_episode_retrieval,seen_corpus,cloth_slide_over_edge,source_matched,0.590136,0.021517,0.427712,0.001229,0.321190,0.000912,0.109331,0.001967,0.396438,0.001332,0.167630,0.000608,0.126993,0.000605,7,84
language_episode_retrieval,seen_corpus,cloth_slide_over_edge,support_topology_shift,0.510204,0.035798,0.418739,0.005228,0.351658,0.000989,0.117362,0.001035,0.391021,0.004312,0.170832,0.000828,0.132317,0.002407,7,84
language_episode_retrieval,seen_corpus,drawer_pull_with_stiction,actuator_lag_shift,0.528912,0.046627,0.415429,0.001331,0.363820,0.000989,0.127912,0.001327,0.378033,0.001444,0.174678,0.002413,0.138037,0.000658,7,84
language_episode_retrieval,seen_corpus,drawer_pull_with_stiction,compliance_shift,0.559524,0.030972,0.420800,0.001306,0.352124,0.000970,0.116735,0.000706,0.383244,0.001416,0.171583,0.000585,0.131542,0.000645,7,84
language_episode_retrieval,seen_corpus,drawer_pull_with_stiction,compound_mechanism_shift,0.510204,0.053020,0.405534,0.001408,0.383794,0.002844,0.134372,0.001305,0.377483,0.005303,0.176352,0.001133,0.136596,0.000662,7,84
language_episode_retrieval,seen_corpus,drawer_pull_with_stiction,friction_mismatch,0.586735,0.044597,0.423651,0.001319,0.337485,0.000979,0.115905,0.002241,0.383110,0.001430,0.170007,0.003060,0.134471,0.000651,7,84
language_episode_retrieval,seen_corpus,drawer_pull_with_stiction,occluded_contact_shift,0.579932,0.035538,0.412678,0.001383,0.362331,0.002851,0.123977,0.002523,0.380545,0.005826,0.175603,0.000768,0.136126,0.000649,7,84
language_episode_retrieval,seen_corpus,drawer_pull_with_stiction,source_matched,0.663265,0.034048,0.427846,0.004838,0.321751,0.003960,0.107755,0.001967,0.384539,0.004312,0.164470,0.000637,0.128298,0.002701,7,84
language_episode_retrieval,seen_corpus,drawer_pull_with_stiction,support_topology_shift,0.596939,0.038921,0.423110,0.001383,0.345106,0.001027,0.115956,0.002094,0.379028,0.001500,0.170744,0.002473,0.135612,0.000684,7,84
language_episode_retrieval,seen_corpus,peg_insert_contact_search,actuator_lag_shift,0.530612,0.033333,0.410355,0.004804,0.368926,0.000989,0.124109,0.001165,0.355343,0.005441,0.174156,0.000934,0.134201,0.000658,7,84
language_episode_retrieval,seen_corpus,peg_insert_contact_search,compliance_shift,0.561224,0.033555,0.414335,0.003825,0.352756,0.003944,0.121048,0.000890,0.354022,0.005381,0.172653,0.002429,0.136078,0.000572,7,84
language_episode_retrieval,seen_corpus,peg_insert_contact_search,compound_mechanism_shift,0.489796,0.020000,0.409206,0.001408,0.380024,0.003570,0.133576,0.002888,0.344405,0.001669,0.179369,0.000660,0.139260,0.000637,7,84
language_episode_retrieval,seen_corpus,peg_insert_contact_search,friction_mismatch,0.564626,0.036311,0.423599,0.005238,0.342927,0.000979,0.113971,0.001242,0.363482,0.004317,0.171186,0.000987,0.130865,0.000651,7,84
language_episode_retrieval,seen_corpus,peg_insert_contact_search,occluded_contact_shift,0.544218,0.024795,0.417246,0.001383,0.355802,0.001027,0.121441,0.000964,0.351158,0.001500,0.171279,0.000800,0.134615,0.002599,7,84
language_episode_retrieval,seen_corpus,peg_insert_contact_search,source_matched,0.622449,0.030000,0.431424,0.001280,0.321340,0.000951,0.106428,0.000652,0.366657,0.001388,0.170014,0.000544,0.129832,0.000632,7,84
language_episode_retrieval,seen_corpus,peg_insert_contact_search,support_topology_shift,0.605442,0.040231,0.418531,0.005188,0.348868,0.001027,0.117880,0.001458,0.359520,0.001500,0.170374,0.001154,0.130856,0.000684,7,84
language_episode_retrieval,seen_corpus,twist_lid_with_force_limit,actuator_lag_shift,0.539116,0.041589,0.416478,0.003810,0.365830,0.000999,0.126256,0.002728,0.350968,0.001458,0.174891,0.002840,0.138429,0.000665,7,84
language_episode_retrieval,seen_corpus,twist_lid_with_force_limit,compliance_shift,0.573129,0.045379,0.422824,0.001319,0.353150,0.000979,0.116568,0.000952,0.354742,0.001430,0.171092,0.000735,0.131261,0.000651,7,84
language_episode_retrieval,seen_corpus,twist_lid_with_force_limit,compound_mechanism_shift,0.510204,0.027148,0.408233,0.004744,0.378466,0.001056,0.133195,0.002519,0.342275,0.001542,0.178676,0.000855,0.138824,0.000704,7,84
language_episode_retrieval,seen_corpus,twist_lid_with_force_limit,friction_mismatch,0.617347,0.028996,0.426331,0.001331,0.339003,0.000989,0.114619,0.002525,0.355326,0.001444,0.169607,0.002646,0.134526,0.000658,7,84
language_episode_retrieval,seen_corpus,twist_lid_with_force_limit,occluded_contact_shift,0.532313,0.057767,0.418638,0.001395,0.356018,0.001037,0.120735,0.001432,0.346473,0.001514,0.173364,0.002214,0.137680,0.000691,7,84
language_episode_retrieval,seen_corpus,twist_lid_with_force_limit,source_matched,0.613946,0.026874,0.426271,0.003829,0.320077,0.003952,0.109131,0.000895,0.354669,0.004281,0.165348,0.001881,0.130742,0.001930,7,84
language_episode_retrieval,seen_corpus,twist_lid_with_force_limit,support_topology_shift,0.573129,0.052529,0.415349,0.003792,0.349084,0.001037,0.117583,0.000923,0.354836,0.001514,0.169315,0.000693,0.132778,0.002594,7,84
no_retrieval_controller,combined_stress,cable_route_around_hook,actuator_lag_shift,0.304422,0.028739,0.272210,0.001319,0.253932,0.003616,0.130260,0.000669,0.300805,0.001571,0.093212,0.000709,0.132440,0.000592,7,84
no_retrieval_controller,combined_stress,cable_route_around_hook,compliance_shift,0.289116,0.041589,0.280101,0.001293,0.246169,0.000960,0.121556,0.001078,0.308694,0.001402,0.088590,0.000844,0.127276,0.000638,7,84
no_retrieval_controller,combined_stress,cable_route_around_hook,compound_mechanism_shift,0.275510,0.022443,0.270652,0.001395,0.263481,0.003577,0.135737,0.002660,0.297186,0.001655,0.094623,0.001902,0.134979,0.000631,7,84
no_retrieval_controller,combined_stress,cable_route_around_hook,friction_mismatch,0.343537,0.049740,0.281800,0.001306,0.237855,0.002872,0.121224,0.001059,0.307010,0.001502,0.086057,0.002885,0.129742,0.000610,7,84
no_retrieval_controller,combined_stress,cable_route_around_hook,occluded_contact_shift,0.297619,0.024419,0.280188,0.001370,0.249504,0.001018,0.126908,0.000985,0.305212,0.001486,0.088877,0.000815,0.127836,0.000678,7,84
no_retrieval_controller,combined_stress,cable_route_around_hook,source_matched,0.357143,0.043504,0.289739,0.004847,0.229709,0.003967,0.112200,0.003011,0.312348,0.004291,0.083273,0.000697,0.122148,0.000553,7,84
no_retrieval_controller,combined_stress,cable_route_around_hook,support_topology_shift,0.318027,0.032088,0.277754,0.003801,0.247774,0.001018,0.124982,0.001011,0.314329,0.001486,0.088971,0.000821,0.128029,0.000678,7,84
no_retrieval_controller,combined_stress,cloth_slide_over_edge,actuator_lag_shift,0.297619,0.046667,0.278059,0.001293,0.255914,0.000960,0.128117,0.001064,0.304313,0.001402,0.091696,0.000819,0.130854,0.000638,7,84
no_retrieval_controller,combined_stress,cloth_slide_over_edge,compliance_shift,0.331633,0.027622,0.278164,0.004847,0.245742,0.003642,0.122357,0.002547,0.298393,0.001515,0.088207,0.000912,0.127471,0.000565,7,84
no_retrieval_controller,combined_stress,cloth_slide_over_edge,compound_mechanism_shift,0.304422,0.020905,0.265556,0.001370,0.267546,0.002854,0.135568,0.002726,0.298590,0.005837,0.092852,0.002676,0.135963,0.000642,7,84
no_retrieval_controller,combined_stress,cloth_slide_over_edge,friction_mismatch,0.331633,0.020000,0.289473,0.001280,0.242920,0.000951,0.120326,0.000799,0.312447,0.001388,0.087812,0.002417,0.129124,0.000632,7,84
no_retrieval_controller,combined_stress,cloth_slide_over_edge,occluded_contact_shift,0.307823,0.039252,0.278740,0.001344,0.249445,0.000999,0.128628,0.001210,0.300594,0.001458,0.091479,0.000958,0.130569,0.000665,7,84
no_retrieval_controller,combined_stress,cloth_slide_over_edge,source_matched,0.367347,0.057252,0.296023,0.003849,0.230303,0.003983,0.109830,0.001219,0.308683,0.005428,0.085167,0.001166,0.124185,0.000540,7,84
no_retrieval_controller,combined_stress,cloth_slide_over_edge,support_topology_shift,0.318027,0.048762,0.280881,0.005218,0.247714,0.000999,0.124619,0.002494,0.309711,0.001458,0.088286,0.002906,0.130762,0.000665,7,84
no_retrieval_controller,combined_stress,drawer_pull_with_stiction,actuator_lag_shift,0.338435,0.064779,0.277692,0.001344,0.252099,0.000999,0.128755,0.001223,0.294524,0.001458,0.090726,0.000893,0.130369,0.000665,7,84
no_retrieval_controller,combined_stress,drawer_pull_with_stiction,compliance_shift,0.353741,0.041589,0.281312,0.001319,0.244562,0.000979,0.125323,0.001198,0.297597,0.001430,0.088113,0.002768,0.131077,0.000651,7,84
no_retrieval_controller,combined_stress,drawer_pull_with_stiction,compound_mechanism_shift,0.323129,0.033555,0.272942,0.001421,0.262685,0.003564,0.137015,0.000938,0.289845,0.004196,0.091494,0.000927,0.131332,0.000644,7,84
no_retrieval_controller,combined_stress,drawer_pull_with_stiction,friction_mismatch,0.360544,0.035901,0.285147,0.001331,0.236135,0.000989,0.118999,0.000998,0.298321,0.001444,0.087315,0.000799,0.126606,0.000658,7,84
no_retrieval_controller,combined_stress,drawer_pull_with_stiction,occluded_contact_shift,0.360544,0.028219,0.278206,0.001395,0.252364,0.003891,0.128305,0.002087,0.295491,0.005317,0.090258,0.000950,0.130122,0.000618,7,84
no_retrieval_controller,combined_stress,drawer_pull_with_stiction,source_matched,0.369048,0.046944,0.298112,0.001293,0.231759,0.000960,0.111729,0.000926,0.311735,0.001402,0.084829,0.000706,0.123879,0.000638,7,84
no_retrieval_controller,combined_stress,drawer_pull_with_stiction,support_topology_shift,0.408163,0.033665,0.282634,0.005178,0.243773,0.001037,0.119603,0.001727,0.299738,0.001514,0.087685,0.002701,0.130191,0.000691,7,84
no_retrieval_controller,combined_stress,peg_insert_contact_search,actuator_lag_shift,0.352041,0.042861,0.274682,0.005218,0.256582,0.000999,0.127873,0.002421,0.276693,0.001458,0.087401,0.002047,0.131874,0.002403,7,84
no_retrieval_controller,combined_stress,peg_insert_contact_search,compliance_shift,0.304422,0.011222,0.281484,0.005238,0.249717,0.000979,0.122768,0.000810,0.280748,0.001430,0.088403,0.000698,0.127325,0.000651,7,84
no_retrieval_controller,combined_stress,peg_insert_contact_search,compound_mechanism_shift,0.280612,0.033333,0.269531,0.005157,0.261721,0.001056,0.135503,0.002363,0.266635,0.001542,0.094471,0.000780,0.133681,0.000704,7,84
no_retrieval_controller,combined_stress,peg_insert_contact_search,friction_mismatch,0.362245,0.038394,0.289445,0.003815,0.240954,0.000989,0.118605,0.002651,0.280981,0.001444,0.083237,0.000865,0.127197,0.002620,7,84
no_retrieval_controller,combined_stress,peg_insert_contact_search,occluded_contact_shift,0.319728,0.057927,0.282551,0.001395,0.248642,0.001037,0.124714,0.001299,0.270828,0.001514,0.087942,0.002538,0.131727,0.001898,7,84
no_retrieval_controller,combined_stress,peg_insert_contact_search,source_matched,0.380952,0.016887,0.290033,0.001293,0.225580,0.000960,0.112121,0.002428,0.278338,0.001402,0.081280,0.000724,0.122658,0.002420,7,84
no_retrieval_controller,combined_stress,peg_insert_contact_search,support_topology_shift,0.380952,0.022771,0.277831,0.001395,0.246912,0.001037,0.121971,0.001164,0.279945,0.001514,0.085178,0.000955,0.127346,0.002385,7,84
no_retrieval_controller,combined_stress,twist_lid_with_force_limit,actuator_lag_shift,0.343537,0.042426,0.279482,0.003806,0.254493,0.001008,0.129844,0.001140,0.268253,0.001472,0.091291,0.000897,0.131043,0.000671,7,84
no_retrieval_controller,combined_stress,twist_lid_with_force_limit,compliance_shift,0.391156,0.059473,0.284076,0.001331,0.245972,0.000989,0.123893,0.002470,0.269890,0.001444,0.087570,0.003167,0.131078,0.000658,7,84
no_retrieval_controller,combined_stress,twist_lid_with_force_limit,compound_mechanism_shift,0.324830,0.037317,0.264947,0.001434,0.264601,0.001066,0.134387,0.002283,0.265449,0.001556,0.094075,0.000896,0.133965,0.000711,7,84
no_retrieval_controller,combined_stress,twist_lid_with_force_limit,friction_mismatch,0.389456,0.030852,0.288567,0.001344,0.238038,0.000999,0.119248,0.000856,0.271333,0.001458,0.087219,0.000703,0.126943,0.000665,7,84
no_retrieval_controller,combined_stress,twist_lid_with_force_limit,occluded_contact_shift,0.365646,0.034048,0.278046,0.005167,0.249866,0.001047,0.124622,0.002313,0.267224,0.001528,0.088705,0.002459,0.132020,0.000697,7,84
no_retrieval_controller,combined_stress,twist_lid_with_force_limit,source_matched,0.414966,0.047062,0.294990,0.004821,0.232185,0.000970,0.110543,0.001201,0.282592,0.001416,0.083511,0.000929,0.123206,0.000645,7,84
no_retrieval_controller,combined_stress,twist_lid_with_force_limit,support_topology_shift,0.326531,0.057349,0.280187,0.001408,0.248136,0.001047,0.122744,0.001451,0.276341,0.001528,0.085059,0.001111,0.128783,0.002589,7,84
no_retrieval_controller,cross_embodiment,cable_route_around_hook,actuator_lag_shift,0.287415,0.027622,0.283651,0.001331,0.242315,0.000989,0.125805,0.000715,0.311079,0.001444,0.087880,0.002021,0.127306,0.000658,7,84
no_retrieval_controller,cross_embodiment,cable_route_around_hook,compliance_shift,0.329932,0.053817,0.289790,0.001306,0.236668,0.000970,0.116371,0.001417,0.316912,0.001416,0.082715,0.000917,0.122447,0.001915,7,84
no_retrieval_controller,cross_embodiment,cable_route_around_hook,compound_mechanism_shift,0.329932,0.048228,0.271229,0.001408,0.255722,0.001047,0.129285,0.001649,0.313093,0.001528,0.085146,0.001291,0.129057,0.002589,7,84
no_retrieval_controller,cross_embodiment,cable_route_around_hook,friction_mismatch,0.357143,0.044096,0.292474,0.001319,0.227377,0.000979,0.115858,0.001073,0.316375,0.001430,0.082199,0.002871,0.124245,0.000651,7,84
no_retrieval_controller,cross_embodiment,cable_route_around_hook,occluded_contact_shift,0.357143,0.042601,0.281172,0.003796,0.243765,0.001027,0.122996,0.001393,0.318923,0.001500,0.085249,0.001098,0.124440,0.000684,7,84
no_retrieval_controller,cross_embodiment,cable_route_around_hook,source_matched,0.363946,0.036311,0.297748,0.004838,0.220663,0.003960,0.109175,0.001843,0.321231,0.005400,0.077035,0.000888,0.118774,0.002701,7,84
no_retrieval_controller,cross_embodiment,cable_route_around_hook,support_topology_shift,0.363946,0.042251,0.291029,0.001383,0.234101,0.003583,0.116601,0.002792,0.311312,0.001641,0.084818,0.001535,0.124918,0.000624,7,84
no_retrieval_controller,cross_embodiment,cloth_slide_over_edge,actuator_lag_shift,0.304422,0.066750,0.287622,0.001306,0.246428,0.000970,0.122434,0.001548,0.312404,0.001416,0.086292,0.001157,0.124880,0.000645,7,84
no_retrieval_controller,cross_embodiment,cloth_slide_over_edge,compliance_shift,0.382653,0.039907,0.285975,0.004838,0.236656,0.003960,0.118373,0.002314,0.307069,0.004286,0.081308,0.000911,0.122915,0.002481,7,84
no_retrieval_controller,cross_embodiment,cloth_slide_over_edge,compound_mechanism_shift,0.365646,0.050589,0.280264,0.001383,0.251627,0.001027,0.127455,0.001085,0.302434,0.001500,0.084685,0.000831,0.127872,0.002599,7,84
no_retrieval_controller,cross_embodiment,cloth_slide_over_edge,friction_mismatch,0.369048,0.045826,0.298269,0.001293,0.232858,0.000960,0.113603,0.000826,0.319697,0.001402,0.083882,0.000628,0.122755,0.000638,7,84
no_retrieval_controller,cross_embodiment,cloth_slide_over_edge,occluded_contact_shift,0.326531,0.040046,0.286994,0.004786,0.242406,0.001008,0.124522,0.001158,0.312259,0.001472,0.086397,0.001865,0.126271,0.000671,7,84
no_retrieval_controller,cross_embodiment,cloth_slide_over_edge,source_matched,0.380952,0.038103,0.304442,0.001255,0.223388,0.000931,0.108204,0.002010,0.323101,0.004345,0.077952,0.001089,0.116541,0.000618,7,84
no_retrieval_controller,cross_embodiment,cloth_slide_over_edge,support_topology_shift,0.333333,0.041051,0.287704,0.001357,0.236173,0.003914,0.116098,0.002236,0.309656,0.005344,0.081393,0.002139,0.124524,0.002454,7,84
no_retrieval_controller,cross_embodiment,drawer_pull_with_stiction,actuator_lag_shift,0.375850,0.063363,0.284266,0.005208,0.245697,0.001008,0.124670,0.001089,0.306869,0.001472,0.086924,0.000785,0.126487,0.000671,7,84
no_retrieval_controller,cross_embodiment,drawer_pull_with_stiction,compliance_shift,0.362245,0.035953,0.292994,0.001331,0.236846,0.000989,0.119699,0.001875,0.308024,0.001444,0.082696,0.002997,0.126295,0.000658,7,84
no_retrieval_controller,cross_embodiment,drawer_pull_with_stiction,compound_mechanism_shift,0.333333,0.047765,0.275512,0.001434,0.256710,0.001066,0.128075,0.000819,0.305388,0.001556,0.088358,0.002659,0.130029,0.000711,7,84
no_retrieval_controller,cross_embodiment,drawer_pull_with_stiction,friction_mismatch,0.442177,0.041500,0.297813,0.001344,0.229157,0.000999,0.113603,0.001000,0.309826,0.001458,0.082510,0.000787,0.122329,0.000665,7,84
no_retrieval_controller,cross_embodiment,drawer_pull_with_stiction,occluded_contact_shift,0.391156,0.061824,0.283470,0.004752,0.241550,0.001047,0.118797,0.001467,0.306540,0.001528,0.082467,0.002853,0.126648,0.001896,7,84
no_retrieval_controller,cross_embodiment,drawer_pull_with_stiction,source_matched,0.443878,0.034427,0.301253,0.005249,0.222783,0.000970,0.104987,0.001115,0.317750,0.004323,0.078787,0.000891,0.118234,0.000645,7,84
no_retrieval_controller,cross_embodiment,drawer_pull_with_stiction,support_topology_shift,0.387755,0.041321,0.291040,0.001408,0.237031,0.003570,0.117566,0.000726,0.306441,0.005780,0.081035,0.000648,0.121502,0.001899,7,84
no_retrieval_controller,cross_embodiment,peg_insert_contact_search,actuator_lag_shift,0.340136,0.033720,0.280736,0.001357,0.246505,0.003596,0.120845,0.000543,0.278329,0.005824,0.082962,0.000560,0.125459,0.002647,7,84
no_retrieval_controller,cross_embodiment,peg_insert_contact_search,compliance_shift,0.362245,0.052880,0.283499,0.001331,0.240041,0.002865,0.116930,0.001044,0.282969,0.005870,0.083256,0.000808,0.122329,0.000623,7,84
no_retrieval_controller,cross_embodiment,peg_insert_contact_search,compound_mechanism_shift,0.292517,0.027822,0.278442,0.001434,0.257217,0.002837,0.130989,0.000782,0.276408,0.005781,0.085410,0.000647,0.128796,0.002604,7,84
no_retrieval_controller,cross_embodiment,peg_insert_contact_search,friction_mismatch,0.387755,0.031740,0.290157,0.003810,0.233731,0.000999,0.110659,0.000676,0.286784,0.005431,0.079034,0.000566,0.121593,0.002615,7,84
no_retrieval_controller,cross_embodiment,peg_insert_contact_search,occluded_contact_shift,0.345238,0.043801,0.282722,0.001408,0.244444,0.001047,0.122441,0.000977,0.286191,0.001528,0.083468,0.000769,0.122476,0.000697,7,84
no_retrieval_controller,cross_embodiment,peg_insert_contact_search,source_matched,0.430272,0.054467,0.299515,0.001306,0.216359,0.000970,0.106791,0.003107,0.286370,0.001416,0.075411,0.000643,0.119116,0.002631,7,84
no_retrieval_controller,cross_embodiment,peg_insert_contact_search,support_topology_shift,0.397959,0.038394,0.294866,0.001408,0.231349,0.001047,0.117157,0.002408,0.278717,0.001528,0.083538,0.000997,0.122892,0.000697,7,84
no_retrieval_controller,cross_embodiment,twist_lid_with_force_limit,actuator_lag_shift,0.370748,0.035798,0.279824,0.001370,0.248618,0.001018,0.124044,0.001950,0.276147,0.005412,0.085689,0.002110,0.127515,0.000678,7,84
no_retrieval_controller,cross_embodiment,twist_lid_with_force_limit,compliance_shift,0.372449,0.060400,0.289527,0.005218,0.238783,0.000999,0.118037,0.002810,0.281011,0.001458,0.082877,0.002435,0.126650,0.000665,7,84
no_retrieval_controller,cross_embodiment,twist_lid_with_force_limit,compound_mechanism_shift,0.318027,0.025820,0.277293,0.005137,0.250577,0.001075,0.131229,0.000881,0.266592,0.001570,0.085803,0.000742,0.127145,0.002367,7,84
no_retrieval_controller,cross_embodiment,twist_lid_with_force_limit,friction_mismatch,0.384354,0.050332,0.292715,0.005208,0.231586,0.001008,0.115954,0.001419,0.283531,0.001472,0.083971,0.001100,0.123021,0.000671,7,84
no_retrieval_controller,cross_embodiment,twist_lid_with_force_limit,occluded_contact_shift,0.326531,0.025892,0.286226,0.001421,0.244723,0.002840,0.122980,0.001041,0.276187,0.005792,0.083376,0.000900,0.123276,0.001893,7,84
no_retrieval_controller,cross_embodiment,twist_lid_with_force_limit,source_matched,0.389456,0.041276,0.298761,0.004812,0.222020,0.002868,0.106046,0.000902,0.284224,0.005881,0.079217,0.000703,0.117884,0.000616,7,84
no_retrieval_controller,cross_embodiment,twist_lid_with_force_limit,support_topology_shift,0.399660,0.030912,0.289222,0.005157,0.233344,0.001056,0.117417,0.002807,0.276363,0.001542,0.083160,0.000669,0.122580,0.000704,7,84
no_retrieval_controller,heldout_mechanism,cable_route_around_hook,actuator_lag_shift,0.341837,0.035538,0.288756,0.001344,0.237408,0.000999,0.121577,0.000787,0.315117,0.001458,0.085048,0.000638,0.123752,0.000665,7,84
no_retrieval_controller,heldout_mechanism,cable_route_around_hook,compliance_shift,0.350340,0.044054,0.293143,0.001319,0.230448,0.000979,0.116422,0.002437,0.319032,0.001430,0.079484,0.002071,0.122568,0.002412,7,84
no_retrieval_controller,heldout_mechanism,cable_route_around_hook,compound_mechanism_shift,0.321429,0.040092,0.281478,0.001421,0.251244,0.003564,0.128919,0.001048,0.312610,0.005769,0.084624,0.000856,0.123509,0.000644,7,84
no_retrieval_controller,heldout_mechanism,cable_route_around_hook,friction_mismatch,0.379252,0.020638,0.296811,0.001331,0.221895,0.000989,0.111849,0.000756,0.319572,0.001444,0.081723,0.000648,0.120297,0.000658,7,84
no_retrieval_controller,heldout_mechanism,cable_route_around_hook,occluded_contact_shift,0.350340,0.036311,0.287254,0.001395,0.239592,0.002847,0.121679,0.000964,0.318886,0.005815,0.083763,0.000820,0.122531,0.000655,7,84
no_retrieval_controller,heldout_mechanism,cable_route_around_hook,source_matched,0.406463,0.038921,0.306282,0.004830,0.218328,0.000960,0.104805,0.001238,0.331596,0.004328,0.078371,0.001737,0.118124,0.000638,7,84
no_retrieval_controller,heldout_mechanism,cable_route_around_hook,support_topology_shift,0.375850,0.033720,0.295680,0.004761,0.228855,0.001037,0.111827,0.001199,0.319999,0.001514,0.080068,0.002546,0.123418,0.000691,7,84
no_retrieval_controller,heldout_mechanism,cloth_slide_over_edge,actuator_lag_shift,0.352041,0.026387,0.290873,0.001319,0.240193,0.000979,0.118473,0.001964,0.314417,0.001430,0.081518,0.000646,0.121552,0.001913,7,84
no_retrieval_controller,heldout_mechanism,cloth_slide_over_edge,compliance_shift,0.386054,0.015154,0.294334,0.004830,0.235968,0.000960,0.115981,0.000762,0.317180,0.005469,0.081994,0.002449,0.123385,0.000638,7,84
no_retrieval_controller,heldout_mechanism,cloth_slide_over_edge,compound_mechanism_shift,0.360544,0.013194,0.279511,0.005178,0.249250,0.001037,0.126267,0.000734,0.310079,0.001514,0.083221,0.000650,0.124899,0.002385,7,84
no_retrieval_controller,heldout_mechanism,cloth_slide_over_edge,friction_mismatch,0.343537,0.025166,0.300751,0.001306,0.226047,0.000970,0.109535,0.000786,0.320868,0.001416,0.079748,0.000659,0.117890,0.000645,7,84
no_retrieval_controller,heldout_mechanism,cloth_slide_over_edge,occluded_contact_shift,0.343537,0.037565,0.286648,0.004778,0.238619,0.001018,0.121846,0.000685,0.317846,0.001486,0.084827,0.000556,0.123477,0.000678,7,84
no_retrieval_controller,heldout_mechanism,cloth_slide_over_edge,source_matched,0.387755,0.028739,0.304260,0.001267,0.214579,0.000941,0.104294,0.000807,0.323928,0.001374,0.077750,0.002731,0.118312,0.000625,7,84
no_retrieval_controller,heldout_mechanism,cloth_slide_over_edge,support_topology_shift,0.377551,0.047687,0.295074,0.001370,0.227882,0.002854,0.111824,0.001218,0.311240,0.001572,0.077583,0.000990,0.122077,0.002403,7,84
no_retrieval_controller,heldout_mechanism,drawer_pull_with_stiction,actuator_lag_shift,0.365646,0.050332,0.282277,0.001370,0.242497,0.001018,0.122930,0.001527,0.313171,0.001486,0.084968,0.001187,0.124083,0.000678,7,84
no_retrieval_controller,heldout_mechanism,drawer_pull_with_stiction,compliance_shift,0.369048,0.047493,0.296114,0.003810,0.232332,0.000999,0.117788,0.001027,0.312408,0.001458,0.081913,0.002304,0.122992,0.000665,7,84
no_retrieval_controller,heldout_mechanism,drawer_pull_with_stiction,compound_mechanism_shift,0.392857,0.027889,0.283241,0.004727,0.247078,0.002834,0.127030,0.000963,0.299725,0.001656,0.082281,0.000808,0.125507,0.002599,7,84
no_retrieval_controller,heldout_mechanism,drawer_pull_with_stiction,friction_mismatch,0.418367,0.035066,0.299630,0.004786,0.225382,0.001008,0.111708,0.000901,0.315287,0.001472,0.080361,0.000728,0.119530,0.000671,7,84
no_retrieval_controller,heldout_mechanism,drawer_pull_with_stiction,occluded_contact_shift,0.416667,0.028803,0.289319,0.001421,0.240798,0.001056,0.118159,0.001085,0.311271,0.005374,0.079356,0.000888,0.121347,0.002376,7,84
no_retrieval_controller,heldout_mechanism,drawer_pull_with_stiction,source_matched,0.474490,0.032773,0.304980,0.005238,0.217009,0.000979,0.100522,0.000938,0.322867,0.001430,0.074544,0.000759,0.114068,0.000651,7,84
no_retrieval_controller,heldout_mechanism,drawer_pull_with_stiction,support_topology_shift,0.409864,0.037712,0.293172,0.005157,0.228345,0.001056,0.114542,0.002870,0.309879,0.001542,0.080687,0.000608,0.119916,0.000704,7,84
no_retrieval_controller,heldout_mechanism,peg_insert_contact_search,actuator_lag_shift,0.375850,0.032146,0.287406,0.001370,0.237876,0.003590,0.117556,0.001018,0.276591,0.001627,0.080162,0.000909,0.122759,0.002659,7,84
no_retrieval_controller,heldout_mechanism,peg_insert_contact_search,compliance_shift,0.396259,0.028674,0.288417,0.001344,0.233528,0.003603,0.112957,0.000497,0.284321,0.005835,0.079604,0.000430,0.118791,0.000605,7,84
no_retrieval_controller,heldout_mechanism,peg_insert_contact_search,compound_mechanism_shift,0.338435,0.043162,0.278821,0.004727,0.247301,0.001075,0.128827,0.002312,0.277936,0.001570,0.085040,0.000879,0.124071,0.000717,7,84
no_retrieval_controller,heldout_mechanism,peg_insert_contact_search,friction_mismatch,0.358844,0.025166,0.293772,0.001357,0.227957,0.002858,0.109635,0.002157,0.289214,0.005848,0.076755,0.000560,0.119704,0.002636,7,84
no_retrieval_controller,heldout_mechanism,peg_insert_contact_search,occluded_contact_shift,0.379252,0.028087,0.292656,0.001421,0.234832,0.003564,0.120743,0.000528,0.280447,0.004196,0.082324,0.000545,0.121390,0.000644,7,84
no_retrieval_controller,heldout_mechanism,peg_insert_contact_search,source_matched,0.389456,0.042514,0.302753,0.001319,0.210302,0.000979,0.105796,0.001318,0.288386,0.001430,0.077684,0.002230,0.118177,0.000651,7,84
no_retrieval_controller,heldout_mechanism,peg_insert_contact_search,support_topology_shift,0.380952,0.036004,0.289648,0.001421,0.230956,0.001056,0.111883,0.001045,0.289003,0.001542,0.081249,0.002059,0.122400,0.000704,7,84
no_retrieval_controller,heldout_mechanism,twist_lid_with_force_limit,actuator_lag_shift,0.355442,0.033166,0.287624,0.001383,0.239069,0.003898,0.119972,0.003258,0.273138,0.004247,0.082997,0.002807,0.125334,0.000612,7,84
no_retrieval_controller,heldout_mechanism,twist_lid_with_force_limit,compliance_shift,0.380952,0.041051,0.288714,0.003806,0.234781,0.001008,0.115315,0.002623,0.286099,0.001472,0.081263,0.002631,0.123693,0.000671,7,84
no_retrieval_controller,heldout_mechanism,twist_lid_with_force_limit,compound_mechanism_shift,0.358844,0.041500,0.281089,0.001460,0.251747,0.001085,0.125979,0.002626,0.279232,0.001584,0.086041,0.001136,0.125443,0.000724,7,84
no_retrieval_controller,heldout_mechanism,twist_lid_with_force_limit,friction_mismatch,0.375850,0.048534,0.292886,0.001370,0.228322,0.001018,0.112976,0.002028,0.287124,0.004296,0.080801,0.001959,0.120569,0.000678,7,84
no_retrieval_controller,heldout_mechanism,twist_lid_with_force_limit,occluded_contact_shift,0.406463,0.040552,0.290429,0.005147,0.234192,0.001066,0.118560,0.002216,0.276889,0.001556,0.082127,0.001105,0.121567,0.000711,7,84
no_retrieval_controller,heldout_mechanism,twist_lid_with_force_limit,source_matched,0.423469,0.028739,0.300842,0.003815,0.218473,0.000989,0.102008,0.001060,0.289976,0.005441,0.075262,0.000862,0.114096,0.000658,7,84
no_retrieval_controller,heldout_mechanism,twist_lid_with_force_limit,support_topology_shift,0.403061,0.037908,0.294281,0.001434,0.233746,0.001066,0.112346,0.001076,0.285308,0.004271,0.081124,0.002247,0.122639,0.000711,7,84
no_retrieval_controller,heldout_object,cable_route_around_hook,actuator_lag_shift,0.370748,0.031972,0.292932,0.001306,0.233376,0.000970,0.115100,0.001614,0.321649,0.001416,0.079056,0.000886,0.118955,0.001915,7,84
no_retrieval_controller,heldout_object,cable_route_around_hook,compliance_shift,0.318027,0.040000,0.300289,0.003834,0.230358,0.000951,0.115236,0.001298,0.326173,0.005479,0.078120,0.002394,0.120469,0.001920,7,84
no_retrieval_controller,heldout_object,cable_route_around_hook,compound_mechanism_shift,0.333333,0.019720,0.286230,0.001383,0.242498,0.003583,0.122716,0.001943,0.312260,0.001641,0.081444,0.002342,0.124632,0.001904,7,84
no_retrieval_controller,heldout_object,cable_route_around_hook,friction_mismatch,0.384354,0.038345,0.303291,0.001293,0.219591,0.000960,0.105986,0.001029,0.328626,0.001402,0.077216,0.000814,0.115539,0.000638,7,84
no_retrieval_controller,heldout_object,cable_route_around_hook,occluded_contact_shift,0.352041,0.031329,0.297646,0.001357,0.229931,0.001008,0.117288,0.001324,0.322344,0.001472,0.081259,0.001062,0.119597,0.000671,7,84
no_retrieval_controller,heldout_object,cable_route_around_hook,source_matched,0.370748,0.042120,0.309319,0.001255,0.210012,0.000931,0.103304,0.000684,0.334445,0.001360,0.071571,0.000524,0.114968,0.002434,7,84
no_retrieval_controller,heldout_object,cable_route_around_hook,support_topology_shift,0.360544,0.026317,0.294357,0.003806,0.227559,0.001008,0.113981,0.001657,0.330524,0.001472,0.079949,0.001749,0.119350,0.000671,7,84
no_retrieval_controller,heldout_object,cloth_slide_over_edge,actuator_lag_shift,0.374150,0.044928,0.289048,0.004838,0.235168,0.003960,0.118224,0.002771,0.311674,0.004312,0.078378,0.000873,0.119497,0.002463,7,84
no_retrieval_controller,heldout_object,cloth_slide_over_edge,compliance_shift,0.374150,0.033333,0.297765,0.001255,0.228025,0.000931,0.114247,0.000359,0.323040,0.001360,0.076241,0.000314,0.118188,0.002652,7,84
no_retrieval_controller,heldout_object,cloth_slide_over_edge,compound_mechanism_shift,0.335034,0.036868,0.282836,0.001357,0.244658,0.003914,0.122717,0.000936,0.310540,0.005344,0.081035,0.000810,0.121996,0.002435,7,84
no_retrieval_controller,heldout_object,cloth_slide_over_edge,friction_mismatch,0.377551,0.039347,0.296657,0.001267,0.215890,0.000941,0.105241,0.000857,0.318351,0.001374,0.077593,0.000673,0.115752,0.000625,7,84
no_retrieval_controller,heldout_object,cloth_slide_over_edge,occluded_contact_shift,0.369048,0.032998,0.297900,0.001331,0.231396,0.000989,0.115324,0.002704,0.319611,0.001444,0.076743,0.000758,0.119916,0.002620,7,84
no_retrieval_controller,heldout_object,cloth_slide_over_edge,source_matched,0.397959,0.031740,0.308157,0.001229,0.210416,0.000912,0.101492,0.002714,0.330162,0.001332,0.074208,0.000682,0.112273,0.000605,7,84
no_retrieval_controller,heldout_object,cloth_slide_over_edge,support_topology_shift,0.409864,0.042251,0.294611,0.003815,0.229024,0.000989,0.109084,0.000873,0.322646,0.005441,0.076124,0.000683,0.116239,0.001910,7,84
no_retrieval_controller,heldout_object,drawer_pull_with_stiction,actuator_lag_shift,0.430272,0.056569,0.295951,0.001331,0.233790,0.000989,0.117901,0.002835,0.312593,0.001444,0.078760,0.002966,0.122922,0.000658,7,84
no_retrieval_controller,heldout_object,drawer_pull_with_stiction,compliance_shift,0.423469,0.027822,0.301322,0.001306,0.227567,0.000970,0.109026,0.001169,0.317585,0.001416,0.077332,0.000944,0.116526,0.000645,7,84
no_retrieval_controller,heldout_object,drawer_pull_with_stiction,compound_mechanism_shift,0.397959,0.031329,0.286057,0.001408,0.245663,0.003570,0.125170,0.000920,0.307221,0.005780,0.081767,0.000906,0.121336,0.000637,7,84
no_retrieval_controller,heldout_object,drawer_pull_with_stiction,friction_mismatch,0.425170,0.050332,0.304173,0.001319,0.218402,0.000979,0.107974,0.002077,0.317231,0.001430,0.074970,0.002375,0.118409,0.001913,7,84
no_retrieval_controller,heldout_object,drawer_pull_with_stiction,occluded_contact_shift,0.394558,0.032375,0.293201,0.001383,0.231607,0.003898,0.115649,0.003136,0.309986,0.005326,0.080899,0.002132,0.120999,0.000612,7,84
no_retrieval_controller,heldout_object,drawer_pull_with_stiction,source_matched,0.433673,0.044928,0.303794,0.001280,0.207448,0.003635,0.101542,0.002544,0.315896,0.001529,0.071529,0.000702,0.112323,0.002502,7,84
no_retrieval_controller,heldout_object,drawer_pull_with_stiction,support_topology_shift,0.408163,0.035172,0.301346,0.003796,0.222374,0.001027,0.108295,0.001113,0.313295,0.001500,0.076087,0.002300,0.119485,0.001901,7,84
no_retrieval_controller,heldout_object,peg_insert_contact_search,actuator_lag_shift,0.352041,0.029187,0.286364,0.001331,0.237102,0.002865,0.116706,0.000695,0.287454,0.005870,0.080466,0.000656,0.119015,0.000623,7,84
no_retrieval_controller,heldout_object,peg_insert_contact_search,compliance_shift,0.392857,0.063187,0.292632,0.001306,0.224691,0.003622,0.113723,0.001369,0.283410,0.001557,0.077676,0.002892,0.120960,0.000585,7,84
no_retrieval_controller,heldout_object,peg_insert_contact_search,compound_mechanism_shift,0.379252,0.065884,0.289790,0.001408,0.240099,0.001047,0.123061,0.003292,0.279413,0.001528,0.083583,0.002262,0.123929,0.000697,7,84
no_retrieval_controller,heldout_object,peg_insert_contact_search,friction_mismatch,0.389456,0.022608,0.299609,0.004812,0.222051,0.002868,0.107321,0.000657,0.292583,0.005881,0.077448,0.000664,0.115876,0.000616,7,84
no_retrieval_controller,heldout_object,peg_insert_contact_search,occluded_contact_shift,0.408163,0.032088,0.297830,0.001383,0.228430,0.001027,0.113521,0.000792,0.285664,0.001500,0.076994,0.000655,0.118366,0.002389,7,84
no_retrieval_controller,heldout_object,peg_insert_contact_search,source_matched,0.391156,0.053748,0.312008,0.001280,0.210389,0.000951,0.101644,0.001477,0.300507,0.001388,0.075918,0.002321,0.115022,0.000632,7,84
no_retrieval_controller,heldout_object,peg_insert_contact_search,support_topology_shift,0.387755,0.041321,0.294541,0.003796,0.226058,0.001027,0.111935,0.001020,0.293844,0.001500,0.077232,0.000807,0.115832,0.000684,7,84
no_retrieval_controller,heldout_object,twist_lid_with_force_limit,actuator_lag_shift,0.352041,0.037367,0.292450,0.005218,0.235770,0.000999,0.118012,0.002971,0.285548,0.001458,0.080198,0.003045,0.123299,0.000665,7,84
no_retrieval_controller,heldout_object,twist_lid_with_force_limit,compliance_shift,0.404762,0.052915,0.298796,0.004812,0.228564,0.000979,0.109503,0.000964,0.289104,0.001430,0.077281,0.000718,0.116229,0.000651,7,84
no_retrieval_controller,heldout_object,twist_lid_with_force_limit,compound_mechanism_shift,0.367347,0.033555,0.284204,0.005157,0.242020,0.001056,0.123587,0.002938,0.277111,0.001542,0.084507,0.000765,0.123580,0.000704,7,84
no_retrieval_controller,heldout_object,twist_lid_with_force_limit,friction_mismatch,0.408163,0.040643,0.306876,0.001331,0.219891,0.000989,0.107638,0.002813,0.289468,0.001444,0.075223,0.002506,0.118450,0.001910,7,84
no_retrieval_controller,heldout_object,twist_lid_with_force_limit,occluded_contact_shift,0.384354,0.036616,0.296897,0.003792,0.228695,0.001037,0.113057,0.001375,0.280944,0.001514,0.078124,0.002049,0.121456,0.001898,7,84
no_retrieval_controller,heldout_object,twist_lid_with_force_limit,source_matched,0.433673,0.040369,0.304529,0.001293,0.207461,0.003629,0.102059,0.002278,0.285979,0.001543,0.070560,0.001000,0.114783,0.002443,7,84
no_retrieval_controller,heldout_object,twist_lid_with_force_limit,support_topology_shift,0.428571,0.048035,0.293608,0.001395,0.226323,0.001037,0.110179,0.001144,0.289124,0.001514,0.075170,0.000888,0.116636,0.002385,7,84
no_retrieval_controller,seen_corpus,cable_route_around_hook,actuator_lag_shift,0.374150,0.034854,0.300949,0.001267,0.228542,0.000941,0.114538,0.000855,0.331844,0.001374,0.075374,0.002300,0.119418,0.000625,7,84
no_retrieval_controller,seen_corpus,cable_route_around_hook,compliance_shift,0.403061,0.058151,0.299840,0.001242,0.217459,0.000922,0.108204,0.001485,0.329741,0.001346,0.072493,0.002516,0.116555,0.001928,7,84
no_retrieval_controller,seen_corpus,cable_route_around_hook,compound_mechanism_shift,0.362245,0.033720,0.294822,0.001344,0.234665,0.000999,0.121707,0.000575,0.323223,0.001458,0.081123,0.000484,0.119612,0.000665,7,84
no_retrieval_controller,seen_corpus,cable_route_around_hook,friction_mismatch,0.391156,0.043928,0.311324,0.003844,0.214769,0.002887,0.104222,0.003103,0.333695,0.005937,0.072351,0.000739,0.110294,0.000583,7,84
no_retrieval_controller,seen_corpus,cable_route_around_hook,occluded_contact_shift,0.346939,0.046786,0.295870,0.001319,0.222898,0.003937,0.112979,0.001078,0.324185,0.004271,0.078517,0.001081,0.116268,0.000579,7,84
no_retrieval_controller,seen_corpus,cable_route_around_hook,source_matched,0.437075,0.041899,0.311624,0.001216,0.200894,0.000903,0.098306,0.002220,0.338386,0.001318,0.069869,0.000872,0.107924,0.000599,7,84
no_retrieval_controller,seen_corpus,cable_route_around_hook,support_topology_shift,0.426871,0.033166,0.303734,0.001319,0.213454,0.000979,0.107572,0.000480,0.327186,0.001430,0.076066,0.000413,0.114610,0.000651,7,84
no_retrieval_controller,seen_corpus,cloth_slide_over_edge,actuator_lag_shift,0.380952,0.055311,0.297917,0.001242,0.227636,0.000922,0.115554,0.001183,0.325522,0.001346,0.075123,0.000885,0.114673,0.001928,7,84
no_retrieval_controller,seen_corpus,cloth_slide_over_edge,compliance_shift,0.413265,0.039675,0.300456,0.001216,0.219289,0.000903,0.107751,0.003265,0.327412,0.001318,0.075162,0.000509,0.113683,0.000599,7,84
no_retrieval_controller,seen_corpus,cloth_slide_over_edge,compound_mechanism_shift,0.387755,0.020905,0.294568,0.003820,0.237557,0.000979,0.117162,0.000561,0.322446,0.001430,0.077426,0.000508,0.116324,0.000651,7,84
no_retrieval_controller,seen_corpus,cloth_slide_over_edge,friction_mismatch,0.408163,0.023727,0.312403,0.001229,0.213516,0.003662,0.101346,0.000741,0.326866,0.005934,0.075157,0.000755,0.113315,0.000546,7,84
no_retrieval_controller,seen_corpus,cloth_slide_over_edge,occluded_contact_shift,0.382653,0.050259,0.301550,0.001293,0.223381,0.000960,0.109872,0.001110,0.325035,0.001402,0.076501,0.000846,0.114761,0.000638,7,84
no_retrieval_controller,seen_corpus,cloth_slide_over_edge,source_matched,0.389456,0.035538,0.315888,0.001191,0.205460,0.000883,0.097608,0.000742,0.332334,0.006049,0.068312,0.000587,0.109213,0.002678,7,84
no_retrieval_controller,seen_corpus,cloth_slide_over_edge,support_topology_shift,0.414966,0.038249,0.309414,0.001293,0.219082,0.000960,0.105804,0.000749,0.330403,0.001402,0.074717,0.000594,0.113195,0.000638,7,84
no_retrieval_controller,seen_corpus,drawer_pull_with_stiction,actuator_lag_shift,0.411565,0.036311,0.297437,0.001293,0.224306,0.000960,0.111942,0.002405,0.315660,0.001402,0.074539,0.000824,0.115600,0.002420,7,84
no_retrieval_controller,seen_corpus,drawer_pull_with_stiction,compliance_shift,0.435374,0.043162,0.308064,0.001267,0.222025,0.000941,0.108808,0.001318,0.323834,0.004339,0.073024,0.002632,0.116477,0.001923,7,84
no_retrieval_controller,seen_corpus,drawer_pull_with_stiction,compound_mechanism_shift,0.377551,0.036616,0.288118,0.001370,0.240041,0.001018,0.120965,0.002572,0.315927,0.005412,0.081289,0.000696,0.120089,0.000678,7,84
no_retrieval_controller,seen_corpus,drawer_pull_with_stiction,friction_mismatch,0.448980,0.045175,0.307963,0.001280,0.210646,0.000951,0.100159,0.001308,0.322821,0.001388,0.072449,0.001017,0.111128,0.000632,7,84
no_retrieval_controller,seen_corpus,drawer_pull_with_stiction,occluded_contact_shift,0.447279,0.032942,0.300902,0.001344,0.219925,0.000999,0.110061,0.000951,0.314989,0.001458,0.075356,0.000771,0.114459,0.000665,7,84
no_retrieval_controller,seen_corpus,drawer_pull_with_stiction,source_matched,0.462585,0.063275,0.315576,0.001242,0.202256,0.000922,0.097813,0.001426,0.330375,0.001346,0.067216,0.001062,0.109083,0.002657,7,84
no_retrieval_controller,seen_corpus,drawer_pull_with_stiction,support_topology_shift,0.435374,0.034102,0.308766,0.001344,0.215626,0.000999,0.106876,0.000811,0.320357,0.001458,0.074191,0.000661,0.112893,0.000665,7,84
no_retrieval_controller,seen_corpus,peg_insert_contact_search,actuator_lag_shift,0.391156,0.038921,0.298280,0.005259,0.230420,0.000960,0.113902,0.000811,0.294441,0.005469,0.078429,0.001940,0.118172,0.000638,7,84
no_retrieval_controller,seen_corpus,peg_insert_contact_search,compliance_shift,0.414966,0.033939,0.300656,0.001267,0.216805,0.000941,0.105793,0.001280,0.293786,0.001374,0.076218,0.001018,0.114718,0.000625,7,84
no_retrieval_controller,seen_corpus,peg_insert_contact_search,compound_mechanism_shift,0.362245,0.041006,0.293134,0.001370,0.232133,0.001018,0.118141,0.001330,0.284527,0.001486,0.076903,0.001050,0.117633,0.002394,7,84
no_retrieval_controller,seen_corpus,peg_insert_contact_search,friction_mismatch,0.404762,0.030551,0.306968,0.005269,0.213666,0.003635,0.106018,0.001014,0.297085,0.005890,0.070037,0.000973,0.113867,0.002502,7,84
no_retrieval_controller,seen_corpus,peg_insert_contact_search,occluded_contact_shift,0.403061,0.040231,0.302241,0.004795,0.224695,0.000999,0.111501,0.002358,0.296953,0.001458,0.074110,0.002401,0.118397,0.000665,7,84
no_retrieval_controller,seen_corpus,peg_insert_contact_search,source_matched,0.442177,0.035434,0.311351,0.003849,0.197708,0.000922,0.095297,0.000888,0.298735,0.001346,0.070859,0.002312,0.111215,0.000612,7,84
no_retrieval_controller,seen_corpus,peg_insert_contact_search,support_topology_shift,0.397959,0.066555,0.298670,0.001344,0.220396,0.000999,0.107037,0.002938,0.299748,0.004307,0.072850,0.002096,0.115688,0.001908,7,84
no_retrieval_controller,seen_corpus,twist_lid_with_force_limit,actuator_lag_shift,0.403061,0.025676,0.298805,0.001306,0.224840,0.000970,0.111852,0.002866,0.286439,0.001416,0.074030,0.000576,0.116125,0.002631,7,84
no_retrieval_controller,seen_corpus,twist_lid_with_force_limit,compliance_shift,0.420068,0.051604,0.308120,0.001280,0.221575,0.000951,0.108125,0.001359,0.295750,0.001388,0.075384,0.002736,0.116328,0.000632,7,84
no_retrieval_controller,seen_corpus,twist_lid_with_force_limit,compound_mechanism_shift,0.408163,0.036616,0.293422,0.001383,0.233237,0.002851,0.116937,0.001973,0.278565,0.001586,0.077626,0.002355,0.121306,0.000649,7,84
no_retrieval_controller,seen_corpus,twist_lid_with_force_limit,friction_mismatch,0.428571,0.040734,0.308675,0.001293,0.210688,0.000960,0.101086,0.002166,0.292882,0.001402,0.071779,0.000576,0.110172,0.000638,7,84
no_retrieval_controller,seen_corpus,twist_lid_with_force_limit,occluded_contact_shift,0.392857,0.026943,0.304894,0.001357,0.222427,0.001008,0.112349,0.001162,0.288642,0.001472,0.076802,0.000944,0.115188,0.000671,7,84
no_retrieval_controller,seen_corpus,twist_lid_with_force_limit,source_matched,0.454082,0.027622,0.314320,0.001255,0.200822,0.000931,0.096264,0.000629,0.298281,0.001360,0.069969,0.002853,0.111691,0.000618,7,84
no_retrieval_controller,seen_corpus,twist_lid_with_force_limit,support_topology_shift,0.459184,0.020905,0.303611,0.005208,0.218128,0.001008,0.107600,0.000946,0.294010,0.001472,0.074542,0.000790,0.113622,0.000671,7,84
oracle_mechanism_retrieval,combined_stress,cable_route_around_hook,actuator_lag_shift,0.719388,0.035590,0.685674,0.001357,0.058608,0.001008,0.051352,0.000942,0.652496,0.001472,0.188378,0.000758,0.051900,0.000671,7,84
oracle_mechanism_retrieval,combined_stress,cable_route_around_hook,compliance_shift,0.780612,0.028739,0.688309,0.001331,0.053197,0.000989,0.046670,0.001032,0.654378,0.001444,0.184630,0.002467,0.052154,0.000658,7,84
oracle_mechanism_retrieval,combined_stress,cable_route_around_hook,compound_mechanism_shift,0.736395,0.033555,0.674392,0.005147,0.064384,0.001066,0.056483,0.002780,0.648380,0.001556,0.190002,0.000717,0.054084,0.000711,7,84
oracle_mechanism_retrieval,combined_stress,cable_route_around_hook,friction_mismatch,0.710884,0.035901,0.692960,0.001344,0.048246,0.000999,0.042545,0.001399,0.655881,0.001458,0.185312,0.001112,0.048153,0.000665,7,84
oracle_mechanism_retrieval,combined_stress,cable_route_around_hook,occluded_contact_shift,0.738095,0.033775,0.687436,0.001408,0.056096,0.002844,0.047956,0.002851,0.649834,0.001614,0.187439,0.001655,0.052227,0.000662,7,84
oracle_mechanism_retrieval,combined_stress,cable_route_around_hook,source_matched,0.746599,0.022027,0.704341,0.001306,0.046978,0.000970,0.034171,0.000833,0.667388,0.001416,0.181653,0.000699,0.044690,0.000645,7,84
oracle_mechanism_retrieval,combined_stress,cable_route_around_hook,support_topology_shift,0.746599,0.043119,0.685284,0.001408,0.056963,0.001047,0.044316,0.001077,0.661736,0.001528,0.182123,0.000849,0.048033,0.002381,7,84
oracle_mechanism_retrieval,combined_stress,cloth_slide_over_edge,actuator_lag_shift,0.676871,0.034694,0.686051,0.001331,0.060078,0.000989,0.050579,0.002675,0.649868,0.001444,0.184627,0.000883,0.052142,0.002620,7,84
oracle_mechanism_retrieval,combined_stress,cloth_slide_over_edge,compliance_shift,0.729592,0.025820,0.692334,0.001306,0.057403,0.000970,0.044665,0.000782,0.655744,0.001416,0.186252,0.000655,0.049696,0.000645,7,84
oracle_mechanism_retrieval,combined_stress,cloth_slide_over_edge,compound_mechanism_shift,0.715986,0.039252,0.672972,0.001408,0.069652,0.001047,0.058084,0.001335,0.648725,0.004281,0.188473,0.001060,0.052353,0.000697,7,84
oracle_mechanism_retrieval,combined_stress,cloth_slide_over_edge,friction_mismatch,0.748299,0.021257,0.695161,0.001319,0.051085,0.000979,0.038901,0.001994,0.655250,0.001430,0.181353,0.000812,0.045902,0.001913,7,84
oracle_mechanism_retrieval,combined_stress,cloth_slide_over_edge,occluded_contact_shift,0.724490,0.030307,0.680516,0.001383,0.062385,0.001027,0.050178,0.002710,0.651669,0.005403,0.186495,0.002642,0.052338,0.000684,7,84
oracle_mechanism_retrieval,combined_stress,cloth_slide_over_edge,source_matched,0.736395,0.014782,0.696006,0.001280,0.041915,0.000951,0.032480,0.000673,0.655221,0.001388,0.181097,0.000592,0.043890,0.000632,7,84
oracle_mechanism_retrieval,combined_stress,cloth_slide_over_edge,support_topology_shift,0.741497,0.042817,0.692086,0.003796,0.052961,0.001027,0.043310,0.001249,0.651119,0.001500,0.182204,0.000984,0.047959,0.002389,7,84
oracle_mechanism_retrieval,combined_stress,drawer_pull_with_stiction,actuator_lag_shift,0.780612,0.008607,0.681556,0.001383,0.062012,0.003583,0.049468,0.002815,0.642923,0.005802,0.186429,0.002453,0.053127,0.000624,7,84
oracle_mechanism_retrieval,combined_stress,drawer_pull_with_stiction,compliance_shift,0.785714,0.033775,0.686780,0.005208,0.056828,0.001008,0.046076,0.001843,0.650280,0.001472,0.184761,0.002145,0.051250,0.000671,7,84
oracle_mechanism_retrieval,combined_stress,drawer_pull_with_stiction,compound_mechanism_shift,0.794218,0.050589,0.676230,0.001460,0.068824,0.001085,0.054292,0.003237,0.645466,0.001584,0.188791,0.000638,0.053734,0.000724,7,84
oracle_mechanism_retrieval,combined_stress,drawer_pull_with_stiction,friction_mismatch,0.792517,0.036311,0.688994,0.003801,0.053479,0.001018,0.042753,0.000903,0.654122,0.001486,0.184296,0.000728,0.048346,0.000678,7,84
oracle_mechanism_retrieval,combined_stress,drawer_pull_with_stiction,occluded_contact_shift,0.811224,0.031564,0.685002,0.005147,0.055617,0.001066,0.048671,0.001911,0.642310,0.001556,0.185021,0.000995,0.049652,0.000711,7,84
oracle_mechanism_retrieval,combined_stress,drawer_pull_with_stiction,source_matched,0.804422,0.037367,0.700827,0.005228,0.047405,0.000989,0.031291,0.000885,0.658613,0.001444,0.177766,0.000707,0.042736,0.001910,7,84
oracle_mechanism_retrieval,combined_stress,drawer_pull_with_stiction,support_topology_shift,0.802721,0.025386,0.689710,0.001434,0.058199,0.001066,0.042071,0.000940,0.648998,0.005365,0.183374,0.002654,0.051207,0.000711,7,84
oracle_mechanism_retrieval,combined_stress,peg_insert_contact_search,actuator_lag_shift,0.763605,0.026176,0.686350,0.001383,0.057126,0.001027,0.047824,0.001115,0.616237,0.001500,0.184003,0.000912,0.050362,0.002389,7,84
oracle_mechanism_retrieval,combined_stress,peg_insert_contact_search,compliance_shift,0.758503,0.057767,0.685609,0.001357,0.056044,0.003914,0.043105,0.000988,0.619293,0.005344,0.182926,0.000730,0.046719,0.000599,7,84
oracle_mechanism_retrieval,combined_stress,peg_insert_contact_search,compound_mechanism_shift,0.748299,0.028087,0.678335,0.001460,0.068783,0.002830,0.054533,0.000984,0.618134,0.005266,0.188856,0.002527,0.055428,0.000688,7,84
oracle_mechanism_retrieval,combined_stress,peg_insert_contact_search,friction_mismatch,0.785714,0.026458,0.691948,0.001370,0.050644,0.003906,0.037852,0.000584,0.620140,0.004252,0.179664,0.000739,0.046984,0.002690,7,84
oracle_mechanism_retrieval,combined_stress,peg_insert_contact_search,occluded_contact_shift,0.780612,0.017533,0.681142,0.003778,0.057963,0.001066,0.045802,0.002079,0.621037,0.001556,0.186463,0.001778,0.051838,0.000711,7,84
oracle_mechanism_retrieval,combined_stress,peg_insert_contact_search,source_matched,0.807823,0.033166,0.698265,0.001331,0.042148,0.002865,0.034681,0.000786,0.623667,0.001530,0.181667,0.000608,0.045433,0.000623,7,84
oracle_mechanism_retrieval,combined_stress,peg_insert_contact_search,support_topology_shift,0.778912,0.039063,0.692711,0.001434,0.055400,0.003868,0.044397,0.001231,0.620213,0.005289,0.181291,0.001124,0.047582,0.002408,7,84
oracle_mechanism_retrieval,combined_stress,twist_lid_with_force_limit,actuator_lag_shift,0.773810,0.033389,0.687601,0.001395,0.057387,0.001037,0.046680,0.001263,0.611430,0.001514,0.183571,0.001728,0.052373,0.002385,7,84
oracle_mechanism_retrieval,combined_stress,twist_lid_with_force_limit,compliance_shift,0.780612,0.021517,0.684652,0.001370,0.058079,0.002854,0.044182,0.002906,0.617076,0.005837,0.183510,0.002811,0.052232,0.000642,7,84
oracle_mechanism_retrieval,combined_stress,twist_lid_with_force_limit,compound_mechanism_shift,0.777211,0.027285,0.672489,0.003765,0.063721,0.001095,0.055927,0.001124,0.608128,0.001598,0.185757,0.001738,0.054939,0.002359,7,84
oracle_mechanism_retrieval,combined_stress,twist_lid_with_force_limit,friction_mismatch,0.784014,0.052529,0.692095,0.001383,0.051792,0.003898,0.039890,0.002830,0.616628,0.005326,0.182277,0.002555,0.049603,0.000612,7,84
oracle_mechanism_retrieval,combined_stress,twist_lid_with_force_limit,occluded_contact_shift,0.780612,0.026874,0.684523,0.001447,0.061536,0.001075,0.046175,0.001016,0.618492,0.004266,0.184952,0.002735,0.052686,0.000717,7,84
oracle_mechanism_retrieval,combined_stress,twist_lid_with_force_limit,source_matched,0.784014,0.036515,0.695100,0.001344,0.047673,0.002861,0.032403,0.000807,0.623972,0.005859,0.178360,0.000754,0.043044,0.001908,7,84
oracle_mechanism_retrieval,combined_stress,twist_lid_with_force_limit,support_topology_shift,0.785714,0.048572,0.686944,0.004727,0.052112,0.001075,0.045262,0.000852,0.615370,0.001570,0.181971,0.000656,0.047164,0.001889,7,84
oracle_mechanism_retrieval,cross_embodiment,cable_route_around_hook,actuator_lag_shift,0.750000,0.035277,0.688201,0.004778,0.059932,0.001018,0.047031,0.002187,0.665088,0.001486,0.183640,0.002113,0.048259,0.000678,7,84
oracle_mechanism_retrieval,cross_embodiment,cable_route_around_hook,compliance_shift,0.744898,0.035590,0.700518,0.001344,0.053207,0.000999,0.041558,0.002825,0.665051,0.001458,0.178801,0.002301,0.047614,0.000665,7,84
oracle_mechanism_retrieval,cross_embodiment,cable_route_around_hook,compound_mechanism_shift,0.746599,0.044305,0.686637,0.001447,0.064420,0.003860,0.051616,0.000956,0.653947,0.005280,0.181260,0.000820,0.049561,0.002658,7,84
oracle_mechanism_retrieval,cross_embodiment,cable_route_around_hook,friction_mismatch,0.758503,0.032886,0.703867,0.003806,0.048994,0.001008,0.038600,0.000439,0.667631,0.001472,0.179951,0.002046,0.044118,0.000671,7,84
oracle_mechanism_retrieval,cross_embodiment,cable_route_around_hook,occluded_contact_shift,0.750000,0.029250,0.688653,0.001421,0.058152,0.001056,0.043409,0.000400,0.666068,0.001542,0.178877,0.000392,0.045657,0.002584,7,84
oracle_mechanism_retrieval,cross_embodiment,cable_route_around_hook,source_matched,0.765306,0.021430,0.708010,0.005238,0.045728,0.000979,0.029323,0.000772,0.673649,0.004317,0.176508,0.000657,0.039287,0.000651,7,84
oracle_mechanism_retrieval,cross_embodiment,cable_route_around_hook,support_topology_shift,0.741497,0.025313,0.698791,0.004744,0.049371,0.001056,0.039815,0.002681,0.661310,0.001542,0.181088,0.000820,0.044005,0.000704,7,84
oracle_mechanism_retrieval,cross_embodiment,cloth_slide_over_edge,actuator_lag_shift,0.741497,0.063741,0.688987,0.005218,0.060051,0.000999,0.043421,0.002621,0.660416,0.001458,0.179673,0.001157,0.046455,0.002615,7,84
oracle_mechanism_retrieval,cross_embodiment,cloth_slide_over_edge,compliance_shift,0.738095,0.016887,0.695805,0.005238,0.056062,0.000979,0.039943,0.000752,0.661801,0.004317,0.181208,0.000649,0.044253,0.000651,7,84
oracle_mechanism_retrieval,cross_embodiment,cloth_slide_over_edge,compound_mechanism_shift,0.761905,0.037761,0.685626,0.004744,0.061477,0.001056,0.049832,0.002610,0.649949,0.001542,0.185210,0.002221,0.050235,0.000704,7,84
oracle_mechanism_retrieval,cross_embodiment,cloth_slide_over_edge,friction_mismatch,0.715986,0.032773,0.701903,0.004804,0.050482,0.000989,0.034398,0.000746,0.664957,0.001444,0.177373,0.000613,0.040964,0.001910,7,84
oracle_mechanism_retrieval,cross_embodiment,cloth_slide_over_edge,occluded_contact_shift,0.794218,0.028674,0.695864,0.001395,0.052800,0.001037,0.040404,0.000796,0.653407,0.001514,0.178528,0.001819,0.046968,0.002385,7,84
oracle_mechanism_retrieval,cross_embodiment,cloth_slide_over_edge,source_matched,0.790816,0.024343,0.704658,0.001293,0.039313,0.000960,0.028191,0.002118,0.662010,0.001402,0.174570,0.000859,0.037584,0.000638,7,84
oracle_mechanism_retrieval,cross_embodiment,cloth_slide_over_edge,support_topology_shift,0.743197,0.043461,0.694568,0.001395,0.056024,0.001037,0.041990,0.000867,0.661033,0.005393,0.180191,0.000681,0.043244,0.000691,7,84
oracle_mechanism_retrieval,cross_embodiment,drawer_pull_with_stiction,actuator_lag_shift,0.784014,0.040552,0.690650,0.005178,0.056408,0.001037,0.042810,0.001433,0.650354,0.001514,0.178646,0.001134,0.047089,0.002594,7,84
oracle_mechanism_retrieval,cross_embodiment,drawer_pull_with_stiction,compliance_shift,0.804422,0.025386,0.694122,0.001370,0.053340,0.003906,0.037251,0.001756,0.650510,0.005335,0.178175,0.002495,0.046661,0.001926,7,84
oracle_mechanism_retrieval,cross_embodiment,drawer_pull_with_stiction,compound_mechanism_shift,0.795918,0.038586,0.681320,0.001472,0.063648,0.001095,0.052559,0.001232,0.648375,0.001598,0.181317,0.000986,0.047989,0.002359,7,84
oracle_mechanism_retrieval,cross_embodiment,drawer_pull_with_stiction,friction_mismatch,0.814626,0.043461,0.701893,0.001383,0.047299,0.003583,0.033006,0.001984,0.650421,0.001641,0.177010,0.002800,0.045343,0.000624,7,84
oracle_mechanism_retrieval,cross_embodiment,drawer_pull_with_stiction,occluded_contact_shift,0.787415,0.025676,0.695072,0.001447,0.057606,0.003551,0.042472,0.000764,0.650536,0.005747,0.179251,0.002493,0.046526,0.002444,7,84
oracle_mechanism_retrieval,cross_embodiment,drawer_pull_with_stiction,source_matched,0.811224,0.035066,0.704202,0.001344,0.042657,0.003921,0.027487,0.000680,0.657003,0.005353,0.173936,0.000593,0.037284,0.000592,7,84
oracle_mechanism_retrieval,cross_embodiment,drawer_pull_with_stiction,support_topology_shift,0.816327,0.024343,0.693776,0.001447,0.052255,0.001075,0.039530,0.002523,0.655932,0.001570,0.178651,0.000810,0.042649,0.000717,7,84
oracle_mechanism_retrieval,cross_embodiment,peg_insert_contact_search,actuator_lag_shift,0.782313,0.031269,0.685776,0.001395,0.059785,0.001037,0.045830,0.000756,0.630490,0.001514,0.181540,0.000633,0.045436,0.000691,7,84
oracle_mechanism_retrieval,cross_embodiment,peg_insert_contact_search,compliance_shift,0.770408,0.012172,0.699291,0.001370,0.050528,0.001018,0.039757,0.000699,0.626756,0.001486,0.179681,0.000623,0.043058,0.000678,7,84
oracle_mechanism_retrieval,cross_embodiment,peg_insert_contact_search,compound_mechanism_shift,0.736395,0.063070,0.682906,0.001472,0.065009,0.001095,0.052953,0.002905,0.625568,0.001598,0.183676,0.000923,0.047242,0.000730,7,84
oracle_mechanism_retrieval,cross_embodiment,peg_insert_contact_search,friction_mismatch,0.767007,0.036311,0.704328,0.003796,0.047581,0.001027,0.035792,0.001280,0.631185,0.001500,0.177340,0.001022,0.040428,0.000684,7,84
oracle_mechanism_retrieval,cross_embodiment,peg_insert_contact_search,occluded_contact_shift,0.785714,0.039441,0.697554,0.001447,0.054494,0.003551,0.044109,0.001137,0.621197,0.001711,0.178962,0.001041,0.043860,0.001927,7,84
oracle_mechanism_retrieval,cross_embodiment,peg_insert_contact_search,source_matched,0.802721,0.050881,0.710267,0.001344,0.040517,0.000999,0.031124,0.001542,0.634230,0.001458,0.176678,0.001375,0.041001,0.000665,7,84
oracle_mechanism_retrieval,cross_embodiment,peg_insert_contact_search,support_topology_shift,0.770408,0.041589,0.696258,0.001447,0.054288,0.001075,0.037863,0.001944,0.634105,0.001570,0.181268,0.000800,0.044649,0.000717,7,84
oracle_mechanism_retrieval,cross_embodiment,twist_lid_with_force_limit,actuator_lag_shift,0.785714,0.044389,0.688176,0.001408,0.060859,0.001047,0.045434,0.000934,0.624357,0.004281,0.180586,0.000732,0.044555,0.000697,7,84
oracle_mechanism_retrieval,cross_embodiment,twist_lid_with_force_limit,compliance_shift,0.778912,0.023254,0.699483,0.001383,0.049947,0.001027,0.038032,0.001070,0.620779,0.001500,0.177552,0.000882,0.043330,0.002389,7,84
oracle_mechanism_retrieval,cross_embodiment,twist_lid_with_force_limit,compound_mechanism_shift,0.780612,0.026387,0.682782,0.005107,0.062476,0.003532,0.049065,0.000643,0.611595,0.001753,0.185463,0.000668,0.049609,0.000677,7,84
oracle_mechanism_retrieval,cross_embodiment,twist_lid_with_force_limit,friction_mismatch,0.789116,0.048496,0.701050,0.005178,0.047828,0.001037,0.034409,0.001588,0.626416,0.001514,0.175573,0.001241,0.042411,0.002594,7,84
oracle_mechanism_retrieval,cross_embodiment,twist_lid_with_force_limit,occluded_contact_shift,0.807823,0.047062,0.688362,0.001460,0.055450,0.001085,0.043251,0.002923,0.622610,0.001584,0.179954,0.000877,0.044042,0.000724,7,84
oracle_mechanism_retrieval,cross_embodiment,twist_lid_with_force_limit,source_matched,0.804422,0.023254,0.708251,0.001357,0.038280,0.001008,0.028307,0.000705,0.625835,0.001472,0.174683,0.000609,0.037853,0.000671,7,84
oracle_mechanism_retrieval,cross_embodiment,twist_lid_with_force_limit,support_topology_shift,0.804422,0.006939,0.698500,0.004718,0.051814,0.003853,0.037654,0.000502,0.620220,0.004220,0.178663,0.002596,0.045913,0.000651,7,84
oracle_mechanism_retrieval,heldout_mechanism,cable_route_around_hook,actuator_lag_shift,0.751701,0.026176,0.690940,0.001383,0.058830,0.002851,0.042960,0.002514,0.666312,0.005322,0.180363,0.002496,0.045877,0.000649,7,84
oracle_mechanism_retrieval,heldout_mechanism,cable_route_around_hook,compliance_shift,0.746599,0.034048,0.701506,0.004786,0.052507,0.001008,0.038927,0.002636,0.669433,0.001472,0.178079,0.002765,0.044364,0.000671,7,84
oracle_mechanism_retrieval,heldout_mechanism,cable_route_around_hook,compound_mechanism_shift,0.741497,0.040643,0.683086,0.001460,0.062031,0.001085,0.050156,0.002901,0.661009,0.001584,0.181795,0.000506,0.045155,0.000724,7,84
oracle_mechanism_retrieval,heldout_mechanism,cable_route_around_hook,friction_mismatch,0.758503,0.052104,0.703551,0.005198,0.049032,0.001018,0.036551,0.001633,0.673091,0.001486,0.178602,0.001268,0.041373,0.000678,7,84
oracle_mechanism_retrieval,heldout_mechanism,cable_route_around_hook,occluded_contact_shift,0.751701,0.038586,0.699230,0.001434,0.054354,0.003868,0.043055,0.000672,0.660781,0.004229,0.178376,0.000519,0.041429,0.000638,7,84
oracle_mechanism_retrieval,heldout_mechanism,cable_route_around_hook,source_matched,0.763605,0.031151,0.711891,0.005228,0.043768,0.000989,0.025826,0.001207,0.678765,0.001444,0.172707,0.000970,0.035174,0.000658,7,84
oracle_mechanism_retrieval,heldout_mechanism,cable_route_around_hook,support_topology_shift,0.738095,0.039768,0.698790,0.001434,0.053075,0.001066,0.035979,0.001083,0.672123,0.001556,0.177656,0.002867,0.043770,0.000711,7,84
oracle_mechanism_retrieval,heldout_mechanism,cloth_slide_over_edge,actuator_lag_shift,0.751701,0.030307,0.692158,0.004786,0.059307,0.001008,0.041725,0.002393,0.662120,0.004302,0.177670,0.001977,0.045474,0.002398,7,84
oracle_mechanism_retrieval,heldout_mechanism,cloth_slide_over_edge,compliance_shift,0.773810,0.040734,0.701798,0.004804,0.054004,0.000989,0.035618,0.001286,0.666732,0.001444,0.176829,0.001014,0.040086,0.000658,7,84
oracle_mechanism_retrieval,heldout_mechanism,cloth_slide_over_edge,compound_mechanism_shift,0.746599,0.036968,0.684794,0.001434,0.064591,0.001066,0.048076,0.001329,0.659859,0.001556,0.180419,0.001938,0.048465,0.001891,7,84
oracle_mechanism_retrieval,heldout_mechanism,cloth_slide_over_edge,friction_mismatch,0.775510,0.054705,0.706593,0.004795,0.049161,0.000999,0.032432,0.002819,0.668393,0.001458,0.173152,0.000899,0.040732,0.002615,7,84
oracle_mechanism_retrieval,heldout_mechanism,cloth_slide_over_edge,occluded_contact_shift,0.789116,0.033665,0.695439,0.005167,0.054503,0.001047,0.039685,0.001213,0.661258,0.001528,0.176085,0.000977,0.041946,0.002381,7,84
oracle_mechanism_retrieval,heldout_mechanism,cloth_slide_over_edge,source_matched,0.790816,0.053852,0.706684,0.001306,0.039425,0.003622,0.029621,0.001191,0.662392,0.001557,0.170994,0.002443,0.038332,0.002438,7,84
oracle_mechanism_retrieval,heldout_mechanism,cloth_slide_over_edge,support_topology_shift,0.761905,0.032603,0.704146,0.001408,0.048079,0.002844,0.038213,0.002638,0.657369,0.001614,0.178986,0.000542,0.041907,0.000662,7,84
oracle_mechanism_retrieval,heldout_mechanism,drawer_pull_with_stiction,actuator_lag_shift,0.804422,0.036667,0.690869,0.001408,0.058650,0.001047,0.041970,0.001375,0.658922,0.001528,0.177366,0.001096,0.042457,0.001896,7,84
oracle_mechanism_retrieval,heldout_mechanism,drawer_pull_with_stiction,compliance_shift,0.829932,0.034801,0.701737,0.001383,0.049122,0.002851,0.033806,0.000837,0.652220,0.001586,0.174803,0.002035,0.043323,0.002398,7,84
oracle_mechanism_retrieval,heldout_mechanism,drawer_pull_with_stiction,compound_mechanism_shift,0.795918,0.033555,0.686684,0.005107,0.061172,0.003532,0.046342,0.000853,0.644910,0.001753,0.182894,0.000808,0.046987,0.000677,7,84
oracle_mechanism_retrieval,heldout_mechanism,drawer_pull_with_stiction,friction_mismatch,0.799320,0.025676,0.705918,0.004761,0.045534,0.001037,0.031053,0.000880,0.658286,0.001514,0.173559,0.001938,0.041398,0.002385,7,84
oracle_mechanism_retrieval,heldout_mechanism,drawer_pull_with_stiction,occluded_contact_shift,0.836735,0.026317,0.691695,0.001460,0.053720,0.001085,0.041083,0.001641,0.655303,0.001584,0.176911,0.000828,0.041129,0.000724,7,84
oracle_mechanism_retrieval,heldout_mechanism,drawer_pull_with_stiction,source_matched,0.841837,0.037317,0.710137,0.001357,0.040610,0.003914,0.024405,0.000811,0.659310,0.004257,0.170797,0.000836,0.035432,0.001929,7,84
oracle_mechanism_retrieval,heldout_mechanism,drawer_pull_with_stiction,support_topology_shift,0.812925,0.035901,0.702689,0.004718,0.050726,0.003853,0.035226,0.000585,0.653850,0.004220,0.176334,0.002915,0.043439,0.000651,7,84
oracle_mechanism_retrieval,heldout_mechanism,peg_insert_contact_search,actuator_lag_shift,0.775510,0.039252,0.694654,0.001408,0.056558,0.003883,0.043756,0.002357,0.628447,0.005729,0.180439,0.000888,0.043937,0.000625,7,84
oracle_mechanism_retrieval,heldout_mechanism,peg_insert_contact_search,compliance_shift,0.802721,0.024343,0.701844,0.004769,0.051133,0.001027,0.037457,0.000882,0.632880,0.001500,0.177157,0.000739,0.040752,0.000684,7,84
oracle_mechanism_retrieval,heldout_mechanism,peg_insert_contact_search,compound_mechanism_shift,0.761905,0.033775,0.685493,0.004701,0.058780,0.001104,0.048006,0.001031,0.621714,0.001612,0.181265,0.002467,0.048261,0.000737,7,84
oracle_mechanism_retrieval,heldout_mechanism,peg_insert_contact_search,friction_mismatch,0.756803,0.037019,0.701003,0.003792,0.048924,0.001037,0.034889,0.000581,0.638386,0.001514,0.175903,0.000483,0.038628,0.000691,7,84
oracle_mechanism_retrieval,heldout_mechanism,peg_insert_contact_search,occluded_contact_shift,0.761905,0.030123,0.693688,0.001460,0.055431,0.001085,0.040889,0.002070,0.632951,0.001584,0.179731,0.001063,0.042925,0.000724,7,84
oracle_mechanism_retrieval,heldout_mechanism,peg_insert_contact_search,source_matched,0.799320,0.031151,0.715713,0.001357,0.039862,0.001008,0.028603,0.001117,0.638515,0.001472,0.174957,0.000903,0.037833,0.000671,7,84
oracle_mechanism_retrieval,heldout_mechanism,peg_insert_contact_search,support_topology_shift,0.756803,0.037019,0.700108,0.005127,0.047291,0.001085,0.037703,0.000727,0.629130,0.001584,0.174318,0.000602,0.041712,0.002568,7,84
oracle_mechanism_retrieval,heldout_mechanism,twist_lid_with_force_limit,actuator_lag_shift,0.809524,0.036004,0.698184,0.001421,0.055023,0.003564,0.043105,0.002323,0.618538,0.001683,0.179594,0.000565,0.043546,0.000644,7,84
oracle_mechanism_retrieval,heldout_mechanism,twist_lid_with_force_limit,compliance_shift,0.801020,0.034801,0.698591,0.005178,0.051372,0.001037,0.036548,0.000614,0.628134,0.001514,0.175709,0.000516,0.040431,0.001898,7,84
oracle_mechanism_retrieval,heldout_mechanism,twist_lid_with_force_limit,compound_mechanism_shift,0.795918,0.048151,0.691073,0.001498,0.065642,0.001114,0.050153,0.002595,0.624066,0.004246,0.179158,0.000946,0.045616,0.002350,7,84
oracle_mechanism_retrieval,heldout_mechanism,twist_lid_with_force_limit,friction_mismatch,0.772109,0.061403,0.701142,0.001408,0.049991,0.001047,0.034255,0.001769,0.634849,0.001528,0.174769,0.001359,0.037731,0.000697,7,84
oracle_mechanism_retrieval,heldout_mechanism,twist_lid_with_force_limit,occluded_contact_shift,0.826531,0.026387,0.699346,0.003765,0.055492,0.003845,0.038523,0.000937,0.622800,0.005262,0.178379,0.002313,0.044770,0.000658,7,84
oracle_mechanism_retrieval,heldout_mechanism,twist_lid_with_force_limit,source_matched,0.823129,0.031564,0.714827,0.001370,0.038445,0.001018,0.025957,0.001082,0.631351,0.001486,0.172047,0.000876,0.035235,0.000678,7,84
oracle_mechanism_retrieval,heldout_mechanism,twist_lid_with_force_limit,support_topology_shift,0.799320,0.033166,0.701193,0.001472,0.052497,0.001095,0.038451,0.002024,0.631638,0.001598,0.175563,0.001042,0.039076,0.000730,7,84
oracle_mechanism_retrieval,heldout_object,cable_route_around_hook,actuator_lag_shift,0.746599,0.039675,0.703492,0.001344,0.055074,0.000999,0.041372,0.002868,0.669392,0.001458,0.176748,0.002888,0.044130,0.000665,7,84
oracle_mechanism_retrieval,heldout_object,cable_route_around_hook,compliance_shift,0.743197,0.051135,0.707879,0.001319,0.050977,0.000979,0.033239,0.001034,0.673192,0.001430,0.174781,0.000782,0.037280,0.000651,7,84
oracle_mechanism_retrieval,heldout_object,cable_route_around_hook,compound_mechanism_shift,0.732993,0.036667,0.696214,0.001421,0.058707,0.002840,0.047812,0.002765,0.659574,0.001628,0.180802,0.000776,0.043703,0.000669,7,84
oracle_mechanism_retrieval,heldout_object,cable_route_around_hook,friction_mismatch,0.741497,0.020817,0.711547,0.001331,0.045288,0.000989,0.031780,0.002711,0.673617,0.001444,0.171731,0.001929,0.038491,0.002407,7,84
oracle_mechanism_retrieval,heldout_object,cable_route_around_hook,occluded_contact_shift,0.719388,0.043162,0.701990,0.001395,0.051829,0.003577,0.038350,0.002580,0.663087,0.001655,0.175963,0.002409,0.042811,0.000631,7,84
oracle_mechanism_retrieval,heldout_object,cable_route_around_hook,source_matched,0.767007,0.035224,0.711870,0.003829,0.039158,0.003952,0.026865,0.002013,0.672880,0.004281,0.168403,0.000836,0.035129,0.002696,7,84
oracle_mechanism_retrieval,heldout_object,cable_route_around_hook,support_topology_shift,0.782313,0.024795,0.701269,0.003792,0.050339,0.001037,0.034161,0.000904,0.674120,0.001514,0.172887,0.000756,0.037004,0.001898,7,84
oracle_mechanism_retrieval,heldout_object,cloth_slide_over_edge,actuator_lag_shift,0.760204,0.026667,0.700997,0.004812,0.057951,0.000979,0.039350,0.001032,0.666082,0.004317,0.177765,0.000843,0.040813,0.000651,7,84
oracle_mechanism_retrieval,heldout_object,cloth_slide_over_edge,compliance_shift,0.727891,0.044222,0.699884,0.003829,0.049730,0.003952,0.036741,0.002842,0.661287,0.004281,0.173453,0.000903,0.039143,0.002721,7,84
oracle_mechanism_retrieval,heldout_object,cloth_slide_over_edge,compound_mechanism_shift,0.787415,0.032375,0.687348,0.001395,0.063667,0.001037,0.047663,0.000964,0.664451,0.001514,0.179206,0.000787,0.042956,0.000691,7,84
oracle_mechanism_retrieval,heldout_object,cloth_slide_over_edge,friction_mismatch,0.763605,0.033166,0.710875,0.004821,0.049533,0.000970,0.031747,0.000795,0.672304,0.004323,0.175828,0.000646,0.038397,0.000645,7,84
oracle_mechanism_retrieval,heldout_object,cloth_slide_over_edge,occluded_contact_shift,0.797619,0.026943,0.696772,0.001370,0.056094,0.002854,0.036066,0.002010,0.664376,0.005837,0.173571,0.002008,0.041588,0.002431,7,84
oracle_mechanism_retrieval,heldout_object,cloth_slide_over_edge,source_matched,0.761905,0.046944,0.718957,0.001267,0.042361,0.000941,0.027747,0.000689,0.677765,0.001374,0.168757,0.000507,0.034322,0.002647,7,84
oracle_mechanism_retrieval,heldout_object,cloth_slide_over_edge,support_topology_shift,0.741497,0.033665,0.709772,0.001370,0.047744,0.001018,0.034887,0.000940,0.665394,0.001486,0.174449,0.000763,0.036801,0.000678,7,84
oracle_mechanism_retrieval,heldout_object,drawer_pull_with_stiction,actuator_lag_shift,0.814626,0.030490,0.696911,0.001370,0.055265,0.003906,0.036900,0.001533,0.654690,0.005335,0.174963,0.002038,0.043293,0.001926,7,84
oracle_mechanism_retrieval,heldout_object,drawer_pull_with_stiction,compliance_shift,0.780612,0.030912,0.701600,0.004795,0.053110,0.000999,0.033106,0.002169,0.663897,0.004307,0.172432,0.000556,0.038916,0.002615,7,84
oracle_mechanism_retrieval,heldout_object,drawer_pull_with_stiction,compound_mechanism_shift,0.802721,0.015986,0.688727,0.003774,0.059934,0.001075,0.046362,0.002266,0.654104,0.001570,0.178541,0.000705,0.042432,0.000717,7,84
oracle_mechanism_retrieval,heldout_object,drawer_pull_with_stiction,friction_mismatch,0.821429,0.043801,0.705116,0.003806,0.049023,0.001008,0.029698,0.002564,0.666662,0.004302,0.172142,0.002592,0.040080,0.000671,7,84
oracle_mechanism_retrieval,heldout_object,drawer_pull_with_stiction,occluded_contact_shift,0.792517,0.046627,0.703953,0.001421,0.051567,0.003564,0.040301,0.000840,0.655442,0.004196,0.176091,0.000555,0.039378,0.000644,7,84
oracle_mechanism_retrieval,heldout_object,drawer_pull_with_stiction,source_matched,0.838435,0.037712,0.710466,0.001319,0.041517,0.003616,0.023933,0.000958,0.666489,0.005857,0.171446,0.000954,0.034633,0.000592,7,84
oracle_mechanism_retrieval,heldout_object,drawer_pull_with_stiction,support_topology_shift,0.838435,0.028739,0.700945,0.001421,0.050077,0.001056,0.030735,0.000972,0.663903,0.001542,0.174398,0.002482,0.040431,0.000704,7,84
oracle_mechanism_retrieval,heldout_object,peg_insert_contact_search,actuator_lag_shift,0.761905,0.014402,0.701988,0.001370,0.052483,0.001018,0.039782,0.000821,0.630856,0.001486,0.176784,0.000707,0.039748,0.000678,7,84
oracle_mechanism_retrieval,heldout_object,peg_insert_contact_search,compliance_shift,0.795918,0.027148,0.703000,0.001344,0.047569,0.002861,0.034869,0.000773,0.630890,0.001544,0.176035,0.000708,0.039199,0.000629,7,84
oracle_mechanism_retrieval,heldout_object,peg_insert_contact_search,compound_mechanism_shift,0.790816,0.023805,0.688830,0.001447,0.061997,0.001075,0.044017,0.002020,0.632197,0.001570,0.180733,0.000720,0.044491,0.000717,7,84
oracle_mechanism_retrieval,heldout_object,peg_insert_contact_search,friction_mismatch,0.807823,0.040870,0.708355,0.001357,0.043147,0.002858,0.029504,0.001288,0.633164,0.001558,0.172495,0.001044,0.035560,0.000636,7,84
oracle_mechanism_retrieval,heldout_object,peg_insert_contact_search,occluded_contact_shift,0.789116,0.028674,0.702664,0.004744,0.050872,0.001056,0.036884,0.002555,0.632081,0.001542,0.176326,0.002210,0.041835,0.000704,7,84
oracle_mechanism_retrieval,heldout_object,peg_insert_contact_search,source_matched,0.802721,0.029627,0.717336,0.001319,0.038363,0.000979,0.023913,0.002147,0.642113,0.001430,0.168208,0.000992,0.034264,0.002626,7,84
oracle_mechanism_retrieval,heldout_object,peg_insert_contact_search,support_topology_shift,0.794218,0.043716,0.704230,0.001421,0.052812,0.001056,0.034109,0.000497,0.640405,0.004276,0.171773,0.000390,0.038376,0.002584,7,84
oracle_mechanism_retrieval,heldout_object,twist_lid_with_force_limit,actuator_lag_shift,0.811224,0.024114,0.702238,0.001383,0.051883,0.001027,0.037239,0.000669,0.624929,0.001500,0.174051,0.000584,0.041127,0.002599,7,84
oracle_mechanism_retrieval,heldout_object,twist_lid_with_force_limit,compliance_shift,0.799320,0.032773,0.701041,0.001357,0.050459,0.003914,0.032402,0.000965,0.627485,0.005344,0.172841,0.000986,0.038394,0.002435,7,84
oracle_mechanism_retrieval,heldout_object,twist_lid_with_force_limit,compound_mechanism_shift,0.797619,0.030551,0.695704,0.001460,0.062935,0.003545,0.044608,0.000875,0.623370,0.005736,0.178477,0.002785,0.045780,0.000664,7,84
oracle_mechanism_retrieval,heldout_object,twist_lid_with_force_limit,friction_mismatch,0.809524,0.040092,0.707500,0.001370,0.046864,0.003906,0.027684,0.001164,0.630968,0.005335,0.169877,0.001096,0.038752,0.002449,7,84
oracle_mechanism_retrieval,heldout_object,twist_lid_with_force_limit,occluded_contact_shift,0.799320,0.038921,0.695896,0.001434,0.053584,0.001066,0.035292,0.000922,0.630990,0.001556,0.176348,0.002534,0.042052,0.000711,7,84
oracle_mechanism_retrieval,heldout_object,twist_lid_with_force_limit,source_matched,0.819728,0.030307,0.713169,0.001331,0.037882,0.003609,0.024391,0.000962,0.631213,0.001585,0.171723,0.000872,0.034581,0.000598,7,84
oracle_mechanism_retrieval,heldout_object,twist_lid_with_force_limit,support_topology_shift,0.816327,0.031740,0.708896,0.001434,0.048664,0.003868,0.034051,0.000968,0.629297,0.005246,0.171629,0.001002,0.038469,0.002663,7,84
oracle_mechanism_retrieval,seen_corpus,cable_route_around_hook,actuator_lag_shift,0.772109,0.017951,0.704477,0.001306,0.050918,0.000970,0.035759,0.002447,0.671649,0.001416,0.171527,0.000693,0.036515,0.002416,7,84
oracle_mechanism_retrieval,seen_corpus,cable_route_around_hook,compliance_shift,0.790816,0.024343,0.714120,0.001280,0.050763,0.000951,0.032395,0.000583,0.681204,0.001388,0.170735,0.002824,0.038082,0.000632,7,84
oracle_mechanism_retrieval,seen_corpus,cable_route_around_hook,compound_mechanism_shift,0.755102,0.018954,0.697774,0.001383,0.060128,0.003898,0.041830,0.002453,0.667402,0.005326,0.174773,0.002597,0.042194,0.000612,7,84
oracle_mechanism_retrieval,seen_corpus,cable_route_around_hook,friction_mismatch,0.731293,0.039721,0.714835,0.001293,0.042860,0.000960,0.025877,0.001128,0.678398,0.001402,0.170449,0.000889,0.032059,0.000638,7,84
oracle_mechanism_retrieval,seen_corpus,cable_route_around_hook,occluded_contact_shift,0.784014,0.037908,0.709190,0.001357,0.048904,0.001008,0.035156,0.001271,0.672288,0.001472,0.173302,0.001009,0.036040,0.000671,7,84
oracle_mechanism_retrieval,seen_corpus,cable_route_around_hook,source_matched,0.807823,0.036868,0.720864,0.001255,0.037578,0.000931,0.021714,0.000761,0.684045,0.001360,0.164686,0.002105,0.032709,0.001925,7,84
oracle_mechanism_retrieval,seen_corpus,cable_route_around_hook,support_topology_shift,0.785714,0.026943,0.710475,0.005208,0.048919,0.001008,0.033307,0.000742,0.680372,0.001472,0.173230,0.000628,0.035837,0.000671,7,84
oracle_mechanism_retrieval,seen_corpus,cloth_slide_over_edge,actuator_lag_shift,0.765306,0.028674,0.705120,0.005269,0.054483,0.003635,0.038077,0.002168,0.666710,0.005890,0.171019,0.000872,0.037119,0.002679,7,84
oracle_mechanism_retrieval,seen_corpus,cloth_slide_over_edge,compliance_shift,0.792517,0.041633,0.709264,0.001255,0.048489,0.000931,0.032498,0.001434,0.672884,0.001360,0.168501,0.001124,0.035831,0.002652,7,84
oracle_mechanism_retrieval,seen_corpus,cloth_slide_over_edge,compound_mechanism_shift,0.792517,0.042557,0.694334,0.001357,0.062346,0.002858,0.039978,0.001068,0.665641,0.005848,0.172747,0.000918,0.039589,0.002627,7,84
oracle_mechanism_retrieval,seen_corpus,cloth_slide_over_edge,friction_mismatch,0.744898,0.030490,0.712729,0.004847,0.042648,0.003642,0.026128,0.002182,0.667943,0.001515,0.170567,0.000788,0.032364,0.000565,7,84
oracle_mechanism_retrieval,seen_corpus,cloth_slide_over_edge,occluded_contact_shift,0.734694,0.040000,0.709398,0.001331,0.050428,0.000989,0.035666,0.002951,0.669513,0.001444,0.170884,0.001672,0.037533,0.002407,7,84
oracle_mechanism_retrieval,seen_corpus,cloth_slide_over_edge,source_matched,0.802721,0.030490,0.719656,0.001229,0.038040,0.000912,0.022839,0.002475,0.679719,0.001332,0.166658,0.000646,0.028901,0.000605,7,84
oracle_mechanism_retrieval,seen_corpus,cloth_slide_over_edge,support_topology_shift,0.775510,0.019341,0.710683,0.005228,0.050443,0.000989,0.028461,0.000781,0.677597,0.001444,0.169121,0.000668,0.033899,0.002407,7,84
oracle_mechanism_retrieval,seen_corpus,drawer_pull_with_stiction,actuator_lag_shift,0.835034,0.014782,0.707373,0.001331,0.051488,0.000989,0.037361,0.000699,0.662481,0.001444,0.172396,0.002701,0.039419,0.000658,7,84
oracle_mechanism_retrieval,seen_corpus,drawer_pull_with_stiction,compliance_shift,0.814626,0.047997,0.712744,0.001306,0.048129,0.000970,0.027829,0.000989,0.667359,0.001416,0.170015,0.000755,0.033074,0.000645,7,84
oracle_mechanism_retrieval,seen_corpus,drawer_pull_with_stiction,compound_mechanism_shift,0.794218,0.025820,0.697478,0.001408,0.061734,0.002844,0.043534,0.000769,0.662320,0.005303,0.174379,0.000777,0.037803,0.000662,7,84
oracle_mechanism_retrieval,seen_corpus,drawer_pull_with_stiction,friction_mismatch,0.826531,0.027822,0.715595,0.001319,0.041828,0.000979,0.027931,0.001824,0.666891,0.001430,0.168654,0.002764,0.036153,0.000651,7,84
oracle_mechanism_retrieval,seen_corpus,drawer_pull_with_stiction,occluded_contact_shift,0.784014,0.040870,0.704622,0.001383,0.054167,0.002851,0.035779,0.002834,0.664826,0.005826,0.174750,0.000645,0.037583,0.000649,7,84
oracle_mechanism_retrieval,seen_corpus,drawer_pull_with_stiction,source_matched,0.806122,0.035172,0.719790,0.004838,0.038601,0.003960,0.022657,0.002341,0.667820,0.004312,0.164474,0.000924,0.030205,0.002701,7,84
oracle_mechanism_retrieval,seen_corpus,drawer_pull_with_stiction,support_topology_shift,0.816327,0.036311,0.715054,0.001383,0.043891,0.001027,0.027973,0.002001,0.663031,0.001500,0.169676,0.002610,0.037194,0.000684,7,84
oracle_mechanism_retrieval,seen_corpus,peg_insert_contact_search,actuator_lag_shift,0.777211,0.046587,0.702299,0.004804,0.056594,0.000989,0.034748,0.001433,0.639791,0.005441,0.172708,0.001118,0.035583,0.000658,7,84
oracle_mechanism_retrieval,seen_corpus,peg_insert_contact_search,compliance_shift,0.835034,0.035066,0.706279,0.003825,0.048761,0.003944,0.031768,0.000518,0.638137,0.005381,0.170823,0.002977,0.037610,0.000572,7,84
oracle_mechanism_retrieval,seen_corpus,peg_insert_contact_search,compound_mechanism_shift,0.809524,0.028803,0.701150,0.001408,0.057964,0.003570,0.042023,0.002588,0.629242,0.001669,0.176897,0.000882,0.040467,0.000637,7,84
oracle_mechanism_retrieval,seen_corpus,peg_insert_contact_search,friction_mismatch,0.806122,0.021430,0.715543,0.005238,0.047270,0.000979,0.025963,0.000515,0.647263,0.004317,0.169809,0.000475,0.032547,0.000651,7,84
oracle_mechanism_retrieval,seen_corpus,peg_insert_contact_search,occluded_contact_shift,0.806122,0.040000,0.709190,0.001383,0.047638,0.001027,0.032086,0.001269,0.635439,0.001500,0.169617,0.001005,0.036072,0.002599,7,84
oracle_mechanism_retrieval,seen_corpus,peg_insert_contact_search,source_matched,0.806122,0.024795,0.723368,0.001280,0.038190,0.000951,0.020514,0.000758,0.649938,0.001388,0.169446,0.000636,0.031739,0.000632,7,84
oracle_mechanism_retrieval,seen_corpus,peg_insert_contact_search,support_topology_shift,0.806122,0.039016,0.710475,0.005188,0.047653,0.001027,0.030271,0.001024,0.643524,0.001500,0.169569,0.000816,0.032438,0.000684,7,84
oracle_mechanism_retrieval,seen_corpus,twist_lid_with_force_limit,actuator_lag_shift,0.801020,0.025820,0.708422,0.003810,0.053498,0.000999,0.036589,0.002622,0.635416,0.001458,0.173228,0.002596,0.039811,0.000665,7,84
oracle_mechanism_retrieval,seen_corpus,twist_lid_with_force_limit,compliance_shift,0.804422,0.027822,0.714768,0.001319,0.049155,0.000979,0.028138,0.000656,0.638857,0.001430,0.169858,0.000558,0.032793,0.000651,7,84
oracle_mechanism_retrieval,seen_corpus,twist_lid_with_force_limit,compound_mechanism_shift,0.801020,0.022608,0.700177,0.004744,0.056405,0.001056,0.042220,0.002660,0.627113,0.001542,0.176608,0.000780,0.040031,0.000704,7,84
oracle_mechanism_retrieval,seen_corpus,twist_lid_with_force_limit,friction_mismatch,0.823129,0.017213,0.718275,0.001331,0.043346,0.000989,0.027326,0.002336,0.639107,0.001444,0.168730,0.002647,0.036208,0.000658,7,84
oracle_mechanism_retrieval,seen_corpus,twist_lid_with_force_limit,occluded_contact_shift,0.806122,0.041589,0.710582,0.001395,0.047854,0.001037,0.031143,0.001160,0.630755,0.001514,0.171535,0.002298,0.039137,0.000691,7,84
oracle_mechanism_retrieval,seen_corpus,twist_lid_with_force_limit,source_matched,0.848639,0.023727,0.718215,0.003829,0.038643,0.003952,0.022325,0.000698,0.637881,0.004307,0.164066,0.002066,0.032680,0.001942,7,84
oracle_mechanism_retrieval,seen_corpus,twist_lid_with_force_limit,support_topology_shift,0.835034,0.016443,0.707293,0.003792,0.047869,0.001037,0.028749,0.000952,0.638839,0.001514,0.167652,0.000804,0.034360,0.002594,7,84
proposed_mechanism_retrieval_controller,combined_stress,cable_route_around_hook,actuator_lag_shift,0.664966,0.050259,0.605306,0.001524,0.123524,0.001133,0.067937,0.001032,0.587347,0.001654,0.243040,0.000803,0.071968,0.000757,7,84
proposed_mechanism_retrieval_controller,combined_stress,cable_route_around_hook,compliance_shift,0.613946,0.026387,0.610321,0.005097,0.116973,0.003830,0.063173,0.001896,0.584233,0.004207,0.240910,0.001023,0.068818,0.000671,7,84
proposed_mechanism_retrieval_controller,combined_stress,cable_route_around_hook,compound_mechanism_shift,0.588435,0.051135,0.596864,0.005017,0.132840,0.001191,0.078911,0.002556,0.586285,0.001738,0.246250,0.002349,0.075636,0.000796,7,84
proposed_mechanism_retrieval_controller,combined_stress,cable_route_around_hook,friction_mismatch,0.646259,0.023727,0.618616,0.001511,0.115262,0.001123,0.062503,0.000936,0.594852,0.004241,0.237412,0.002459,0.068985,0.002346,7,84
proposed_mechanism_retrieval_controller,combined_stress,cable_route_around_hook,occluded_contact_shift,0.598639,0.030429,0.601476,0.001575,0.123073,0.003488,0.068174,0.000882,0.586030,0.005639,0.241639,0.000856,0.069536,0.000723,7,84
proposed_mechanism_retrieval_controller,combined_stress,cable_route_around_hook,source_matched,0.654762,0.031798,0.625094,0.003765,0.103357,0.003845,0.052569,0.000712,0.590979,0.004215,0.237399,0.001984,0.066309,0.000658,7,84
proposed_mechanism_retrieval_controller,combined_stress,cable_route_around_hook,support_topology_shift,0.656463,0.027622,0.610452,0.001575,0.114127,0.002802,0.063802,0.000996,0.585116,0.001796,0.240053,0.000879,0.068443,0.000747,7,84
proposed_mechanism_retrieval_controller,combined_stress,cloth_slide_over_edge,actuator_lag_shift,0.613946,0.027822,0.602553,0.004693,0.120863,0.002821,0.067746,0.000617,0.576218,0.001712,0.243560,0.000621,0.071715,0.000708,7,84
proposed_mechanism_retrieval_controller,combined_stress,cloth_slide_over_edge,compliance_shift,0.637755,0.020276,0.613502,0.001472,0.118763,0.003539,0.062500,0.000612,0.582175,0.005725,0.242206,0.000765,0.070469,0.000670,7,84
proposed_mechanism_retrieval_controller,combined_stress,cloth_slide_over_edge,compound_mechanism_shift,0.629252,0.037908,0.599175,0.004643,0.132262,0.001171,0.076141,0.002453,0.580769,0.001710,0.242298,0.001837,0.074522,0.002522,7,84
proposed_mechanism_retrieval_controller,combined_stress,cloth_slide_over_edge,friction_mismatch,0.625850,0.028284,0.613113,0.001485,0.112253,0.001104,0.062586,0.000787,0.588361,0.001612,0.236127,0.000673,0.067350,0.002558,7,84
proposed_mechanism_retrieval_controller,combined_stress,cloth_slide_over_edge,occluded_contact_shift,0.654762,0.049366,0.602860,0.001549,0.120086,0.003501,0.070171,0.001198,0.576996,0.001823,0.240440,0.002368,0.072489,0.001872,7,84
proposed_mechanism_retrieval_controller,combined_stress,cloth_slide_over_edge,source_matched,0.697279,0.044054,0.625063,0.003774,0.102738,0.003551,0.054308,0.000854,0.585403,0.001711,0.233396,0.000767,0.064023,0.002444,7,84
proposed_mechanism_retrieval_controller,combined_stress,cloth_slide_over_edge,support_topology_shift,0.596939,0.021858,0.611836,0.001549,0.114570,0.001152,0.066083,0.002338,0.583664,0.001682,0.238187,0.002011,0.070315,0.002333,7,84
proposed_mechanism_retrieval_controller,combined_stress,drawer_pull_with_stiction,actuator_lag_shift,0.715986,0.031151,0.603801,0.005057,0.126990,0.001152,0.067569,0.001171,0.578139,0.005281,0.241397,0.000960,0.071073,0.000770,7,84
proposed_mechanism_retrieval_controller,combined_stress,drawer_pull_with_stiction,compliance_shift,0.666667,0.045256,0.604544,0.001524,0.115520,0.003513,0.064840,0.002765,0.575561,0.004159,0.237106,0.000779,0.069129,0.002596,7,84
proposed_mechanism_retrieval_controller,combined_stress,drawer_pull_with_stiction,compound_mechanism_shift,0.688776,0.030732,0.594454,0.001626,0.133913,0.001210,0.076924,0.000809,0.576153,0.004200,0.243463,0.000700,0.073102,0.000809,7,84
proposed_mechanism_retrieval_controller,combined_stress,drawer_pull_with_stiction,friction_mismatch,0.744898,0.039721,0.612689,0.004668,0.113696,0.003507,0.059737,0.000839,0.580869,0.005671,0.237463,0.002370,0.069218,0.000703,7,84
proposed_mechanism_retrieval_controller,combined_stress,drawer_pull_with_stiction,occluded_contact_shift,0.727891,0.036515,0.601654,0.001600,0.124372,0.001191,0.066920,0.002303,0.578801,0.005245,0.239741,0.002393,0.072874,0.000796,7,84
proposed_mechanism_retrieval_controller,combined_stress,drawer_pull_with_stiction,source_matched,0.712585,0.038586,0.626480,0.001498,0.107276,0.001114,0.054687,0.002197,0.587576,0.005318,0.232531,0.001127,0.064580,0.002553,7,84
proposed_mechanism_retrieval_controller,combined_stress,drawer_pull_with_stiction,support_topology_shift,0.702381,0.030551,0.610630,0.001600,0.115426,0.003770,0.061928,0.002446,0.577888,0.005129,0.238179,0.002440,0.070637,0.001870,7,84
proposed_mechanism_retrieval_controller,combined_stress,peg_insert_contact_search,actuator_lag_shift,0.659864,0.030062,0.605057,0.005057,0.126221,0.001152,0.068677,0.000540,0.555027,0.004227,0.242324,0.000503,0.071186,0.000770,7,84
proposed_mechanism_retrieval_controller,combined_stress,peg_insert_contact_search,compliance_shift,0.675170,0.045745,0.606696,0.003748,0.115424,0.003513,0.064011,0.003303,0.548284,0.001795,0.237577,0.000528,0.068559,0.002418,7,84
proposed_mechanism_retrieval_controller,combined_stress,peg_insert_contact_search,compound_mechanism_shift,0.642857,0.032998,0.597596,0.004997,0.131128,0.001210,0.076333,0.001208,0.550098,0.001766,0.242903,0.000992,0.071835,0.000809,7,84
proposed_mechanism_retrieval_controller,combined_stress,peg_insert_contact_search,friction_mismatch,0.681973,0.034048,0.614393,0.005067,0.113263,0.003507,0.061231,0.001007,0.555675,0.005671,0.237566,0.002642,0.069561,0.000703,7,84
proposed_mechanism_retrieval_controller,combined_stress,peg_insert_contact_search,occluded_contact_shift,0.636054,0.039721,0.605692,0.005017,0.122259,0.001191,0.070033,0.001609,0.556300,0.001738,0.241416,0.002372,0.072067,0.000796,7,84
proposed_mechanism_retrieval_controller,combined_stress,peg_insert_contact_search,source_matched,0.693878,0.051099,0.624954,0.003756,0.106136,0.002821,0.053628,0.003256,0.561350,0.005727,0.233831,0.000788,0.062153,0.000708,7,84
proposed_mechanism_retrieval_controller,combined_stress,peg_insert_contact_search,support_topology_shift,0.680272,0.032773,0.607807,0.001600,0.118459,0.002796,0.064033,0.002463,0.555181,0.005640,0.238877,0.002446,0.071067,0.000760,7,84
proposed_mechanism_retrieval_controller,combined_stress,twist_lid_with_force_limit,actuator_lag_shift,0.671769,0.017533,0.606939,0.004651,0.125297,0.001162,0.066582,0.001014,0.550976,0.001696,0.239896,0.000864,0.070061,0.001869,7,84
proposed_mechanism_retrieval_controller,combined_stress,twist_lid_with_force_limit,compliance_shift,0.710884,0.038682,0.608657,0.005067,0.119704,0.002811,0.064156,0.001352,0.549260,0.005694,0.240572,0.001976,0.070997,0.000728,7,84
proposed_mechanism_retrieval_controller,combined_stress,twist_lid_with_force_limit,compound_mechanism_shift,0.612245,0.036311,0.596955,0.001639,0.133457,0.002787,0.078644,0.000752,0.543079,0.005607,0.244383,0.000714,0.072937,0.000780,7,84
proposed_mechanism_retrieval_controller,combined_stress,twist_lid_with_force_limit,friction_mismatch,0.698980,0.022608,0.615171,0.005057,0.114941,0.001152,0.058677,0.001100,0.555424,0.004227,0.237946,0.000920,0.066787,0.000770,7,84
proposed_mechanism_retrieval_controller,combined_stress,twist_lid_with_force_limit,occluded_contact_shift,0.656463,0.036515,0.602843,0.001613,0.124647,0.001200,0.069080,0.002970,0.549367,0.005236,0.242221,0.002082,0.072066,0.000803,7,84
proposed_mechanism_retrieval_controller,combined_stress,twist_lid_with_force_limit,source_matched,0.715986,0.045092,0.622420,0.001511,0.103615,0.001123,0.052431,0.001461,0.557541,0.001640,0.237056,0.001155,0.065651,0.000750,7,84
proposed_mechanism_retrieval_controller,combined_stress,twist_lid_with_force_limit,support_topology_shift,0.700680,0.053020,0.611819,0.001613,0.115701,0.003763,0.062694,0.002057,0.545881,0.004170,0.238539,0.002262,0.070973,0.000730,7,84
proposed_mechanism_retrieval_controller,cross_embodiment,cable_route_around_hook,actuator_lag_shift,0.639456,0.041589,0.614179,0.001536,0.117814,0.001143,0.062811,0.001235,0.594496,0.001668,0.237687,0.000988,0.065657,0.000763,7,84
proposed_mechanism_retrieval_controller,cross_embodiment,cable_route_around_hook,compliance_shift,0.680272,0.017213,0.617442,0.005087,0.113379,0.003520,0.060067,0.002756,0.594472,0.005693,0.233395,0.000750,0.063956,0.002366,7,84
proposed_mechanism_retrieval_controller,cross_embodiment,cable_route_around_hook,compound_mechanism_shift,0.578231,0.027822,0.604021,0.001613,0.125843,0.003763,0.071380,0.002335,0.588981,0.005555,0.239824,0.002326,0.070730,0.001880,7,84
proposed_mechanism_retrieval_controller,cross_embodiment,cable_route_around_hook,friction_mismatch,0.637755,0.044638,0.626722,0.001524,0.108976,0.001133,0.056610,0.001438,0.603733,0.001654,0.234866,0.002246,0.064566,0.000757,7,84
proposed_mechanism_retrieval_controller,cross_embodiment,cable_route_around_hook,occluded_contact_shift,0.622449,0.033278,0.613613,0.001588,0.112951,0.002799,0.063362,0.000895,0.589309,0.001810,0.237227,0.000857,0.064777,0.000754,7,84
proposed_mechanism_retrieval_controller,cross_embodiment,cable_route_around_hook,source_matched,0.639456,0.050332,0.632822,0.001485,0.101934,0.001104,0.050418,0.003117,0.604386,0.005328,0.231330,0.001019,0.058359,0.000737,7,84
proposed_mechanism_retrieval_controller,cross_embodiment,cable_route_around_hook,support_topology_shift,0.668367,0.026667,0.621158,0.003728,0.109792,0.001181,0.060091,0.001195,0.596845,0.001724,0.236236,0.000989,0.064216,0.000789,7,84
proposed_mechanism_retrieval_controller,cross_embodiment,cloth_slide_over_edge,actuator_lag_shift,0.634354,0.058878,0.611835,0.005087,0.117254,0.003823,0.064377,0.003668,0.583758,0.004202,0.236681,0.000907,0.064563,0.000677,7,84
proposed_mechanism_retrieval_controller,cross_embodiment,cloth_slide_over_edge,compliance_shift,0.666667,0.042904,0.618746,0.001485,0.113841,0.001104,0.060274,0.002692,0.595514,0.001612,0.234332,0.000978,0.062417,0.000737,7,84
proposed_mechanism_retrieval_controller,cross_embodiment,cloth_slide_over_edge,compound_mechanism_shift,0.666667,0.020994,0.602167,0.003728,0.129081,0.001181,0.069319,0.002094,0.586360,0.005254,0.236611,0.000728,0.068806,0.002517,7,84
proposed_mechanism_retrieval_controller,cross_embodiment,cloth_slide_over_edge,friction_mismatch,0.659864,0.036667,0.619341,0.001498,0.104639,0.001114,0.054831,0.001340,0.592624,0.001626,0.234392,0.002350,0.064315,0.000743,7,84
proposed_mechanism_retrieval_controller,cross_embodiment,cloth_slide_over_edge,occluded_contact_shift,0.630952,0.019720,0.613120,0.001562,0.112065,0.001162,0.065558,0.000948,0.585811,0.001696,0.236956,0.002464,0.068033,0.000776,7,84
proposed_mechanism_retrieval_controller,cross_embodiment,cloth_slide_over_edge,source_matched,0.712585,0.023014,0.630914,0.001460,0.101700,0.001085,0.046088,0.000567,0.599270,0.005346,0.232877,0.000527,0.060919,0.000724,7,84
proposed_mechanism_retrieval_controller,cross_embodiment,cloth_slide_over_edge,support_topology_shift,0.692177,0.053264,0.622952,0.001562,0.110621,0.001162,0.058679,0.002560,0.593279,0.001696,0.232321,0.001992,0.065216,0.002329,7,84
proposed_mechanism_retrieval_controller,cross_embodiment,drawer_pull_with_stiction,actuator_lag_shift,0.705782,0.039347,0.607806,0.001562,0.117840,0.003793,0.062946,0.001136,0.582560,0.005598,0.236977,0.001111,0.065857,0.000703,7,84
proposed_mechanism_retrieval_controller,cross_embodiment,drawer_pull_with_stiction,compliance_shift,0.715986,0.059691,0.613658,0.001536,0.110202,0.003507,0.060725,0.001750,0.580430,0.001809,0.233265,0.002306,0.066536,0.001874,7,84
proposed_mechanism_retrieval_controller,cross_embodiment,drawer_pull_with_stiction,compound_mechanism_shift,0.738095,0.032998,0.610464,0.001639,0.121761,0.001219,0.068884,0.002157,0.576191,0.001780,0.238496,0.002253,0.070404,0.000816,7,84
proposed_mechanism_retrieval_controller,cross_embodiment,drawer_pull_with_stiction,friction_mismatch,0.744898,0.026387,0.618213,0.001549,0.105685,0.003800,0.054612,0.000595,0.584380,0.004190,0.234804,0.000745,0.063638,0.000697,7,84
proposed_mechanism_retrieval_controller,cross_embodiment,drawer_pull_with_stiction,occluded_contact_shift,0.683673,0.030062,0.615784,0.001613,0.114240,0.003470,0.059963,0.000865,0.579215,0.001893,0.234000,0.001930,0.065842,0.002542,7,84
proposed_mechanism_retrieval_controller,cross_embodiment,drawer_pull_with_stiction,source_matched,0.739796,0.026667,0.633914,0.001511,0.100698,0.001123,0.048936,0.001222,0.598324,0.001640,0.229303,0.002333,0.062269,0.000750,7,84
proposed_mechanism_retrieval_controller,cross_embodiment,drawer_pull_with_stiction,support_topology_shift,0.736395,0.038586,0.621042,0.004618,0.109366,0.001200,0.056427,0.001105,0.586820,0.001752,0.231770,0.000901,0.062963,0.002312,7,84
proposed_mechanism_retrieval_controller,cross_embodiment,peg_insert_contact_search,actuator_lag_shift,0.685374,0.050881,0.610830,0.004651,0.120218,0.002805,0.063353,0.001187,0.558756,0.005672,0.237221,0.000897,0.065848,0.000741,7,84
proposed_mechanism_retrieval_controller,cross_embodiment,peg_insert_contact_search,compliance_shift,0.714286,0.054603,0.613003,0.001536,0.109821,0.003507,0.059855,0.002488,0.555172,0.001809,0.232551,0.002054,0.065782,0.002357,7,84
proposed_mechanism_retrieval_controller,cross_embodiment,peg_insert_contact_search,compound_mechanism_shift,0.653061,0.042426,0.606226,0.001639,0.125552,0.003748,0.072776,0.002481,0.554452,0.005534,0.240587,0.000706,0.069076,0.000743,7,84
proposed_mechanism_retrieval_controller,cross_embodiment,peg_insert_contact_search,friction_mismatch,0.619048,0.029690,0.619397,0.003740,0.106683,0.003800,0.057248,0.000860,0.561136,0.005208,0.235604,0.001784,0.063828,0.000697,7,84
proposed_mechanism_retrieval_controller,cross_embodiment,peg_insert_contact_search,occluded_contact_shift,0.683673,0.020276,0.612442,0.001613,0.116989,0.003470,0.061380,0.002026,0.558527,0.005607,0.235348,0.002430,0.067230,0.001897,7,84
proposed_mechanism_retrieval_controller,cross_embodiment,peg_insert_contact_search,source_matched,0.710884,0.037663,0.634155,0.001511,0.100989,0.001123,0.050252,0.000570,0.571475,0.004241,0.228274,0.002268,0.060831,0.002346,7,84
proposed_mechanism_retrieval_controller,cross_embodiment,peg_insert_contact_search,support_topology_shift,0.687075,0.041276,0.622274,0.001613,0.106970,0.001200,0.056157,0.001185,0.558619,0.001752,0.232666,0.001865,0.064259,0.002507,7,84
proposed_mechanism_retrieval_controller,cross_embodiment,twist_lid_with_force_limit,actuator_lag_shift,0.678571,0.049103,0.609287,0.003732,0.120089,0.002802,0.062243,0.001417,0.553382,0.005661,0.235582,0.001171,0.065261,0.001865,7,84
proposed_mechanism_retrieval_controller,cross_embodiment,twist_lid_with_force_limit,compliance_shift,0.698980,0.036968,0.613826,0.003740,0.113182,0.003501,0.059217,0.000874,0.554892,0.005660,0.236787,0.000784,0.065297,0.000710,7,84
proposed_mechanism_retrieval_controller,cross_embodiment,twist_lid_with_force_limit,compound_mechanism_shift,0.670068,0.024267,0.606733,0.004978,0.123531,0.001229,0.068643,0.001646,0.548887,0.001794,0.239640,0.002424,0.070624,0.000822,7,84
proposed_mechanism_retrieval_controller,cross_embodiment,twist_lid_with_force_limit,friction_mismatch,0.673469,0.043162,0.619037,0.003736,0.107442,0.003495,0.054429,0.000831,0.559630,0.005610,0.233700,0.000814,0.061562,0.000716,7,84
proposed_mechanism_retrieval_controller,cross_embodiment,twist_lid_with_force_limit,occluded_contact_shift,0.678571,0.033389,0.617602,0.001626,0.113311,0.002790,0.059891,0.000971,0.550544,0.001852,0.234750,0.002112,0.066501,0.002315,7,84
proposed_mechanism_retrieval_controller,cross_embodiment,twist_lid_with_force_limit,source_matched,0.731293,0.046904,0.630483,0.001524,0.097548,0.001133,0.046142,0.001295,0.563838,0.001654,0.230907,0.001021,0.059120,0.000757,7,84
proposed_mechanism_retrieval_controller,cross_embodiment,twist_lid_with_force_limit,support_topology_shift,0.693878,0.038345,0.618286,0.004997,0.110153,0.001210,0.057232,0.001528,0.558080,0.001766,0.231901,0.001228,0.063653,0.002502,7,84
proposed_mechanism_retrieval_controller,heldout_mechanism,cable_route_around_hook,actuator_lag_shift,0.624150,0.012323,0.615052,0.001549,0.111966,0.001152,0.063508,0.002434,0.593811,0.001682,0.233715,0.001958,0.064544,0.002532,7,84
proposed_mechanism_retrieval_controller,heldout_mechanism,cable_route_around_hook,compliance_shift,0.658163,0.043716,0.623423,0.001524,0.109648,0.001133,0.056752,0.000677,0.602022,0.001654,0.235503,0.000547,0.063148,0.000757,7,84
proposed_mechanism_retrieval_controller,heldout_mechanism,cable_route_around_hook,compound_mechanism_shift,0.595238,0.042601,0.610038,0.001626,0.122138,0.003755,0.068446,0.001798,0.588852,0.004166,0.237972,0.002137,0.068797,0.000736,7,84
proposed_mechanism_retrieval_controller,heldout_mechanism,cable_route_around_hook,friction_mismatch,0.644558,0.037218,0.626827,0.001536,0.102552,0.001143,0.050720,0.000954,0.602207,0.001668,0.231345,0.000781,0.058484,0.000763,7,84
proposed_mechanism_retrieval_controller,heldout_mechanism,cable_route_around_hook,occluded_contact_shift,0.688776,0.030732,0.617750,0.001600,0.111266,0.003476,0.058653,0.000664,0.592129,0.001879,0.232601,0.000689,0.060797,0.000736,7,84
proposed_mechanism_retrieval_controller,heldout_mechanism,cable_route_around_hook,source_matched,0.670068,0.044887,0.630263,0.001498,0.093512,0.001114,0.046000,0.000979,0.605088,0.001626,0.229574,0.002402,0.058914,0.000743,7,84
proposed_mechanism_retrieval_controller,heldout_mechanism,cable_route_around_hook,support_topology_shift,0.670068,0.030852,0.623864,0.004626,0.107035,0.001191,0.057022,0.001044,0.600671,0.001738,0.232943,0.000870,0.060645,0.000796,7,84
proposed_mechanism_retrieval_controller,heldout_mechanism,cloth_slide_over_edge,actuator_lag_shift,0.668367,0.035798,0.620001,0.001524,0.116921,0.001133,0.062446,0.001135,0.596209,0.001654,0.235699,0.002247,0.066086,0.000757,7,84
proposed_mechanism_retrieval_controller,heldout_mechanism,cloth_slide_over_edge,compliance_shift,0.688776,0.048952,0.618299,0.003756,0.105333,0.001114,0.054804,0.001219,0.590886,0.001626,0.234927,0.000954,0.062918,0.000743,7,84
proposed_mechanism_retrieval_controller,heldout_mechanism,cloth_slide_over_edge,compound_mechanism_shift,0.624150,0.050111,0.606329,0.003724,0.125746,0.001191,0.068978,0.002714,0.591856,0.004209,0.236984,0.002665,0.068274,0.001863,7,84
proposed_mechanism_retrieval_controller,heldout_mechanism,cloth_slide_over_edge,friction_mismatch,0.698980,0.026805,0.626738,0.005087,0.103730,0.003823,0.052370,0.002933,0.596517,0.005642,0.229523,0.000777,0.058584,0.001886,7,84
proposed_mechanism_retrieval_controller,heldout_mechanism,cloth_slide_over_edge,occluded_contact_shift,0.663265,0.033665,0.615402,0.001575,0.112465,0.003785,0.060774,0.000991,0.589042,0.004182,0.235343,0.001010,0.063198,0.000710,7,84
proposed_mechanism_retrieval_controller,heldout_mechanism,cloth_slide_over_edge,source_matched,0.700680,0.031151,0.631074,0.004710,0.091933,0.001095,0.046081,0.001013,0.597947,0.001598,0.226248,0.001932,0.058270,0.002359,7,84
proposed_mechanism_retrieval_controller,heldout_mechanism,cloth_slide_over_edge,support_topology_shift,0.656463,0.032375,0.626090,0.001575,0.106518,0.001171,0.058776,0.001126,0.595081,0.001710,0.233231,0.002277,0.063015,0.000783,7,84
proposed_mechanism_retrieval_controller,heldout_mechanism,drawer_pull_with_stiction,actuator_lag_shift,0.715986,0.027622,0.613020,0.003732,0.117084,0.002802,0.058866,0.000978,0.586576,0.005661,0.232620,0.000871,0.062525,0.001865,7,84
proposed_mechanism_retrieval_controller,heldout_mechanism,drawer_pull_with_stiction,compliance_shift,0.717687,0.031681,0.619406,0.004659,0.109847,0.003501,0.055969,0.000832,0.590177,0.005620,0.233867,0.000845,0.062335,0.000710,7,84
proposed_mechanism_retrieval_controller,heldout_mechanism,drawer_pull_with_stiction,compound_mechanism_shift,0.670068,0.042208,0.609388,0.004978,0.121432,0.001229,0.066685,0.001918,0.583404,0.001794,0.236662,0.002922,0.068507,0.000822,7,84
proposed_mechanism_retrieval_controller,heldout_mechanism,drawer_pull_with_stiction,friction_mismatch,0.715986,0.045379,0.622659,0.003736,0.106068,0.002805,0.051015,0.001240,0.592632,0.005672,0.230610,0.000950,0.058799,0.000741,7,84
proposed_mechanism_retrieval_controller,heldout_mechanism,drawer_pull_with_stiction,occluded_contact_shift,0.704082,0.028996,0.621975,0.001626,0.109071,0.001210,0.056979,0.000648,0.584507,0.001766,0.232275,0.002383,0.064062,0.002307,7,84
proposed_mechanism_retrieval_controller,heldout_mechanism,drawer_pull_with_stiction,source_matched,0.700680,0.017951,0.633409,0.001524,0.093937,0.001133,0.043676,0.000706,0.596147,0.001654,0.228493,0.000639,0.055968,0.000757,7,84
proposed_mechanism_retrieval_controller,heldout_mechanism,drawer_pull_with_stiction,support_topology_shift,0.714286,0.026458,0.621229,0.004610,0.108270,0.001210,0.055027,0.001031,0.592912,0.001766,0.229925,0.000870,0.060541,0.002307,7,84
proposed_mechanism_retrieval_controller,heldout_mechanism,peg_insert_contact_search,actuator_lag_shift,0.710884,0.038345,0.615555,0.005037,0.117440,0.001171,0.058590,0.001345,0.564887,0.004218,0.232448,0.001083,0.062281,0.001867,7,84
proposed_mechanism_retrieval_controller,heldout_mechanism,peg_insert_contact_search,compliance_shift,0.692177,0.036868,0.620550,0.005057,0.110875,0.002808,0.056600,0.001036,0.566897,0.005202,0.234429,0.001006,0.062551,0.000734,7,84
proposed_mechanism_retrieval_controller,heldout_mechanism,peg_insert_contact_search,compound_mechanism_shift,0.676871,0.031972,0.613808,0.001652,0.119772,0.002784,0.068107,0.002712,0.553626,0.001880,0.238409,0.001027,0.066883,0.000787,7,84
proposed_mechanism_retrieval_controller,heldout_mechanism,peg_insert_contact_search,friction_mismatch,0.748299,0.036868,0.625641,0.005047,0.106760,0.001162,0.050241,0.000815,0.568861,0.005272,0.230138,0.000680,0.058785,0.000776,7,84
proposed_mechanism_retrieval_controller,heldout_mechanism,peg_insert_contact_search,occluded_contact_shift,0.707483,0.016777,0.618144,0.001626,0.113229,0.003755,0.059353,0.002549,0.560650,0.005155,0.233375,0.002528,0.065277,0.000736,7,84
proposed_mechanism_retrieval_controller,heldout_mechanism,peg_insert_contact_search,source_matched,0.698980,0.036616,0.633161,0.001524,0.093922,0.001133,0.044201,0.000987,0.571343,0.001654,0.229170,0.000806,0.056614,0.000757,7,84
proposed_mechanism_retrieval_controller,heldout_mechanism,peg_insert_contact_search,support_topology_shift,0.683673,0.040689,0.624258,0.004610,0.105567,0.001210,0.054136,0.001052,0.564184,0.001766,0.230358,0.001575,0.061633,0.002502,7,84
proposed_mechanism_retrieval_controller,heldout_mechanism,twist_lid_with_force_limit,actuator_lag_shift,0.719388,0.020905,0.612855,0.003728,0.118121,0.001181,0.060074,0.002078,0.558171,0.005254,0.232276,0.001803,0.064531,0.002517,7,84
proposed_mechanism_retrieval_controller,heldout_mechanism,twist_lid_with_force_limit,compliance_shift,0.697279,0.019626,0.622502,0.005047,0.111615,0.001162,0.054766,0.000910,0.562840,0.004222,0.232057,0.000786,0.060268,0.000776,7,84
proposed_mechanism_retrieval_controller,heldout_mechanism,twist_lid_with_force_limit,compound_mechanism_shift,0.717687,0.035901,0.606297,0.001664,0.123706,0.001239,0.065640,0.001208,0.556805,0.001808,0.235380,0.002311,0.067930,0.001853,7,84
proposed_mechanism_retrieval_controller,heldout_mechanism,twist_lid_with_force_limit,friction_mismatch,0.717687,0.020817,0.624124,0.004643,0.106613,0.001171,0.049606,0.000914,0.566082,0.004218,0.228818,0.000788,0.059325,0.002324,7,84
proposed_mechanism_retrieval_controller,heldout_mechanism,twist_lid_with_force_limit,occluded_contact_shift,0.688776,0.019341,0.619860,0.004602,0.110361,0.001219,0.057606,0.001175,0.556472,0.001780,0.232361,0.002217,0.063955,0.002303,7,84
proposed_mechanism_retrieval_controller,heldout_mechanism,twist_lid_with_force_limit,source_matched,0.714286,0.055076,0.630619,0.001536,0.093006,0.002811,0.046651,0.001991,0.562296,0.001754,0.225551,0.001236,0.056628,0.002562,7,84
proposed_mechanism_retrieval_controller,heldout_mechanism,twist_lid_with_force_limit,support_topology_shift,0.715986,0.040231,0.619113,0.001639,0.109560,0.001219,0.055313,0.000738,0.564877,0.001780,0.229773,0.000623,0.060434,0.002303,7,84
proposed_mechanism_retrieval_controller,heldout_object,cable_route_around_hook,actuator_lag_shift,0.639456,0.038345,0.624261,0.003752,0.114184,0.002817,0.061431,0.002269,0.600609,0.005716,0.230430,0.000929,0.061232,0.002564,7,84
proposed_mechanism_retrieval_controller,heldout_object,cable_route_around_hook,compliance_shift,0.632653,0.032773,0.624167,0.001485,0.105517,0.001104,0.056501,0.001205,0.604696,0.001612,0.228556,0.000978,0.058920,0.002558,7,84
proposed_mechanism_retrieval_controller,heldout_object,cable_route_around_hook,compound_mechanism_shift,0.647959,0.052387,0.612962,0.005027,0.121358,0.001181,0.065685,0.002366,0.601563,0.001724,0.233307,0.002689,0.064576,0.002320,7,84
proposed_mechanism_retrieval_controller,heldout_object,cable_route_around_hook,friction_mismatch,0.664966,0.029876,0.626905,0.003756,0.097922,0.002821,0.048037,0.000661,0.601580,0.001712,0.230283,0.000711,0.057345,0.000708,7,84
proposed_mechanism_retrieval_controller,heldout_object,cable_route_around_hook,occluded_contact_shift,0.683673,0.035224,0.619454,0.001562,0.107856,0.003495,0.058528,0.001001,0.598427,0.004147,0.232709,0.001875,0.061636,0.000716,7,84
proposed_mechanism_retrieval_controller,heldout_object,cable_route_around_hook,source_matched,0.668367,0.047881,0.636047,0.001460,0.093161,0.001085,0.043502,0.002583,0.613281,0.001584,0.227100,0.000965,0.053843,0.000724,7,84
proposed_mechanism_retrieval_controller,heldout_object,cable_route_around_hook,support_topology_shift,0.687075,0.058878,0.627574,0.001562,0.101698,0.001162,0.055026,0.001022,0.601585,0.001696,0.230314,0.002886,0.060165,0.000776,7,84
proposed_mechanism_retrieval_controller,heldout_object,cloth_slide_over_edge,actuator_lag_shift,0.692177,0.035798,0.620922,0.001485,0.112980,0.001104,0.060187,0.001656,0.599086,0.001612,0.230478,0.000682,0.059707,0.001882,7,84
proposed_mechanism_retrieval_controller,heldout_object,cloth_slide_over_edge,compliance_shift,0.642857,0.034907,0.622189,0.001460,0.105334,0.001085,0.055720,0.002114,0.599518,0.001584,0.231023,0.000857,0.058094,0.000724,7,84
proposed_mechanism_retrieval_controller,heldout_object,cloth_slide_over_edge,compound_mechanism_shift,0.688776,0.030732,0.614687,0.005047,0.122237,0.001162,0.063936,0.001112,0.595363,0.004222,0.233767,0.000918,0.062190,0.000776,7,84
proposed_mechanism_retrieval_controller,heldout_object,cloth_slide_over_edge,friction_mismatch,0.692177,0.031972,0.632251,0.004710,0.099801,0.003845,0.048446,0.000623,0.596840,0.004215,0.229313,0.002669,0.059074,0.000658,7,84
proposed_mechanism_retrieval_controller,heldout_object,cloth_slide_over_edge,occluded_contact_shift,0.685374,0.031329,0.622540,0.001536,0.108040,0.001143,0.054760,0.001305,0.596359,0.001668,0.230967,0.001061,0.058774,0.000763,7,84
proposed_mechanism_retrieval_controller,heldout_object,cloth_slide_over_edge,source_matched,0.695578,0.029187,0.637717,0.001434,0.095714,0.001066,0.043267,0.000905,0.606952,0.005365,0.223149,0.000752,0.054890,0.002579,7,84
proposed_mechanism_retrieval_controller,heldout_object,cloth_slide_over_edge,support_topology_shift,0.658163,0.015031,0.630660,0.001536,0.105313,0.001143,0.052127,0.000949,0.601952,0.001668,0.230144,0.000816,0.057365,0.000763,7,84
proposed_mechanism_retrieval_controller,heldout_object,drawer_pull_with_stiction,actuator_lag_shift,0.727891,0.033939,0.615719,0.001536,0.111140,0.003808,0.059902,0.001072,0.586403,0.004194,0.230809,0.002660,0.063930,0.000690,7,84
proposed_mechanism_retrieval_controller,heldout_object,drawer_pull_with_stiction,compliance_shift,0.726190,0.053403,0.625074,0.001511,0.104415,0.001123,0.051735,0.001338,0.593325,0.001640,0.231302,0.001038,0.059517,0.000750,7,84
proposed_mechanism_retrieval_controller,heldout_object,drawer_pull_with_stiction,compound_mechanism_shift,0.714286,0.032603,0.612662,0.004618,0.121065,0.001200,0.066638,0.000804,0.591375,0.001752,0.234687,0.000690,0.063441,0.000803,7,84
proposed_mechanism_retrieval_controller,heldout_object,drawer_pull_with_stiction,friction_mismatch,0.719388,0.044638,0.627661,0.001524,0.096707,0.001133,0.048544,0.002863,0.592616,0.001654,0.226640,0.000735,0.055578,0.001876,7,84
proposed_mechanism_retrieval_controller,heldout_object,drawer_pull_with_stiction,occluded_contact_shift,0.744898,0.023254,0.619455,0.003728,0.112935,0.001181,0.055563,0.002499,0.593508,0.005254,0.228593,0.001898,0.060748,0.002517,7,84
proposed_mechanism_retrieval_controller,heldout_object,drawer_pull_with_stiction,source_matched,0.736395,0.059473,0.632682,0.001485,0.088855,0.001104,0.041444,0.001195,0.597232,0.001612,0.226923,0.002469,0.055677,0.000737,7,84
proposed_mechanism_retrieval_controller,heldout_object,drawer_pull_with_stiction,support_topology_shift,0.751701,0.040231,0.625289,0.001588,0.105062,0.003778,0.049578,0.001177,0.591589,0.005182,0.226151,0.001135,0.059246,0.002601,7,84
proposed_mechanism_retrieval_controller,heldout_object,peg_insert_contact_search,actuator_lag_shift,0.717687,0.025313,0.617259,0.003744,0.110826,0.003808,0.060350,0.000883,0.563637,0.005174,0.230266,0.002274,0.063235,0.001882,7,84
proposed_mechanism_retrieval_controller,heldout_object,peg_insert_contact_search,compliance_shift,0.688776,0.031972,0.625224,0.001511,0.104772,0.001123,0.053226,0.000659,0.568966,0.001640,0.231587,0.002202,0.060425,0.000750,7,84
proposed_mechanism_retrieval_controller,heldout_object,peg_insert_contact_search,compound_mechanism_shift,0.658163,0.040000,0.616088,0.004618,0.118735,0.001200,0.066510,0.001293,0.563092,0.001752,0.234586,0.001043,0.062508,0.000803,7,84
proposed_mechanism_retrieval_controller,heldout_object,peg_insert_contact_search,friction_mismatch,0.741497,0.035901,0.627363,0.001524,0.096728,0.001133,0.047452,0.002412,0.567767,0.001654,0.227012,0.000952,0.055112,0.000757,7,84
proposed_mechanism_retrieval_controller,heldout_object,peg_insert_contact_search,occluded_contact_shift,0.685374,0.045501,0.623778,0.005027,0.111276,0.001181,0.057145,0.002430,0.571352,0.001724,0.228988,0.001547,0.061419,0.002320,7,84
proposed_mechanism_retrieval_controller,heldout_object,peg_insert_contact_search,source_matched,0.734694,0.018856,0.633728,0.001485,0.089884,0.001104,0.042719,0.001079,0.573855,0.001612,0.224870,0.002396,0.057045,0.000737,7,84
proposed_mechanism_retrieval_controller,heldout_object,peg_insert_contact_search,support_topology_shift,0.681973,0.025820,0.622750,0.001588,0.106834,0.002799,0.052764,0.002372,0.569296,0.005650,0.227832,0.002009,0.059979,0.002357,7,84
proposed_mechanism_retrieval_controller,heldout_object,twist_lid_with_force_limit,actuator_lag_shift,0.670068,0.026805,0.620427,0.005057,0.114145,0.002808,0.059212,0.001140,0.560835,0.005683,0.233779,0.001022,0.061570,0.000734,7,84
proposed_mechanism_retrieval_controller,heldout_object,twist_lid_with_force_limit,compliance_shift,0.758503,0.029123,0.621609,0.001524,0.103005,0.002814,0.051686,0.002640,0.558739,0.001740,0.227780,0.000936,0.057565,0.001933,7,84
proposed_mechanism_retrieval_controller,heldout_object,twist_lid_with_force_limit,compound_mechanism_shift,0.676871,0.039252,0.609872,0.001626,0.121877,0.001210,0.067343,0.001252,0.560031,0.004200,0.234765,0.001013,0.063009,0.000809,7,84
proposed_mechanism_retrieval_controller,heldout_object,twist_lid_with_force_limit,friction_mismatch,0.750000,0.029690,0.627139,0.003744,0.100934,0.003808,0.050422,0.000516,0.563688,0.005217,0.226901,0.002747,0.059772,0.000690,7,84
proposed_mechanism_retrieval_controller,heldout_object,twist_lid_with_force_limit,occluded_contact_shift,0.719388,0.026874,0.619927,0.003724,0.112762,0.001191,0.056444,0.002481,0.563301,0.005245,0.230137,0.002538,0.061929,0.001863,7,84
proposed_mechanism_retrieval_controller,heldout_object,twist_lid_with_force_limit,source_matched,0.748299,0.023570,0.641626,0.003756,0.093322,0.003526,0.042731,0.003057,0.571226,0.005664,0.224175,0.000652,0.052031,0.000683,7,84
proposed_mechanism_retrieval_controller,heldout_object,twist_lid_with_force_limit,support_topology_shift,0.700680,0.044222,0.625760,0.001600,0.104889,0.003770,0.052112,0.002625,0.561382,0.005173,0.228051,0.002409,0.060428,0.001882,7,84
proposed_mechanism_retrieval_controller,seen_corpus,cable_route_around_hook,actuator_lag_shift,0.685374,0.027352,0.629077,0.001472,0.110388,0.001095,0.053922,0.002213,0.609735,0.004256,0.229126,0.001008,0.056683,0.000730,7,84
proposed_mechanism_retrieval_controller,seen_corpus,cable_route_around_hook,compliance_shift,0.702381,0.031388,0.631952,0.001447,0.103948,0.001075,0.047880,0.000625,0.611927,0.004266,0.227260,0.002634,0.057039,0.000717,7,84
proposed_mechanism_retrieval_controller,seen_corpus,cable_route_around_hook,compound_mechanism_shift,0.651361,0.040323,0.625214,0.001549,0.116279,0.001152,0.060362,0.001470,0.606243,0.001682,0.230599,0.001174,0.058005,0.000770,7,84
proposed_mechanism_retrieval_controller,seen_corpus,cable_route_around_hook,friction_mismatch,0.698980,0.017427,0.636312,0.005127,0.092424,0.001085,0.046364,0.000618,0.608220,0.001584,0.222293,0.000572,0.053917,0.002568,7,84
proposed_mechanism_retrieval_controller,seen_corpus,cable_route_around_hook,occluded_contact_shift,0.700680,0.035066,0.628198,0.001524,0.103576,0.001133,0.051239,0.000952,0.606847,0.001654,0.228057,0.000784,0.055612,0.000757,7,84
proposed_mechanism_retrieval_controller,seen_corpus,cable_route_around_hook,source_matched,0.702381,0.035642,0.648872,0.001421,0.085081,0.002840,0.041058,0.001766,0.611007,0.001628,0.223107,0.000783,0.049791,0.000669,7,84
proposed_mechanism_retrieval_controller,seen_corpus,cable_route_around_hook,support_topology_shift,0.632653,0.031564,0.633750,0.001524,0.098923,0.001133,0.047994,0.000914,0.609628,0.001654,0.226521,0.000763,0.052885,0.000757,7,84
proposed_mechanism_retrieval_controller,seen_corpus,cloth_slide_over_edge,actuator_lag_shift,0.692177,0.029876,0.628877,0.001447,0.109891,0.002834,0.054098,0.000790,0.601436,0.005770,0.228005,0.002632,0.060222,0.000682,7,84
proposed_mechanism_retrieval_controller,seen_corpus,cloth_slide_over_edge,compliance_shift,0.681973,0.028219,0.635400,0.001421,0.099326,0.003564,0.052402,0.000971,0.597607,0.001683,0.227200,0.000927,0.054324,0.000644,7,84
proposed_mechanism_retrieval_controller,seen_corpus,cloth_slide_over_edge,compound_mechanism_shift,0.670068,0.042514,0.618644,0.004676,0.114434,0.003815,0.062730,0.002627,0.593404,0.004198,0.228413,0.000990,0.059478,0.002627,7,84
proposed_mechanism_retrieval_controller,seen_corpus,cloth_slide_over_edge,friction_mismatch,0.729592,0.047687,0.633362,0.003778,0.095010,0.001066,0.044920,0.002491,0.606996,0.001556,0.226325,0.000844,0.053850,0.000711,7,84
proposed_mechanism_retrieval_controller,seen_corpus,cloth_slide_over_edge,occluded_contact_shift,0.681973,0.028674,0.629850,0.005097,0.104468,0.003830,0.051811,0.001932,0.598003,0.004207,0.228219,0.001041,0.055528,0.000671,7,84
proposed_mechanism_retrieval_controller,seen_corpus,cloth_slide_over_edge,source_matched,0.758503,0.040643,0.639960,0.001395,0.090056,0.001037,0.039732,0.001274,0.615843,0.001514,0.221513,0.001009,0.049073,0.000691,7,84
proposed_mechanism_retrieval_controller,seen_corpus,cloth_slide_over_edge,support_topology_shift,0.690476,0.028803,0.630828,0.004693,0.099814,0.003830,0.049323,0.003048,0.600784,0.004207,0.225612,0.000692,0.052801,0.000671,7,84
proposed_mechanism_retrieval_controller,seen_corpus,drawer_pull_with_stiction,actuator_lag_shift,0.744898,0.021517,0.627725,0.001498,0.107772,0.001114,0.054373,0.000717,0.598488,0.001626,0.227918,0.002788,0.059692,0.000743,7,84
proposed_mechanism_retrieval_controller,seen_corpus,drawer_pull_with_stiction,compliance_shift,0.732993,0.050626,0.628615,0.003765,0.098128,0.001095,0.048820,0.001585,0.596003,0.001598,0.225464,0.002107,0.057854,0.000730,7,84
proposed_mechanism_retrieval_controller,seen_corpus,drawer_pull_with_stiction,compound_mechanism_shift,0.675170,0.015870,0.620670,0.001575,0.111269,0.001171,0.062038,0.000847,0.588928,0.001710,0.231726,0.000746,0.059375,0.000783,7,84
proposed_mechanism_retrieval_controller,seen_corpus,drawer_pull_with_stiction,friction_mismatch,0.724490,0.051280,0.639684,0.003761,0.098497,0.002824,0.045935,0.003197,0.601941,0.005738,0.223924,0.000804,0.051441,0.000701,7,84
proposed_mechanism_retrieval_controller,seen_corpus,drawer_pull_with_stiction,occluded_contact_shift,0.746599,0.039016,0.630817,0.004659,0.107368,0.001152,0.050997,0.000939,0.602383,0.001682,0.226738,0.000767,0.055005,0.000770,7,84
proposed_mechanism_retrieval_controller,seen_corpus,drawer_pull_with_stiction,source_matched,0.760204,0.037908,0.638976,0.001447,0.086348,0.001075,0.039849,0.002029,0.605429,0.001570,0.221081,0.000746,0.048598,0.000717,7,84
proposed_mechanism_retrieval_controller,seen_corpus,drawer_pull_with_stiction,support_topology_shift,0.724490,0.043928,0.634082,0.005057,0.102715,0.001152,0.046834,0.000359,0.602592,0.004227,0.224560,0.000312,0.053420,0.001871,7,84
proposed_mechanism_retrieval_controller,seen_corpus,peg_insert_contact_search,actuator_lag_shift,0.705782,0.031269,0.628261,0.001498,0.108510,0.001114,0.056151,0.000982,0.574566,0.001626,0.226199,0.001941,0.058582,0.002350,7,84
proposed_mechanism_retrieval_controller,seen_corpus,peg_insert_contact_search,compliance_shift,0.705782,0.051854,0.627760,0.001472,0.099538,0.001095,0.050858,0.001405,0.573061,0.001598,0.224027,0.001093,0.054918,0.002563,7,84
proposed_mechanism_retrieval_controller,seen_corpus,peg_insert_contact_search,compound_mechanism_shift,0.693878,0.035172,0.618518,0.001575,0.113421,0.003488,0.061421,0.001195,0.561925,0.001851,0.231284,0.001069,0.059234,0.000723,7,84
proposed_mechanism_retrieval_controller,seen_corpus,peg_insert_contact_search,friction_mismatch,0.704082,0.029876,0.638381,0.004701,0.096141,0.003838,0.043900,0.001856,0.573501,0.005253,0.225598,0.000893,0.052787,0.000664,7,84
proposed_mechanism_retrieval_controller,seen_corpus,peg_insert_contact_search,occluded_contact_shift,0.717687,0.035172,0.631848,0.003740,0.106762,0.001152,0.051573,0.000634,0.576499,0.001682,0.227411,0.000551,0.055262,0.000770,7,84
proposed_mechanism_retrieval_controller,seen_corpus,peg_insert_contact_search,source_matched,0.756803,0.039063,0.641304,0.001447,0.088430,0.001075,0.037335,0.002025,0.583469,0.001570,0.223189,0.001142,0.050696,0.000717,7,84
proposed_mechanism_retrieval_controller,seen_corpus,peg_insert_contact_search,support_topology_shift,0.721088,0.034480,0.635113,0.004659,0.102109,0.001152,0.046900,0.000705,0.579280,0.001682,0.224875,0.000605,0.052534,0.000770,7,84
proposed_mechanism_retrieval_controller,seen_corpus,twist_lid_with_force_limit,actuator_lag_shift,0.710884,0.032489,0.623581,0.001511,0.104172,0.001123,0.051727,0.000686,0.563232,0.001640,0.228440,0.000592,0.056243,0.000750,7,84
proposed_mechanism_retrieval_controller,seen_corpus,twist_lid_with_force_limit,compliance_shift,0.741497,0.034427,0.636880,0.001485,0.103835,0.002824,0.048796,0.003097,0.569189,0.005738,0.225879,0.000625,0.053917,0.000701,7,84
proposed_mechanism_retrieval_controller,seen_corpus,twist_lid_with_force_limit,compound_mechanism_shift,0.736395,0.056339,0.620462,0.001588,0.112336,0.002799,0.059805,0.001501,0.557914,0.001810,0.229453,0.001279,0.057978,0.000754,7,84
proposed_mechanism_retrieval_controller,seen_corpus,twist_lid_with_force_limit,friction_mismatch,0.731293,0.041006,0.637171,0.001498,0.096120,0.001114,0.045667,0.000748,0.573616,0.001626,0.224691,0.002843,0.055690,0.000743,7,84
proposed_mechanism_retrieval_controller,seen_corpus,twist_lid_with_force_limit,occluded_contact_shift,0.710884,0.028219,0.633870,0.001562,0.105736,0.001162,0.052131,0.002750,0.570001,0.001696,0.225166,0.000407,0.056334,0.002527,7,84
proposed_mechanism_retrieval_controller,seen_corpus,twist_lid_with_force_limit,source_matched,0.792517,0.011222,0.648216,0.001460,0.089356,0.003545,0.036203,0.000626,0.574675,0.005736,0.222793,0.001800,0.051960,0.000664,7,84
proposed_mechanism_retrieval_controller,seen_corpus,twist_lid_with_force_limit,support_topology_shift,0.705782,0.044887,0.634849,0.004651,0.101083,0.001162,0.048772,0.002784,0.572782,0.001696,0.223893,0.001858,0.055893,0.002329,7,84
retrieved_context_behavior_clone,combined_stress,cable_route_around_hook,actuator_lag_shift,0.500000,0.042295,0.460946,0.001434,0.310672,0.001066,0.115840,0.001328,0.446021,0.001556,0.230428,0.002712,0.120989,0.000711,7,84
retrieved_context_behavior_clone,combined_stress,cable_route_around_hook,compliance_shift,0.496599,0.036616,0.469077,0.001408,0.298923,0.003883,0.114723,0.000464,0.441475,0.005307,0.230333,0.000482,0.115873,0.000625,7,84
retrieved_context_behavior_clone,combined_stress,cable_route_around_hook,compound_mechanism_shift,0.447279,0.050369,0.457660,0.001511,0.321784,0.001123,0.125620,0.000964,0.440395,0.001640,0.233595,0.002894,0.122693,0.000750,7,84
retrieved_context_behavior_clone,combined_stress,cable_route_around_hook,friction_mismatch,0.537415,0.031972,0.475059,0.004744,0.286225,0.001056,0.106185,0.002371,0.444784,0.001542,0.228989,0.000958,0.114685,0.000704,7,84
retrieved_context_behavior_clone,combined_stress,cable_route_around_hook,occluded_contact_shift,0.505102,0.047180,0.466284,0.001485,0.306469,0.001104,0.116664,0.002015,0.447449,0.001612,0.229180,0.001320,0.115069,0.000737,7,84
retrieved_context_behavior_clone,combined_stress,cable_route_around_hook,source_matched,0.578231,0.022111,0.475029,0.001383,0.277003,0.001027,0.101699,0.001079,0.456637,0.001500,0.225270,0.000890,0.111091,0.000684,7,84
retrieved_context_behavior_clone,combined_stress,cable_route_around_hook,support_topology_shift,0.469388,0.051135,0.469268,0.001485,0.296469,0.001104,0.113375,0.001491,0.447555,0.001612,0.227052,0.002236,0.116678,0.002354,7,84
retrieved_context_behavior_clone,combined_stress,cloth_slide_over_edge,actuator_lag_shift,0.455782,0.041899,0.466387,0.001408,0.305349,0.002844,0.118267,0.002458,0.431353,0.001614,0.233806,0.000986,0.119067,0.000662,7,84
retrieved_context_behavior_clone,combined_stress,cloth_slide_over_edge,compliance_shift,0.542517,0.049065,0.464445,0.003796,0.299767,0.001027,0.113060,0.001419,0.443528,0.001500,0.229699,0.001104,0.115887,0.000684,7,84
retrieved_context_behavior_clone,combined_stress,cloth_slide_over_edge,compound_mechanism_shift,0.465986,0.038586,0.452156,0.001485,0.318544,0.001104,0.124903,0.000752,0.431341,0.001612,0.231764,0.002647,0.122198,0.001882,7,84
retrieved_context_behavior_clone,combined_stress,cloth_slide_over_edge,friction_mismatch,0.523810,0.024944,0.470889,0.001395,0.292561,0.001037,0.109786,0.001216,0.444566,0.005393,0.228276,0.000992,0.113885,0.000691,7,84
retrieved_context_behavior_clone,combined_stress,cloth_slide_over_edge,occluded_contact_shift,0.505102,0.037712,0.464428,0.001460,0.305965,0.001085,0.113777,0.001546,0.442389,0.001584,0.231721,0.000721,0.117591,0.000724,7,84
retrieved_context_behavior_clone,combined_stress,cloth_slide_over_edge,source_matched,0.578231,0.023254,0.480906,0.005208,0.275437,0.001008,0.101454,0.002037,0.450027,0.001472,0.224816,0.002505,0.112885,0.000671,7,84
retrieved_context_behavior_clone,combined_stress,cloth_slide_over_edge,support_topology_shift,0.523810,0.035642,0.467412,0.001460,0.295965,0.001085,0.112830,0.001480,0.442495,0.001584,0.227687,0.001071,0.113483,0.000724,7,84
retrieved_context_behavior_clone,combined_stress,drawer_pull_with_stiction,actuator_lag_shift,0.549320,0.034694,0.465071,0.004718,0.307452,0.003853,0.115533,0.000756,0.427976,0.004220,0.229336,0.002362,0.120501,0.000651,7,84
retrieved_context_behavior_clone,combined_stress,drawer_pull_with_stiction,compliance_shift,0.559524,0.035642,0.473504,0.001434,0.295930,0.003558,0.112024,0.000843,0.428906,0.001697,0.226914,0.000898,0.113254,0.000651,7,84
retrieved_context_behavior_clone,combined_stress,drawer_pull_with_stiction,compound_mechanism_shift,0.511905,0.042904,0.458592,0.004668,0.323031,0.001143,0.123745,0.001158,0.431445,0.004232,0.234123,0.000925,0.120690,0.000763,7,84
retrieved_context_behavior_clone,combined_stress,drawer_pull_with_stiction,friction_mismatch,0.610544,0.024267,0.470187,0.001447,0.288264,0.001075,0.105871,0.002789,0.439563,0.001570,0.226495,0.000665,0.113224,0.000717,7,84
retrieved_context_behavior_clone,combined_stress,drawer_pull_with_stiction,occluded_contact_shift,0.510204,0.031972,0.467518,0.001511,0.304512,0.001123,0.115890,0.001429,0.436393,0.001640,0.230692,0.002058,0.118876,0.000750,7,84
retrieved_context_behavior_clone,combined_stress,drawer_pull_with_stiction,source_matched,0.661565,0.039721,0.477471,0.003787,0.274236,0.001047,0.096472,0.001437,0.444399,0.001528,0.220573,0.001627,0.112057,0.002381,7,84
retrieved_context_behavior_clone,combined_stress,drawer_pull_with_stiction,support_topology_shift,0.569728,0.025676,0.470502,0.001511,0.294512,0.001123,0.108410,0.001241,0.436499,0.001640,0.228374,0.001018,0.114768,0.000750,7,84
retrieved_context_behavior_clone,combined_stress,peg_insert_contact_search,actuator_lag_shift,0.503401,0.047415,0.462602,0.005127,0.303581,0.001085,0.117773,0.001467,0.403371,0.001584,0.228258,0.001151,0.117553,0.002568,7,84
retrieved_context_behavior_clone,combined_stress,peg_insert_contact_search,compliance_shift,0.540816,0.035224,0.469644,0.005147,0.294446,0.001066,0.112060,0.002532,0.407786,0.001556,0.229334,0.000999,0.115370,0.000711,7,84
retrieved_context_behavior_clone,combined_stress,peg_insert_contact_search,compound_mechanism_shift,0.482993,0.041006,0.460297,0.003744,0.322289,0.001143,0.124536,0.001440,0.408836,0.001668,0.234893,0.001149,0.121028,0.000763,7,84
retrieved_context_behavior_clone,combined_stress,peg_insert_contact_search,friction_mismatch,0.590136,0.052634,0.472740,0.001447,0.289874,0.001075,0.103662,0.001690,0.417815,0.001570,0.227571,0.001993,0.115172,0.000717,7,84
retrieved_context_behavior_clone,combined_stress,peg_insert_contact_search,occluded_contact_shift,0.491497,0.026805,0.467831,0.001511,0.304442,0.001123,0.116975,0.000747,0.412193,0.001640,0.228337,0.002313,0.118531,0.001878,7,84
retrieved_context_behavior_clone,combined_stress,peg_insert_contact_search,source_matched,0.581633,0.039907,0.479081,0.001408,0.276854,0.001047,0.100775,0.001262,0.418978,0.005384,0.223154,0.001003,0.108978,0.000697,7,84
retrieved_context_behavior_clone,combined_stress,peg_insert_contact_search,support_topology_shift,0.574830,0.048762,0.470815,0.001511,0.294442,0.001123,0.109019,0.000554,0.412299,0.001640,0.229116,0.000422,0.115566,0.000750,7,84
retrieved_context_behavior_clone,combined_stress,twist_lid_with_force_limit,actuator_lag_shift,0.500000,0.043504,0.463617,0.001472,0.309060,0.001095,0.118317,0.002494,0.405807,0.001598,0.230185,0.001173,0.116109,0.000730,7,84
retrieved_context_behavior_clone,combined_stress,twist_lid_with_force_limit,compliance_shift,0.557823,0.031972,0.466164,0.001447,0.298268,0.001075,0.109825,0.002377,0.407804,0.001570,0.229871,0.000659,0.116223,0.000717,7,84
retrieved_context_behavior_clone,combined_stress,twist_lid_with_force_limit,compound_mechanism_shift,0.467687,0.032088,0.461075,0.001549,0.320730,0.001152,0.122385,0.000868,0.400996,0.001682,0.232295,0.000731,0.118196,0.000770,7,84
retrieved_context_behavior_clone,combined_stress,twist_lid_with_force_limit,friction_mismatch,0.571429,0.023882,0.477225,0.003769,0.287665,0.003853,0.105670,0.000585,0.403880,0.004220,0.225730,0.002587,0.116468,0.000651,7,84
retrieved_context_behavior_clone,combined_stress,twist_lid_with_force_limit,occluded_contact_shift,0.547619,0.042904,0.464115,0.001524,0.301227,0.001133,0.112168,0.001501,0.401935,0.001654,0.229352,0.001192,0.115708,0.000757,7,84
retrieved_context_behavior_clone,combined_stress,twist_lid_with_force_limit,source_matched,0.598639,0.029565,0.482540,0.001421,0.273876,0.003876,0.100356,0.000936,0.411638,0.005718,0.222587,0.001016,0.108604,0.000631,7,84
retrieved_context_behavior_clone,combined_stress,twist_lid_with_force_limit,support_topology_shift,0.540816,0.031329,0.467099,0.001524,0.291227,0.001133,0.110587,0.002535,0.402041,0.001654,0.225675,0.000957,0.115031,0.002543,7,84
retrieved_context_behavior_clone,cross_embodiment,cable_route_around_hook,actuator_lag_shift,0.527211,0.028674,0.468513,0.004727,0.289629,0.001075,0.112431,0.001787,0.447168,0.001570,0.225970,0.000736,0.111461,0.000717,7,84
retrieved_context_behavior_clone,cross_embodiment,cable_route_around_hook,compliance_shift,0.561224,0.034694,0.472605,0.003783,0.281712,0.001056,0.103116,0.000584,0.453362,0.001542,0.223332,0.002889,0.113543,0.000704,7,84
retrieved_context_behavior_clone,cross_embodiment,cable_route_around_hook,compound_mechanism_shift,0.460884,0.041276,0.465797,0.001524,0.304599,0.001133,0.118483,0.001130,0.447175,0.001654,0.230756,0.000905,0.115807,0.000757,7,84
retrieved_context_behavior_clone,cross_embodiment,cable_route_around_hook,friction_mismatch,0.559524,0.031388,0.481858,0.001434,0.274897,0.002837,0.100935,0.000774,0.454970,0.005781,0.219644,0.000778,0.109522,0.002604,7,84
retrieved_context_behavior_clone,cross_embodiment,cable_route_around_hook,occluded_contact_shift,0.539116,0.035172,0.472541,0.001498,0.287874,0.001114,0.110360,0.001256,0.452170,0.001626,0.223972,0.002292,0.112935,0.002350,7,84
retrieved_context_behavior_clone,cross_embodiment,cable_route_around_hook,source_matched,0.569728,0.025166,0.490598,0.001395,0.255102,0.002847,0.092649,0.002235,0.453958,0.001600,0.219596,0.002755,0.107836,0.000655,7,84
retrieved_context_behavior_clone,cross_embodiment,cable_route_around_hook,support_topology_shift,0.510204,0.050516,0.476381,0.001498,0.278516,0.001114,0.105125,0.001209,0.453213,0.001626,0.225607,0.002166,0.111553,0.000743,7,84
retrieved_context_behavior_clone,cross_embodiment,cloth_slide_over_edge,actuator_lag_shift,0.489796,0.028545,0.467502,0.001421,0.293342,0.001056,0.111057,0.001157,0.448049,0.001542,0.223797,0.000943,0.113398,0.002584,7,84
retrieved_context_behavior_clone,cross_embodiment,cloth_slide_over_edge,compliance_shift,0.590136,0.039394,0.477530,0.001395,0.281300,0.003891,0.104217,0.002343,0.443076,0.004243,0.224341,0.002463,0.112655,0.000618,7,84
retrieved_context_behavior_clone,cross_embodiment,cloth_slide_over_edge,compound_mechanism_shift,0.488095,0.051676,0.462990,0.004693,0.301819,0.002821,0.116719,0.000738,0.436004,0.001712,0.230211,0.000723,0.115585,0.000708,7,84
retrieved_context_behavior_clone,cross_embodiment,cloth_slide_over_edge,friction_mismatch,0.646259,0.040000,0.484958,0.003787,0.269687,0.001047,0.097321,0.001756,0.447970,0.001528,0.221219,0.002829,0.111066,0.000697,7,84
retrieved_context_behavior_clone,cross_embodiment,cloth_slide_over_edge,occluded_contact_shift,0.527211,0.037663,0.468808,0.001472,0.286115,0.001095,0.111278,0.000714,0.445062,0.001598,0.223511,0.000591,0.109982,0.001885,7,84
retrieved_context_behavior_clone,cross_embodiment,cloth_slide_over_edge,source_matched,0.610544,0.046587,0.485450,0.001370,0.260856,0.002854,0.092368,0.002138,0.455248,0.005837,0.217689,0.002192,0.107740,0.001961,7,84
retrieved_context_behavior_clone,cross_embodiment,cloth_slide_over_edge,support_topology_shift,0.571429,0.038103,0.472648,0.001472,0.276757,0.001095,0.104580,0.001199,0.446106,0.001598,0.221835,0.002197,0.112030,0.001885,7,84
retrieved_context_behavior_clone,cross_embodiment,drawer_pull_with_stiction,actuator_lag_shift,0.545918,0.033555,0.474630,0.001472,0.295172,0.001095,0.109886,0.002434,0.441344,0.005337,0.226456,0.000928,0.112289,0.000730,7,84
retrieved_context_behavior_clone,cross_embodiment,drawer_pull_with_stiction,compliance_shift,0.619048,0.040092,0.476738,0.001447,0.284051,0.001075,0.101987,0.001073,0.445432,0.004266,0.224564,0.002250,0.112177,0.000717,7,84
retrieved_context_behavior_clone,cross_embodiment,drawer_pull_with_stiction,compound_mechanism_shift,0.534014,0.026176,0.464149,0.005057,0.306033,0.002808,0.117520,0.000572,0.437924,0.005202,0.228884,0.000618,0.114965,0.000734,7,84
retrieved_context_behavior_clone,cross_embodiment,drawer_pull_with_stiction,friction_mismatch,0.630952,0.026458,0.478979,0.004718,0.268547,0.001085,0.099950,0.000764,0.442073,0.001584,0.218323,0.000657,0.109068,0.002568,7,84
retrieved_context_behavior_clone,cross_embodiment,drawer_pull_with_stiction,occluded_contact_shift,0.583333,0.030123,0.475768,0.001524,0.287819,0.001133,0.107728,0.001215,0.443318,0.001654,0.226085,0.000993,0.112217,0.000757,7,84
retrieved_context_behavior_clone,cross_embodiment,drawer_pull_with_stiction,source_matched,0.695578,0.034480,0.492746,0.001421,0.255952,0.003564,0.093629,0.000797,0.443855,0.001683,0.217740,0.000830,0.104307,0.000644,7,84
retrieved_context_behavior_clone,cross_embodiment,drawer_pull_with_stiction,support_topology_shift,0.629252,0.044222,0.479608,0.001524,0.278461,0.001133,0.100996,0.000722,0.444362,0.001654,0.222098,0.000580,0.108548,0.000757,7,84
retrieved_context_behavior_clone,cross_embodiment,peg_insert_contact_search,actuator_lag_shift,0.549320,0.022443,0.476216,0.001472,0.292830,0.003539,0.108744,0.000808,0.413539,0.005725,0.226790,0.001897,0.113763,0.000670,7,84
retrieved_context_behavior_clone,cross_embodiment,peg_insert_contact_search,compliance_shift,0.571429,0.034157,0.479219,0.001447,0.282381,0.003551,0.104650,0.000972,0.416036,0.005747,0.221487,0.001833,0.111824,0.002444,7,84
retrieved_context_behavior_clone,cross_embodiment,peg_insert_contact_search,compound_mechanism_shift,0.467687,0.057767,0.465333,0.005057,0.306821,0.001152,0.118950,0.001567,0.414688,0.004227,0.229994,0.001213,0.115151,0.000770,7,84
retrieved_context_behavior_clone,cross_embodiment,peg_insert_contact_search,friction_mismatch,0.632653,0.020000,0.476438,0.001460,0.269972,0.001085,0.101635,0.000665,0.419767,0.001584,0.220049,0.000600,0.106259,0.000724,7,84
retrieved_context_behavior_clone,cross_embodiment,peg_insert_contact_search,occluded_contact_shift,0.542517,0.037019,0.475562,0.001524,0.287564,0.001133,0.109017,0.000761,0.418559,0.001654,0.226143,0.001738,0.112832,0.000757,7,84
retrieved_context_behavior_clone,cross_embodiment,peg_insert_contact_search,source_matched,0.634354,0.042817,0.489263,0.005157,0.254954,0.001056,0.091345,0.002225,0.423158,0.001542,0.219875,0.001894,0.106701,0.000704,7,84
retrieved_context_behavior_clone,cross_embodiment,peg_insert_contact_search,support_topology_shift,0.583333,0.019052,0.479402,0.001524,0.278205,0.001133,0.102387,0.000935,0.419603,0.001654,0.223371,0.000801,0.109164,0.000757,7,84
retrieved_context_behavior_clone,cross_embodiment,twist_lid_with_force_limit,actuator_lag_shift,0.576531,0.035590,0.469232,0.001485,0.290467,0.001104,0.110926,0.001246,0.409851,0.001612,0.223098,0.001853,0.113846,0.002354,7,84
retrieved_context_behavior_clone,cross_embodiment,twist_lid_with_force_limit,compliance_shift,0.588435,0.050369,0.474601,0.004718,0.278362,0.001085,0.105808,0.001129,0.409930,0.001584,0.221407,0.000875,0.109629,0.002363,7,84
retrieved_context_behavior_clone,cross_embodiment,twist_lid_with_force_limit,compound_mechanism_shift,0.549320,0.041500,0.467260,0.004651,0.305996,0.001162,0.115467,0.001158,0.410673,0.001696,0.226565,0.000930,0.112856,0.000776,7,84
retrieved_context_behavior_clone,cross_embodiment,twist_lid_with_force_limit,friction_mismatch,0.647959,0.047180,0.484358,0.001472,0.275357,0.001095,0.098367,0.002368,0.417100,0.005337,0.221689,0.000890,0.108216,0.000730,7,84
retrieved_context_behavior_clone,cross_embodiment,twist_lid_with_force_limit,occluded_contact_shift,0.569728,0.050772,0.472994,0.001536,0.285083,0.001143,0.106538,0.001972,0.409553,0.001668,0.223515,0.000855,0.109403,0.000763,7,84
retrieved_context_behavior_clone,cross_embodiment,twist_lid_with_force_limit,source_matched,0.653061,0.041186,0.484723,0.001434,0.257855,0.001066,0.089598,0.001452,0.422009,0.001556,0.219811,0.001999,0.106957,0.000711,7,84
retrieved_context_behavior_clone,cross_embodiment,twist_lid_with_force_limit,support_topology_shift,0.608844,0.033555,0.476834,0.001536,0.275724,0.001143,0.104516,0.002683,0.410597,0.001668,0.219624,0.000499,0.110309,0.002537,7,84
retrieved_context_behavior_clone,heldout_mechanism,cable_route_around_hook,actuator_lag_shift,0.530612,0.037019,0.475668,0.001460,0.286385,0.001085,0.105799,0.001104,0.456019,0.004261,0.226022,0.000890,0.111249,0.000724,7,84
retrieved_context_behavior_clone,heldout_mechanism,cable_route_around_hook,compliance_shift,0.557823,0.034319,0.480295,0.001434,0.277153,0.001066,0.102506,0.000883,0.457721,0.005365,0.219172,0.000724,0.107857,0.002579,7,84
retrieved_context_behavior_clone,heldout_mechanism,cable_route_around_hook,compound_mechanism_shift,0.471088,0.034854,0.466662,0.001536,0.293207,0.001143,0.114820,0.002335,0.446702,0.001668,0.225281,0.001008,0.111160,0.001874,7,84
retrieved_context_behavior_clone,heldout_mechanism,cable_route_around_hook,friction_mismatch,0.545918,0.032773,0.485958,0.005137,0.260786,0.001075,0.100305,0.000912,0.455673,0.001570,0.219550,0.000751,0.104157,0.000717,7,84
retrieved_context_behavior_clone,heldout_mechanism,cable_route_around_hook,occluded_contact_shift,0.564626,0.063567,0.473813,0.003752,0.276787,0.002817,0.103187,0.001316,0.449570,0.001726,0.223059,0.001030,0.108497,0.000715,7,84
retrieved_context_behavior_clone,heldout_mechanism,cable_route_around_hook,source_matched,0.632653,0.031151,0.494322,0.004752,0.247568,0.001047,0.087363,0.001086,0.461692,0.001528,0.215955,0.002544,0.105831,0.000697,7,84
retrieved_context_behavior_clone,heldout_mechanism,cable_route_around_hook,support_topology_shift,0.610544,0.046865,0.478509,0.003752,0.268071,0.002817,0.100361,0.002426,0.451551,0.001726,0.219500,0.001089,0.105268,0.000715,7,84
retrieved_context_behavior_clone,heldout_mechanism,cloth_slide_over_edge,actuator_lag_shift,0.556122,0.041276,0.477377,0.001434,0.283649,0.003868,0.108631,0.000867,0.444789,0.005289,0.222073,0.000695,0.107603,0.000638,7,84
retrieved_context_behavior_clone,heldout_mechanism,cloth_slide_over_edge,compliance_shift,0.561224,0.039581,0.485652,0.001408,0.270293,0.001047,0.100435,0.002276,0.448188,0.001528,0.220787,0.002375,0.110535,0.000697,7,84
retrieved_context_behavior_clone,heldout_mechanism,cloth_slide_over_edge,compound_mechanism_shift,0.511905,0.051171,0.473434,0.001511,0.299414,0.001123,0.117119,0.001959,0.445957,0.005309,0.223650,0.001036,0.112493,0.002548,7,84
retrieved_context_behavior_clone,heldout_mechanism,cloth_slide_over_edge,friction_mismatch,0.591837,0.042208,0.480343,0.001421,0.264563,0.001056,0.096126,0.001115,0.456526,0.001542,0.217371,0.002141,0.107257,0.002376,7,84
retrieved_context_behavior_clone,heldout_mechanism,cloth_slide_over_edge,occluded_contact_shift,0.559524,0.026943,0.481946,0.001485,0.280585,0.003532,0.103473,0.000812,0.447880,0.005715,0.223895,0.000906,0.109324,0.000677,7,84
retrieved_context_behavior_clone,heldout_mechanism,cloth_slide_over_edge,source_matched,0.675170,0.052845,0.491892,0.001383,0.250304,0.003898,0.087053,0.002355,0.455879,0.005326,0.214272,0.002895,0.104788,0.001923,7,84
retrieved_context_behavior_clone,heldout_mechanism,cloth_slide_over_edge,support_topology_shift,0.562925,0.035901,0.486642,0.001485,0.273584,0.002824,0.101627,0.002652,0.452365,0.005738,0.220931,0.001006,0.106126,0.000701,7,84
retrieved_context_behavior_clone,heldout_mechanism,drawer_pull_with_stiction,actuator_lag_shift,0.576531,0.042557,0.472405,0.001485,0.281695,0.001104,0.107585,0.000859,0.442645,0.001612,0.221523,0.002690,0.111869,0.001882,7,84
retrieved_context_behavior_clone,heldout_mechanism,drawer_pull_with_stiction,compliance_shift,0.639456,0.050074,0.479621,0.005127,0.269260,0.001085,0.101201,0.001359,0.442243,0.001584,0.217754,0.001059,0.108570,0.002568,7,84
retrieved_context_behavior_clone,heldout_mechanism,drawer_pull_with_stiction,compound_mechanism_shift,0.562925,0.024795,0.469354,0.005047,0.298129,0.001162,0.112525,0.000642,0.444790,0.001696,0.224260,0.000588,0.110356,0.000776,7,84
retrieved_context_behavior_clone,heldout_mechanism,drawer_pull_with_stiction,friction_mismatch,0.603741,0.054297,0.487420,0.001472,0.266501,0.001095,0.096991,0.002613,0.452345,0.004256,0.219533,0.000931,0.105039,0.000730,7,84
retrieved_context_behavior_clone,heldout_mechanism,drawer_pull_with_stiction,occluded_contact_shift,0.598639,0.036260,0.476807,0.001536,0.276791,0.001143,0.104117,0.002530,0.443049,0.001668,0.220712,0.000800,0.106612,0.000763,7,84
retrieved_context_behavior_clone,heldout_mechanism,drawer_pull_with_stiction,source_matched,0.659864,0.042251,0.489375,0.003778,0.248477,0.001066,0.089101,0.002835,0.453919,0.001556,0.217737,0.000959,0.103422,0.000711,7,84
retrieved_context_behavior_clone,heldout_mechanism,drawer_pull_with_stiction,support_topology_shift,0.619048,0.027889,0.481503,0.001536,0.268074,0.001143,0.100658,0.002701,0.445029,0.001668,0.217510,0.000592,0.107957,0.002537,7,84
retrieved_context_behavior_clone,heldout_mechanism,peg_insert_contact_search,actuator_lag_shift,0.576531,0.030490,0.473502,0.001485,0.282533,0.001104,0.108811,0.000719,0.419320,0.001612,0.220561,0.000618,0.109771,0.002558,7,84
retrieved_context_behavior_clone,heldout_mechanism,peg_insert_contact_search,compliance_shift,0.569728,0.048151,0.477040,0.003769,0.270770,0.001085,0.104321,0.000691,0.419898,0.001584,0.220503,0.000529,0.105789,0.000724,7,84
retrieved_context_behavior_clone,heldout_mechanism,peg_insert_contact_search,compound_mechanism_shift,0.527211,0.024267,0.472337,0.003736,0.296952,0.001162,0.112971,0.000838,0.418521,0.001696,0.224741,0.000726,0.110308,0.000776,7,84
retrieved_context_behavior_clone,heldout_mechanism,peg_insert_contact_search,friction_mismatch,0.637755,0.034854,0.488964,0.001472,0.265960,0.002827,0.094228,0.000784,0.424433,0.005749,0.220606,0.000744,0.106570,0.000695,7,84
retrieved_context_behavior_clone,heldout_mechanism,peg_insert_contact_search,occluded_contact_shift,0.585034,0.059473,0.476112,0.001536,0.276285,0.001143,0.103476,0.002178,0.417761,0.001668,0.221331,0.000966,0.107024,0.000763,7,84
retrieved_context_behavior_clone,heldout_mechanism,peg_insert_contact_search,source_matched,0.658163,0.042514,0.489977,0.001434,0.250659,0.001066,0.087928,0.001331,0.432556,0.001556,0.215407,0.002471,0.105675,0.000711,7,84
retrieved_context_behavior_clone,heldout_mechanism,peg_insert_contact_search,support_topology_shift,0.596939,0.040552,0.480808,0.001536,0.267568,0.001143,0.100187,0.002889,0.419741,0.001668,0.218249,0.000805,0.107226,0.002537,7,84
retrieved_context_behavior_clone,heldout_mechanism,twist_lid_with_force_limit,actuator_lag_shift,0.605442,0.041186,0.474508,0.005097,0.282660,0.003830,0.104838,0.002519,0.409078,0.004207,0.223099,0.000685,0.109291,0.000671,7,84
retrieved_context_behavior_clone,heldout_mechanism,twist_lid_with_force_limit,compliance_shift,0.591837,0.035538,0.482699,0.001472,0.276102,0.001095,0.100914,0.002784,0.419828,0.004256,0.222033,0.000732,0.107729,0.000730,7,84
retrieved_context_behavior_clone,heldout_mechanism,twist_lid_with_force_limit,compound_mechanism_shift,0.559524,0.042601,0.470820,0.004643,0.296901,0.001171,0.113372,0.001919,0.413166,0.001710,0.222540,0.001033,0.113137,0.002522,7,84
retrieved_context_behavior_clone,heldout_mechanism,twist_lid_with_force_limit,friction_mismatch,0.607143,0.035277,0.482006,0.001485,0.261828,0.001104,0.097434,0.000715,0.418264,0.001612,0.217709,0.002387,0.107749,0.001882,7,84
retrieved_context_behavior_clone,heldout_mechanism,twist_lid_with_force_limit,occluded_contact_shift,0.612245,0.040369,0.474673,0.001549,0.276293,0.002808,0.106310,0.001840,0.409919,0.001768,0.220385,0.001887,0.109894,0.002341,7,84
retrieved_context_behavior_clone,heldout_mechanism,twist_lid_with_force_limit,source_matched,0.649660,0.039394,0.495715,0.001447,0.250904,0.003551,0.089365,0.000812,0.422487,0.005747,0.213975,0.002314,0.104133,0.002444,7,84
retrieved_context_behavior_clone,heldout_mechanism,twist_lid_with_force_limit,support_topology_shift,0.617347,0.042426,0.479369,0.001549,0.267577,0.002808,0.102013,0.001115,0.411900,0.001768,0.220828,0.002703,0.108952,0.000734,7,84
retrieved_context_behavior_clone,heldout_object,cable_route_around_hook,actuator_lag_shift,0.534014,0.031151,0.477530,0.004744,0.273522,0.001056,0.102586,0.000804,0.457727,0.001542,0.220372,0.002802,0.109710,0.000704,7,84
retrieved_context_behavior_clone,heldout_object,cable_route_around_hook,compliance_shift,0.581633,0.036158,0.482839,0.001395,0.266517,0.002847,0.101680,0.000958,0.460108,0.005815,0.220439,0.000727,0.105556,0.000655,7,84
retrieved_context_behavior_clone,heldout_object,cable_route_around_hook,compound_mechanism_shift,0.537415,0.040231,0.473673,0.005097,0.285921,0.003830,0.109911,0.001259,0.451408,0.005201,0.223612,0.001168,0.108865,0.000671,7,84
retrieved_context_behavior_clone,heldout_object,cable_route_around_hook,friction_mismatch,0.612245,0.037712,0.492411,0.001408,0.253081,0.003570,0.093942,0.002962,0.457194,0.001669,0.218745,0.000797,0.103862,0.000637,7,84
retrieved_context_behavior_clone,heldout_object,cable_route_around_hook,occluded_contact_shift,0.561224,0.026667,0.479603,0.004710,0.266871,0.001095,0.103439,0.000853,0.455581,0.001598,0.217183,0.000723,0.106688,0.002563,7,84
retrieved_context_behavior_clone,heldout_object,cable_route_around_hook,source_matched,0.622449,0.036616,0.495045,0.004778,0.242427,0.001018,0.089006,0.001292,0.472102,0.001486,0.215644,0.001480,0.101574,0.000678,7,84
retrieved_context_behavior_clone,heldout_object,cable_route_around_hook,support_topology_shift,0.598639,0.009813,0.486305,0.005117,0.259659,0.003539,0.096182,0.000577,0.457185,0.004177,0.219319,0.001938,0.105632,0.000670,7,84
retrieved_context_behavior_clone,heldout_object,cloth_slide_over_edge,actuator_lag_shift,0.581633,0.044222,0.480098,0.001395,0.273255,0.003891,0.103324,0.003011,0.447376,0.004243,0.221159,0.002594,0.108868,0.000618,7,84
retrieved_context_behavior_clone,heldout_object,cloth_slide_over_edge,compliance_shift,0.617347,0.037218,0.482195,0.004778,0.265556,0.001018,0.099854,0.001254,0.459034,0.001486,0.219785,0.001463,0.106526,0.000678,7,84
retrieved_context_behavior_clone,heldout_object,cloth_slide_over_edge,compound_mechanism_shift,0.551020,0.025820,0.476732,0.001472,0.289452,0.002827,0.109573,0.001052,0.449175,0.005749,0.225120,0.000952,0.110624,0.000695,7,84
retrieved_context_behavior_clone,heldout_object,cloth_slide_over_edge,friction_mismatch,0.627551,0.019532,0.485369,0.001383,0.257612,0.001027,0.095454,0.002022,0.461567,0.004291,0.218609,0.000702,0.104019,0.000684,7,84
retrieved_context_behavior_clone,heldout_object,cloth_slide_over_edge,occluded_contact_shift,0.578231,0.030912,0.479450,0.004727,0.267992,0.001075,0.103532,0.002553,0.452403,0.001570,0.220467,0.000717,0.105653,0.000717,7,84
retrieved_context_behavior_clone,heldout_object,cloth_slide_over_edge,source_matched,0.617347,0.049479,0.495762,0.005218,0.242486,0.000999,0.085323,0.002127,0.467373,0.001458,0.211669,0.000960,0.099813,0.002615,7,84
retrieved_context_behavior_clone,heldout_object,cloth_slide_over_edge,support_topology_shift,0.568027,0.057317,0.488438,0.004727,0.259065,0.002834,0.099385,0.001185,0.451503,0.001656,0.216409,0.000986,0.103424,0.002404,7,84
retrieved_context_behavior_clone,heldout_object,drawer_pull_with_stiction,actuator_lag_shift,0.620748,0.031564,0.479191,0.001447,0.276246,0.001075,0.100908,0.000883,0.452196,0.001570,0.221303,0.002197,0.108466,0.000717,7,84
retrieved_context_behavior_clone,heldout_object,drawer_pull_with_stiction,compliance_shift,0.668367,0.025676,0.484802,0.001421,0.266038,0.002840,0.097625,0.000942,0.452472,0.005294,0.215803,0.000854,0.104405,0.002385,7,84
retrieved_context_behavior_clone,heldout_object,drawer_pull_with_stiction,compound_mechanism_shift,0.593537,0.035434,0.469855,0.003748,0.284537,0.003513,0.111515,0.002360,0.439879,0.004159,0.219945,0.000919,0.109382,0.002596,7,84
retrieved_context_behavior_clone,heldout_object,drawer_pull_with_stiction,friction_mismatch,0.630952,0.028803,0.491936,0.004735,0.250774,0.001066,0.095609,0.000826,0.449462,0.001556,0.216130,0.000695,0.101460,0.000711,7,84
retrieved_context_behavior_clone,heldout_object,drawer_pull_with_stiction,occluded_contact_shift,0.624150,0.040046,0.480661,0.005097,0.269143,0.003830,0.099614,0.002394,0.444244,0.004207,0.219289,0.001008,0.105134,0.000671,7,84
retrieved_context_behavior_clone,heldout_object,drawer_pull_with_stiction,source_matched,0.647959,0.049329,0.497310,0.005178,0.238744,0.001037,0.084943,0.001339,0.457216,0.001514,0.210873,0.001040,0.100517,0.002594,7,84
retrieved_context_behavior_clone,heldout_object,drawer_pull_with_stiction,support_topology_shift,0.639456,0.036968,0.489650,0.003756,0.263646,0.002821,0.099788,0.000915,0.450925,0.005727,0.214874,0.000833,0.104110,0.002569,7,84
retrieved_context_behavior_clone,heldout_object,peg_insert_contact_search,actuator_lag_shift,0.622449,0.046027,0.481580,0.001447,0.276485,0.002834,0.102727,0.001172,0.422645,0.005770,0.218731,0.002497,0.108205,0.002404,7,84
retrieved_context_behavior_clone,heldout_object,peg_insert_contact_search,compliance_shift,0.610544,0.040961,0.488088,0.001421,0.261803,0.003564,0.099605,0.001515,0.418962,0.001683,0.219086,0.000936,0.104512,0.000644,7,84
retrieved_context_behavior_clone,heldout_object,peg_insert_contact_search,compound_mechanism_shift,0.525510,0.063275,0.469557,0.003748,0.284474,0.003513,0.112219,0.003259,0.415033,0.004159,0.221579,0.000875,0.107771,0.001912,7,84
retrieved_context_behavior_clone,heldout_object,peg_insert_contact_search,friction_mismatch,0.641156,0.035798,0.487913,0.004735,0.253063,0.001066,0.091919,0.002289,0.428051,0.001556,0.218237,0.000892,0.103746,0.000711,7,84
retrieved_context_behavior_clone,heldout_object,peg_insert_contact_search,occluded_contact_shift,0.590136,0.045785,0.481259,0.005097,0.268037,0.003526,0.100008,0.001102,0.417876,0.001767,0.220894,0.000974,0.106240,0.000683,7,84
retrieved_context_behavior_clone,heldout_object,peg_insert_contact_search,source_matched,0.654762,0.033389,0.492344,0.001395,0.242041,0.001037,0.087786,0.000967,0.437275,0.001514,0.213699,0.000787,0.098920,0.000691,7,84
retrieved_context_behavior_clone,heldout_object,peg_insert_contact_search,support_topology_shift,0.612245,0.034102,0.487960,0.004693,0.262540,0.003526,0.098903,0.002934,0.424557,0.005704,0.216385,0.000882,0.102928,0.001881,7,84
retrieved_context_behavior_clone,heldout_object,twist_lid_with_force_limit,actuator_lag_shift,0.622449,0.033665,0.479307,0.005127,0.270630,0.001085,0.104088,0.001264,0.414089,0.001584,0.217714,0.001020,0.107085,0.002568,7,84
retrieved_context_behavior_clone,heldout_object,twist_lid_with_force_limit,compliance_shift,0.636054,0.060431,0.485893,0.005147,0.261153,0.001066,0.098599,0.002656,0.418005,0.001556,0.218895,0.000915,0.104668,0.000711,7,84
retrieved_context_behavior_clone,heldout_object,twist_lid_with_force_limit,compound_mechanism_shift,0.585034,0.036515,0.473907,0.005067,0.288733,0.002811,0.111886,0.001181,0.413525,0.005694,0.223040,0.002196,0.111288,0.000728,7,84
retrieved_context_behavior_clone,heldout_object,twist_lid_with_force_limit,friction_mismatch,0.632653,0.029876,0.489108,0.001447,0.256672,0.001075,0.091321,0.001228,0.428165,0.001570,0.217930,0.001892,0.104531,0.000717,7,84
retrieved_context_behavior_clone,heldout_object,twist_lid_with_force_limit,occluded_contact_shift,0.624150,0.064779,0.485688,0.001511,0.272356,0.001123,0.103660,0.001279,0.421599,0.004241,0.217035,0.002183,0.107511,0.002346,7,84
retrieved_context_behavior_clone,heldout_object,twist_lid_with_force_limit,source_matched,0.664966,0.036515,0.494801,0.001408,0.243166,0.001047,0.087258,0.000908,0.431191,0.004281,0.212618,0.000735,0.098004,0.000697,7,84
retrieved_context_behavior_clone,heldout_object,twist_lid_with_force_limit,support_topology_shift,0.629252,0.042426,0.487816,0.001511,0.261713,0.001123,0.096791,0.001280,0.423341,0.001640,0.219624,0.001019,0.105250,0.000750,7,84
retrieved_context_behavior_clone,seen_corpus,cable_route_around_hook,actuator_lag_shift,0.602041,0.029187,0.489606,0.003796,0.259779,0.001027,0.098663,0.000759,0.462555,0.001500,0.215528,0.000638,0.100608,0.000684,7,84
retrieved_context_behavior_clone,seen_corpus,cable_route_around_hook,compliance_shift,0.629252,0.033166,0.491024,0.001357,0.248140,0.002858,0.092442,0.000975,0.460743,0.001558,0.213934,0.000839,0.098999,0.000636,7,84
retrieved_context_behavior_clone,seen_corpus,cable_route_around_hook,compound_mechanism_shift,0.574830,0.020817,0.484038,0.001460,0.274325,0.003853,0.105906,0.000551,0.456798,0.005271,0.218341,0.002746,0.108094,0.000651,7,84
retrieved_context_behavior_clone,seen_corpus,cable_route_around_hook,friction_mismatch,0.637755,0.028739,0.497643,0.001370,0.237636,0.001018,0.087320,0.000949,0.464683,0.001486,0.211075,0.000780,0.098168,0.002394,7,84
retrieved_context_behavior_clone,seen_corpus,cable_route_around_hook,occluded_contact_shift,0.632653,0.053264,0.484174,0.001434,0.257790,0.001066,0.094901,0.001270,0.467215,0.001556,0.215399,0.002425,0.104208,0.000711,7,84
retrieved_context_behavior_clone,seen_corpus,cable_route_around_hook,source_matched,0.641156,0.034319,0.503696,0.001331,0.224400,0.000989,0.084035,0.000811,0.470675,0.001444,0.212064,0.002170,0.097543,0.000658,7,84
retrieved_context_behavior_clone,seen_corpus,cable_route_around_hook,support_topology_shift,0.608844,0.021257,0.492882,0.005147,0.245222,0.001066,0.095187,0.000714,0.463572,0.001556,0.213679,0.000629,0.098342,0.000711,7,84
retrieved_context_behavior_clone,seen_corpus,cloth_slide_over_edge,actuator_lag_shift,0.620748,0.044514,0.488453,0.001357,0.258567,0.001008,0.099214,0.001146,0.455785,0.001472,0.217194,0.000896,0.102514,0.000671,7,84
retrieved_context_behavior_clone,seen_corpus,cloth_slide_over_edge,compliance_shift,0.649660,0.015986,0.491232,0.001331,0.247949,0.000989,0.094859,0.000957,0.458037,0.001444,0.215114,0.002306,0.102747,0.000658,7,84
retrieved_context_behavior_clone,seen_corpus,cloth_slide_over_edge,compound_mechanism_shift,0.571429,0.026458,0.481089,0.004735,0.270051,0.001066,0.108058,0.002137,0.450703,0.001556,0.219418,0.000944,0.104473,0.000711,7,84
retrieved_context_behavior_clone,seen_corpus,cloth_slide_over_edge,friction_mismatch,0.610544,0.035172,0.496027,0.001344,0.237792,0.000999,0.089804,0.000952,0.459910,0.001458,0.214296,0.000766,0.098724,0.000665,7,84
retrieved_context_behavior_clone,seen_corpus,cloth_slide_over_edge,occluded_contact_shift,0.586735,0.018156,0.489446,0.001408,0.256251,0.003883,0.098789,0.002478,0.454824,0.004238,0.217752,0.000759,0.102461,0.000625,7,84
retrieved_context_behavior_clone,seen_corpus,cloth_slide_over_edge,source_matched,0.641156,0.028996,0.507552,0.001306,0.228660,0.000970,0.081014,0.000935,0.471895,0.001416,0.210780,0.000763,0.095192,0.000645,7,84
retrieved_context_behavior_clone,seen_corpus,cloth_slide_over_edge,support_topology_shift,0.588435,0.030062,0.489006,0.001408,0.250544,0.001047,0.093362,0.000858,0.466342,0.001528,0.212244,0.000713,0.100148,0.002589,7,84
retrieved_context_behavior_clone,seen_corpus,drawer_pull_with_stiction,actuator_lag_shift,0.666667,0.054603,0.489310,0.003787,0.257955,0.001047,0.097312,0.002491,0.449892,0.001528,0.218207,0.001295,0.104159,0.000697,7,84
retrieved_context_behavior_clone,seen_corpus,drawer_pull_with_stiction,compliance_shift,0.705782,0.041276,0.486456,0.001383,0.253403,0.001027,0.093822,0.000755,0.461000,0.001500,0.214311,0.000599,0.100541,0.000684,7,84
retrieved_context_behavior_clone,seen_corpus,drawer_pull_with_stiction,compound_mechanism_shift,0.630952,0.043504,0.480550,0.001485,0.275253,0.001104,0.107909,0.001149,0.453298,0.001612,0.216113,0.000911,0.105525,0.002558,7,84
retrieved_context_behavior_clone,seen_corpus,drawer_pull_with_stiction,friction_mismatch,0.668367,0.034319,0.495211,0.001395,0.244501,0.002847,0.090806,0.001020,0.459560,0.005815,0.213162,0.000942,0.098521,0.000655,7,84
retrieved_context_behavior_clone,seen_corpus,drawer_pull_with_stiction,occluded_contact_shift,0.654762,0.047219,0.492422,0.001460,0.257229,0.003853,0.095337,0.001109,0.451250,0.005271,0.216085,0.002226,0.104050,0.000651,7,84
retrieved_context_behavior_clone,seen_corpus,drawer_pull_with_stiction,source_matched,0.750000,0.045826,0.504003,0.005208,0.228174,0.001008,0.082521,0.001030,0.466185,0.001472,0.210996,0.000799,0.096923,0.000671,7,84
retrieved_context_behavior_clone,seen_corpus,drawer_pull_with_stiction,support_topology_shift,0.678571,0.036004,0.491982,0.001460,0.249806,0.001085,0.093913,0.002326,0.460265,0.001584,0.212554,0.000874,0.098276,0.000724,7,84
retrieved_context_behavior_clone,seen_corpus,peg_insert_contact_search,actuator_lag_shift,0.622449,0.021430,0.483835,0.004752,0.261045,0.001047,0.097505,0.000748,0.429403,0.001528,0.213555,0.000649,0.103517,0.002589,7,84
retrieved_context_behavior_clone,seen_corpus,peg_insert_contact_search,compliance_shift,0.627551,0.046027,0.491024,0.001383,0.250305,0.003898,0.092393,0.003442,0.426331,0.004247,0.214013,0.003114,0.103665,0.000612,7,84
retrieved_context_behavior_clone,seen_corpus,peg_insert_contact_search,compound_mechanism_shift,0.596939,0.015635,0.481534,0.001485,0.276327,0.001104,0.107547,0.002337,0.427293,0.004251,0.217977,0.000802,0.103502,0.000737,7,84
retrieved_context_behavior_clone,seen_corpus,peg_insert_contact_search,friction_mismatch,0.670068,0.056634,0.499331,0.001395,0.237636,0.001037,0.086129,0.002052,0.429683,0.001514,0.212664,0.001925,0.101353,0.000691,7,84
retrieved_context_behavior_clone,seen_corpus,peg_insert_contact_search,occluded_contact_shift,0.639456,0.033665,0.489729,0.004718,0.255544,0.003545,0.097129,0.000804,0.423791,0.001725,0.213561,0.001884,0.102426,0.002605,7,84
retrieved_context_behavior_clone,seen_corpus,peg_insert_contact_search,source_matched,0.697279,0.023254,0.500320,0.001357,0.227463,0.003914,0.078922,0.000778,0.435001,0.005344,0.207358,0.000870,0.094821,0.002435,7,84
retrieved_context_behavior_clone,seen_corpus,peg_insert_contact_search,support_topology_shift,0.634354,0.057991,0.493862,0.001460,0.251552,0.001085,0.091966,0.002364,0.435241,0.004261,0.215009,0.001093,0.100144,0.000724,7,84
retrieved_context_behavior_clone,seen_corpus,twist_lid_with_force_limit,actuator_lag_shift,0.673469,0.016777,0.482861,0.001421,0.262917,0.001056,0.096769,0.000719,0.427136,0.001542,0.213576,0.001921,0.104286,0.002376,7,84
retrieved_context_behavior_clone,seen_corpus,twist_lid_with_force_limit,compliance_shift,0.671769,0.039063,0.492416,0.001395,0.250521,0.003891,0.092851,0.003073,0.421646,0.004243,0.216455,0.000703,0.102157,0.000618,7,84
retrieved_context_behavior_clone,seen_corpus,twist_lid_with_force_limit,compound_mechanism_shift,0.654762,0.032203,0.475750,0.001498,0.271161,0.001114,0.103742,0.001129,0.417324,0.001626,0.220072,0.000922,0.106313,0.000743,7,84
retrieved_context_behavior_clone,seen_corpus,twist_lid_with_force_limit,friction_mismatch,0.646259,0.038345,0.499540,0.003787,0.238680,0.001047,0.087419,0.002708,0.426207,0.001528,0.214324,0.002033,0.100412,0.000697,7,84
retrieved_context_behavior_clone,seen_corpus,twist_lid_with_force_limit,occluded_contact_shift,0.688776,0.039581,0.486310,0.001472,0.257298,0.001095,0.097482,0.001987,0.426497,0.001598,0.213528,0.000952,0.099683,0.000730,7,84
retrieved_context_behavior_clone,seen_corpus,twist_lid_with_force_limit,source_matched,0.715986,0.043033,0.499504,0.001370,0.231168,0.001018,0.081336,0.002350,0.435411,0.005412,0.210197,0.002158,0.097989,0.000678,7,84
retrieved_context_behavior_clone,seen_corpus,twist_lid_with_force_limit,support_topology_shift,0.641156,0.009428,0.490444,0.004710,0.244730,0.001095,0.091384,0.000921,0.422854,0.001598,0.215571,0.001869,0.101821,0.000730,7,84
state_nearest_memory,combined_stress,cable_route_around_hook,actuator_lag_shift,0.421769,0.036311,0.449418,0.001280,0.338692,0.000951,0.124247,0.000769,0.423306,0.001388,0.212694,0.002084,0.128233,0.000632,7,84
state_nearest_memory,combined_stress,cable_route_around_hook,compliance_shift,0.511905,0.053403,0.446557,0.001255,0.323304,0.000931,0.115490,0.001377,0.419403,0.001360,0.210366,0.001051,0.125560,0.000618,7,84
state_nearest_memory,combined_stress,cable_route_around_hook,compound_mechanism_shift,0.401361,0.049291,0.437001,0.004786,0.352164,0.001008,0.132422,0.002201,0.420178,0.001472,0.214274,0.002270,0.131132,0.000671,7,84
state_nearest_memory,combined_stress,cable_route_around_hook,friction_mismatch,0.488095,0.041051,0.461312,0.001267,0.320075,0.000941,0.115628,0.001312,0.427059,0.005489,0.204023,0.001029,0.123212,0.002647,7,84
state_nearest_memory,combined_stress,cable_route_around_hook,occluded_contact_shift,0.476190,0.039110,0.447604,0.001331,0.328855,0.000989,0.122372,0.001064,0.416913,0.001444,0.211753,0.000842,0.126640,0.000658,7,84
state_nearest_memory,combined_stress,cable_route_around_hook,source_matched,0.574830,0.028674,0.461235,0.004873,0.298000,0.000912,0.104661,0.001105,0.426508,0.001332,0.200781,0.001599,0.121649,0.001931,7,84
state_nearest_memory,combined_stress,cable_route_around_hook,support_topology_shift,0.450680,0.046228,0.456324,0.001331,0.322706,0.000989,0.119749,0.001408,0.423318,0.001444,0.210063,0.001943,0.125470,0.000658,7,84
state_nearest_memory,combined_stress,cloth_slide_over_edge,actuator_lag_shift,0.442177,0.040552,0.444731,0.001255,0.336034,0.000931,0.123947,0.001264,0.415146,0.001360,0.210103,0.002474,0.129300,0.000618,7,84
state_nearest_memory,combined_stress,cloth_slide_over_edge,compliance_shift,0.479592,0.028674,0.447805,0.003854,0.323382,0.000912,0.118274,0.000975,0.415238,0.001332,0.205764,0.000788,0.125070,0.002662,7,84
state_nearest_memory,combined_stress,cloth_slide_over_edge,compound_mechanism_shift,0.399660,0.054331,0.437378,0.004804,0.353303,0.000989,0.129665,0.001493,0.414991,0.004312,0.212237,0.001148,0.126795,0.000658,7,84
state_nearest_memory,combined_stress,cloth_slide_over_edge,friction_mismatch,0.498299,0.044804,0.458449,0.001242,0.318785,0.000922,0.114260,0.002670,0.426042,0.001346,0.205917,0.000910,0.120641,0.000612,7,84
state_nearest_memory,combined_stress,cloth_slide_over_edge,occluded_contact_shift,0.464286,0.018359,0.451628,0.001306,0.332731,0.000970,0.119561,0.000679,0.418293,0.001416,0.209396,0.000593,0.124176,0.000645,7,84
state_nearest_memory,combined_stress,cloth_slide_over_edge,source_matched,0.556122,0.040323,0.459270,0.001203,0.300814,0.000893,0.104629,0.002740,0.426338,0.001304,0.204672,0.000613,0.119602,0.000592,7,84
state_nearest_memory,combined_stress,cloth_slide_over_edge,support_topology_shift,0.472789,0.024795,0.453488,0.005249,0.326582,0.000970,0.116258,0.000907,0.422126,0.004323,0.208373,0.000750,0.123006,0.000645,7,84
state_nearest_memory,combined_stress,drawer_pull_with_stiction,actuator_lag_shift,0.508503,0.023727,0.448492,0.001306,0.335034,0.000970,0.121776,0.002338,0.409888,0.001416,0.207409,0.000819,0.125213,0.002416,7,84
state_nearest_memory,combined_stress,drawer_pull_with_stiction,compliance_shift,0.522109,0.074386,0.455081,0.003834,0.328447,0.000951,0.117647,0.001911,0.416264,0.004334,0.208591,0.002729,0.126279,0.000632,7,84
state_nearest_memory,combined_stress,drawer_pull_with_stiction,compound_mechanism_shift,0.435374,0.044054,0.444318,0.001383,0.346111,0.001027,0.128087,0.001488,0.403265,0.001500,0.210418,0.001731,0.129902,0.002389,7,84
state_nearest_memory,combined_stress,drawer_pull_with_stiction,friction_mismatch,0.547619,0.028803,0.458251,0.001293,0.314815,0.000960,0.109083,0.001188,0.416448,0.001402,0.204912,0.000956,0.120238,0.000638,7,84
state_nearest_memory,combined_stress,drawer_pull_with_stiction,occluded_contact_shift,0.510204,0.023014,0.450648,0.004786,0.331605,0.001008,0.122278,0.001006,0.412851,0.001472,0.210335,0.000832,0.125720,0.000671,7,84
state_nearest_memory,combined_stress,drawer_pull_with_stiction,source_matched,0.619048,0.042601,0.463200,0.001255,0.299939,0.000931,0.103763,0.001080,0.421264,0.001360,0.202111,0.002902,0.121318,0.000618,7,84
state_nearest_memory,combined_stress,drawer_pull_with_stiction,support_topology_shift,0.527211,0.021430,0.447934,0.001357,0.325455,0.001008,0.118805,0.000961,0.419256,0.001472,0.209193,0.000800,0.124549,0.000671,7,84
state_nearest_memory,combined_stress,peg_insert_contact_search,actuator_lag_shift,0.464286,0.056470,0.444539,0.004821,0.336869,0.003622,0.123667,0.001071,0.383385,0.005868,0.212426,0.000954,0.127342,0.000585,7,84
state_nearest_memory,combined_stress,peg_insert_contact_search,compliance_shift,0.486395,0.049216,0.449737,0.001280,0.322379,0.000951,0.114651,0.001521,0.385939,0.001388,0.208219,0.001179,0.122997,0.000632,7,84
state_nearest_memory,combined_stress,peg_insert_contact_search,compound_mechanism_shift,0.397959,0.037019,0.437677,0.004769,0.349361,0.001027,0.132035,0.000850,0.383972,0.001500,0.212852,0.000686,0.127283,0.000684,7,84
state_nearest_memory,combined_stress,peg_insert_contact_search,friction_mismatch,0.559524,0.035642,0.454746,0.004830,0.315271,0.003952,0.113403,0.000887,0.387931,0.005390,0.204793,0.002707,0.124853,0.000566,7,84
state_nearest_memory,combined_stress,peg_insert_contact_search,occluded_contact_shift,0.482993,0.046348,0.444903,0.001357,0.333811,0.002858,0.119531,0.001686,0.386890,0.005848,0.206213,0.001267,0.125817,0.002636,7,84
state_nearest_memory,combined_stress,peg_insert_contact_search,source_matched,0.552721,0.047180,0.463326,0.005290,0.297974,0.003648,0.102134,0.001339,0.389210,0.001501,0.203759,0.001233,0.118558,0.000559,7,84
state_nearest_memory,combined_stress,peg_insert_contact_search,support_topology_shift,0.537415,0.022443,0.453623,0.001357,0.320801,0.003596,0.113652,0.000738,0.383278,0.001613,0.204548,0.000829,0.123379,0.002664,7,84
state_nearest_memory,combined_stress,twist_lid_with_force_limit,actuator_lag_shift,0.500000,0.042295,0.450601,0.001319,0.335868,0.000979,0.120893,0.002618,0.381466,0.001430,0.207181,0.000802,0.126018,0.002626,7,84
state_nearest_memory,combined_stress,twist_lid_with_force_limit,compliance_shift,0.528912,0.030062,0.453590,0.004830,0.328297,0.000960,0.116872,0.000777,0.386406,0.004328,0.209779,0.000639,0.125268,0.000638,7,84
state_nearest_memory,combined_stress,twist_lid_with_force_limit,compound_mechanism_shift,0.386054,0.030490,0.436641,0.003792,0.349897,0.001037,0.131353,0.000534,0.379153,0.001514,0.211586,0.000474,0.127012,0.001898,7,84
state_nearest_memory,combined_stress,twist_lid_with_force_limit,friction_mismatch,0.542517,0.032546,0.459703,0.001306,0.315157,0.000970,0.110054,0.001804,0.387308,0.001416,0.204308,0.000936,0.119563,0.000645,7,84
state_nearest_memory,combined_stress,twist_lid_with_force_limit,occluded_contact_shift,0.510204,0.051027,0.443947,0.001370,0.334406,0.001018,0.122685,0.002086,0.384730,0.004296,0.210156,0.002012,0.126730,0.000678,7,84
state_nearest_memory,combined_stress,twist_lid_with_force_limit,source_matched,0.617347,0.044804,0.462684,0.001267,0.298805,0.000941,0.102427,0.001120,0.389969,0.001374,0.203905,0.000867,0.119633,0.000625,7,84
state_nearest_memory,combined_stress,twist_lid_with_force_limit,support_topology_shift,0.520408,0.038006,0.452667,0.001370,0.323112,0.003906,0.115532,0.003110,0.381050,0.005335,0.207966,0.002229,0.125466,0.000605,7,84
state_nearest_memory,cross_embodiment,cable_route_around_hook,actuator_lag_shift,0.482993,0.049329,0.458339,0.001293,0.320656,0.000960,0.116485,0.000475,0.431002,0.001402,0.207293,0.000306,0.121724,0.000638,7,84
state_nearest_memory,cross_embodiment,cable_route_around_hook,compliance_shift,0.464286,0.058941,0.453726,0.001267,0.305669,0.002883,0.109059,0.001292,0.425112,0.001460,0.204470,0.001036,0.118182,0.000590,7,84
state_nearest_memory,cross_embodiment,cable_route_around_hook,compound_mechanism_shift,0.437075,0.031269,0.446493,0.001370,0.332840,0.003906,0.123073,0.002074,0.420849,0.005335,0.206085,0.001975,0.124884,0.002449,7,84
state_nearest_memory,cross_embodiment,cable_route_around_hook,friction_mismatch,0.523810,0.030123,0.469466,0.001280,0.301463,0.000951,0.107950,0.000987,0.436487,0.004334,0.202026,0.002704,0.119738,0.000632,7,84
state_nearest_memory,cross_embodiment,cable_route_around_hook,occluded_contact_shift,0.494898,0.022690,0.459789,0.001344,0.313267,0.000999,0.117277,0.000822,0.428183,0.001458,0.206293,0.002079,0.121807,0.000665,7,84
state_nearest_memory,cross_embodiment,cable_route_around_hook,source_matched,0.573129,0.030732,0.473585,0.004865,0.282535,0.003983,0.096636,0.000802,0.432813,0.004301,0.200263,0.000801,0.114614,0.000540,7,84
state_nearest_memory,cross_embodiment,cable_route_around_hook,support_topology_shift,0.544218,0.033278,0.457931,0.004795,0.307760,0.000999,0.110203,0.002616,0.435526,0.001458,0.202839,0.002643,0.121076,0.000665,7,84
state_nearest_memory,cross_embodiment,cloth_slide_over_edge,actuator_lag_shift,0.505102,0.034854,0.451774,0.001267,0.316752,0.000941,0.115146,0.001015,0.420794,0.001374,0.207227,0.000809,0.121890,0.000625,7,84
state_nearest_memory,cross_embodiment,cloth_slide_over_edge,compliance_shift,0.520408,0.020184,0.459957,0.005300,0.306216,0.003655,0.109198,0.000623,0.418830,0.001487,0.205752,0.000676,0.120252,0.000552,7,84
state_nearest_memory,cross_embodiment,cloth_slide_over_edge,compound_mechanism_shift,0.430272,0.033166,0.444992,0.001344,0.331019,0.003921,0.123857,0.000780,0.413682,0.004262,0.207812,0.000891,0.121902,0.000592,7,84
state_nearest_memory,cross_embodiment,cloth_slide_over_edge,friction_mismatch,0.522109,0.029439,0.464725,0.001255,0.298927,0.000931,0.108101,0.000888,0.430849,0.001360,0.198631,0.000721,0.118554,0.002434,7,84
state_nearest_memory,cross_embodiment,cloth_slide_over_edge,occluded_contact_shift,0.479592,0.033665,0.459649,0.003820,0.315897,0.000979,0.113528,0.001266,0.427515,0.001430,0.204246,0.001011,0.118442,0.000651,7,84
state_nearest_memory,cross_embodiment,cloth_slide_over_edge,source_matched,0.605442,0.043928,0.472029,0.005320,0.278958,0.000903,0.098765,0.000794,0.428228,0.001318,0.195697,0.000602,0.113860,0.002668,7,84
state_nearest_memory,cross_embodiment,cloth_slide_over_edge,support_topology_shift,0.528912,0.035590,0.455504,0.001319,0.306959,0.003616,0.109628,0.000873,0.424704,0.005857,0.203079,0.000711,0.117649,0.000592,7,84
state_nearest_memory,cross_embodiment,drawer_pull_with_stiction,actuator_lag_shift,0.547619,0.019052,0.459406,0.001319,0.318925,0.000979,0.114526,0.002376,0.419787,0.001430,0.202324,0.000633,0.121039,0.002626,7,84
state_nearest_memory,cross_embodiment,drawer_pull_with_stiction,compliance_shift,0.588435,0.032546,0.461956,0.004830,0.311025,0.000960,0.110022,0.001202,0.424244,0.004328,0.204536,0.000961,0.120062,0.000638,7,84
state_nearest_memory,cross_embodiment,drawer_pull_with_stiction,compound_mechanism_shift,0.500000,0.018359,0.444368,0.001395,0.333861,0.001037,0.124332,0.000877,0.418797,0.001514,0.206404,0.000746,0.121509,0.000691,7,84
state_nearest_memory,cross_embodiment,drawer_pull_with_stiction,friction_mismatch,0.613946,0.031740,0.468397,0.001306,0.298131,0.000970,0.102005,0.000634,0.425506,0.001416,0.199062,0.000529,0.114526,0.000645,7,84
state_nearest_memory,cross_embodiment,drawer_pull_with_stiction,occluded_contact_shift,0.544218,0.035538,0.453392,0.001370,0.316229,0.002854,0.114531,0.002676,0.418675,0.005837,0.204666,0.002666,0.122048,0.000642,7,84
state_nearest_memory,cross_embodiment,drawer_pull_with_stiction,source_matched,0.615646,0.027756,0.470682,0.001267,0.281257,0.000941,0.096597,0.000590,0.427405,0.001374,0.199335,0.000504,0.114239,0.000625,7,84
state_nearest_memory,cross_embodiment,drawer_pull_with_stiction,support_topology_shift,0.562925,0.043119,0.462968,0.001370,0.302146,0.002854,0.107426,0.002499,0.416069,0.001572,0.201641,0.002406,0.121163,0.000642,7,84
state_nearest_memory,cross_embodiment,peg_insert_contact_search,actuator_lag_shift,0.549320,0.042120,0.450360,0.001319,0.317158,0.003937,0.116148,0.001066,0.387716,0.004271,0.206514,0.000939,0.121781,0.000579,7,84
state_nearest_memory,cross_embodiment,peg_insert_contact_search,compliance_shift,0.545918,0.033939,0.458379,0.001293,0.304784,0.000960,0.108068,0.001967,0.393361,0.001402,0.201788,0.000727,0.116598,0.000638,7,84
state_nearest_memory,cross_embodiment,peg_insert_contact_search,compound_mechanism_shift,0.508503,0.040643,0.448642,0.001395,0.331792,0.003891,0.124451,0.002791,0.386287,0.005317,0.209155,0.000828,0.124332,0.000618,7,84
state_nearest_memory,cross_embodiment,peg_insert_contact_search,friction_mismatch,0.583333,0.017638,0.459798,0.001306,0.296699,0.003944,0.106810,0.000592,0.393926,0.004276,0.201641,0.002460,0.118929,0.000572,7,84
state_nearest_memory,cross_embodiment,peg_insert_contact_search,occluded_contact_shift,0.544218,0.026805,0.458562,0.001370,0.309687,0.001018,0.112646,0.001059,0.389925,0.001486,0.202267,0.000867,0.118378,0.001903,7,84
state_nearest_memory,cross_embodiment,peg_insert_contact_search,source_matched,0.624150,0.040369,0.472575,0.005279,0.282549,0.003967,0.098066,0.003031,0.399800,0.005409,0.196321,0.000802,0.111358,0.000553,7,84
state_nearest_memory,cross_embodiment,peg_insert_contact_search,support_topology_shift,0.593537,0.039907,0.461277,0.005198,0.304180,0.001018,0.109003,0.000826,0.397267,0.001486,0.201100,0.000658,0.116503,0.000678,7,84
state_nearest_memory,cross_embodiment,twist_lid_with_force_limit,actuator_lag_shift,0.527211,0.045745,0.455283,0.005228,0.320313,0.000989,0.114251,0.001979,0.392058,0.001444,0.202605,0.000821,0.121056,0.002620,7,84
state_nearest_memory,cross_embodiment,twist_lid_with_force_limit,compliance_shift,0.534014,0.031151,0.458808,0.005249,0.311428,0.000970,0.110841,0.000921,0.392506,0.005460,0.204637,0.000748,0.119406,0.000645,7,84
state_nearest_memory,cross_embodiment,twist_lid_with_force_limit,compound_mechanism_shift,0.454082,0.041811,0.451042,0.001408,0.329624,0.003570,0.126113,0.002272,0.377712,0.001669,0.209010,0.000570,0.123393,0.000637,7,84
state_nearest_memory,cross_embodiment,twist_lid_with_force_limit,friction_mismatch,0.642857,0.042904,0.468192,0.003820,0.299026,0.000979,0.101522,0.001016,0.397058,0.001430,0.198324,0.000793,0.115350,0.001913,7,84
state_nearest_memory,cross_embodiment,twist_lid_with_force_limit,occluded_contact_shift,0.503401,0.052845,0.458754,0.001383,0.311008,0.002851,0.112050,0.001555,0.383871,0.001586,0.203115,0.002250,0.122115,0.001900,7,84
state_nearest_memory,cross_embodiment,twist_lid_with_force_limit,source_matched,0.603741,0.052845,0.470795,0.001280,0.280676,0.000951,0.095836,0.000723,0.396802,0.001388,0.198185,0.000508,0.112908,0.000632,7,84
state_nearest_memory,cross_embodiment,twist_lid_with_force_limit,support_topology_shift,0.574830,0.046027,0.461469,0.005188,0.303786,0.001027,0.107835,0.001204,0.391282,0.001500,0.199352,0.000940,0.119066,0.002599,7,84
state_nearest_memory,heldout_mechanism,cable_route_around_hook,actuator_lag_shift,0.496599,0.035172,0.461236,0.001306,0.310058,0.000970,0.111542,0.000937,0.432783,0.001416,0.202786,0.000751,0.116963,0.000645,7,84
state_nearest_memory,heldout_mechanism,cable_route_around_hook,compliance_shift,0.513605,0.036515,0.464019,0.005269,0.300617,0.003635,0.110946,0.000680,0.432419,0.005890,0.198587,0.000514,0.117219,0.002696,7,84
state_nearest_memory,heldout_mechanism,cable_route_around_hook,compound_mechanism_shift,0.464286,0.032998,0.454534,0.001383,0.319239,0.001027,0.119061,0.000712,0.423392,0.001500,0.202816,0.000593,0.121498,0.002599,7,84
state_nearest_memory,heldout_mechanism,cable_route_around_hook,friction_mismatch,0.562925,0.047958,0.471595,0.001293,0.290289,0.000960,0.102069,0.001366,0.440000,0.001402,0.200208,0.001058,0.114584,0.000638,7,84
state_nearest_memory,heldout_mechanism,cable_route_around_hook,occluded_contact_shift,0.498299,0.029876,0.463663,0.003806,0.305117,0.001008,0.114354,0.001156,0.433539,0.001472,0.204704,0.000935,0.118723,0.000671,7,84
state_nearest_memory,heldout_mechanism,cable_route_around_hook,source_matched,0.581633,0.062657,0.477623,0.001255,0.276224,0.000931,0.098404,0.001669,0.445999,0.001360,0.194111,0.001266,0.110501,0.002434,7,84
state_nearest_memory,heldout_mechanism,cable_route_around_hook,support_topology_shift,0.542517,0.022690,0.460374,0.001357,0.300251,0.001008,0.106715,0.002853,0.436673,0.005422,0.200606,0.002806,0.118431,0.000671,7,84
state_nearest_memory,heldout_mechanism,cloth_slide_over_edge,actuator_lag_shift,0.518707,0.030490,0.452817,0.001280,0.306571,0.002879,0.112753,0.002851,0.420480,0.001474,0.201825,0.000683,0.116244,0.000597,7,84
state_nearest_memory,heldout_mechanism,cloth_slide_over_edge,compliance_shift,0.511905,0.023333,0.466108,0.001255,0.301581,0.000931,0.110217,0.002023,0.434333,0.001360,0.199783,0.000440,0.114973,0.001925,7,84
state_nearest_memory,heldout_mechanism,cloth_slide_over_edge,compound_mechanism_shift,0.479592,0.037317,0.451178,0.001357,0.321265,0.003596,0.119923,0.000867,0.416566,0.001613,0.204482,0.000873,0.118836,0.000611,7,84
state_nearest_memory,heldout_mechanism,cloth_slide_over_edge,friction_mismatch,0.562925,0.030000,0.464999,0.001267,0.286455,0.000941,0.101178,0.000961,0.429763,0.001374,0.200468,0.000777,0.114770,0.000625,7,84
state_nearest_memory,heldout_mechanism,cloth_slide_over_edge,occluded_contact_shift,0.511905,0.033775,0.463955,0.003815,0.306449,0.000989,0.110161,0.001865,0.430844,0.001444,0.200214,0.000855,0.116729,0.002407,7,84
state_nearest_memory,heldout_mechanism,cloth_slide_over_edge,source_matched,0.590136,0.040369,0.476500,0.001229,0.276494,0.000912,0.094669,0.002415,0.441754,0.001332,0.196988,0.000837,0.111210,0.000605,7,84
state_nearest_memory,heldout_mechanism,cloth_slide_over_edge,support_topology_shift,0.530612,0.056437,0.460666,0.001331,0.298153,0.003609,0.106205,0.001513,0.428970,0.005846,0.199904,0.001258,0.114088,0.000598,7,84
state_nearest_memory,heldout_mechanism,drawer_pull_with_stiction,actuator_lag_shift,0.551020,0.052352,0.462071,0.003815,0.310116,0.000989,0.112133,0.002784,0.423830,0.001444,0.200217,0.001900,0.119717,0.002407,7,84
state_nearest_memory,heldout_mechanism,drawer_pull_with_stiction,compliance_shift,0.588435,0.042861,0.467442,0.003825,0.300901,0.000970,0.105579,0.000868,0.428941,0.001416,0.200457,0.000674,0.115554,0.000645,7,84
state_nearest_memory,heldout_mechanism,drawer_pull_with_stiction,compound_mechanism_shift,0.523810,0.017638,0.454463,0.001408,0.322048,0.003883,0.122733,0.000577,0.413310,0.004238,0.205440,0.000636,0.120418,0.000625,7,84
state_nearest_memory,heldout_mechanism,drawer_pull_with_stiction,friction_mismatch,0.620748,0.037218,0.472580,0.001319,0.288745,0.000979,0.101403,0.002528,0.428708,0.001430,0.195379,0.000975,0.115097,0.002626,7,84
state_nearest_memory,heldout_mechanism,drawer_pull_with_stiction,occluded_contact_shift,0.591837,0.027285,0.461607,0.001383,0.303007,0.003583,0.109124,0.002356,0.416275,0.001641,0.200142,0.002496,0.119992,0.000624,7,84
state_nearest_memory,heldout_mechanism,drawer_pull_with_stiction,source_matched,0.642857,0.032998,0.472201,0.001280,0.269873,0.000951,0.092962,0.002861,0.427689,0.001388,0.194035,0.000597,0.108867,0.000632,7,84
state_nearest_memory,heldout_mechanism,drawer_pull_with_stiction,support_topology_shift,0.617347,0.027622,0.465178,0.005188,0.294711,0.001027,0.103888,0.000994,0.424692,0.001500,0.196306,0.000818,0.116208,0.002599,7,84
state_nearest_memory,heldout_mechanism,peg_insert_contact_search,actuator_lag_shift,0.544218,0.058214,0.454822,0.001331,0.308105,0.003929,0.112540,0.001073,0.391230,0.004266,0.203181,0.000741,0.117969,0.000585,7,84
state_nearest_memory,heldout_mechanism,peg_insert_contact_search,compliance_shift,0.540816,0.054331,0.461089,0.001306,0.294417,0.000970,0.109202,0.001642,0.394955,0.001416,0.198723,0.002537,0.117604,0.002416,7,84
state_nearest_memory,heldout_mechanism,peg_insert_contact_search,compound_mechanism_shift,0.488095,0.011386,0.453674,0.004752,0.319737,0.001047,0.118922,0.001865,0.390562,0.001528,0.205178,0.002691,0.123038,0.000697,7,84
state_nearest_memory,heldout_mechanism,peg_insert_contact_search,friction_mismatch,0.605442,0.032375,0.463492,0.001319,0.288785,0.003937,0.102358,0.000730,0.399102,0.005372,0.199830,0.000787,0.114753,0.000579,7,84
state_nearest_memory,heldout_mechanism,peg_insert_contact_search,occluded_contact_shift,0.549320,0.035798,0.464001,0.003796,0.303082,0.001027,0.110649,0.001234,0.397012,0.001500,0.200423,0.000987,0.115099,0.000684,7,84
state_nearest_memory,heldout_mechanism,peg_insert_contact_search,source_matched,0.625850,0.036311,0.480465,0.001280,0.276067,0.000951,0.096228,0.000678,0.412213,0.001388,0.194608,0.002934,0.113880,0.000632,7,84
state_nearest_memory,heldout_mechanism,peg_insert_contact_search,support_topology_shift,0.551020,0.030000,0.460712,0.001383,0.298217,0.001027,0.108434,0.000847,0.405291,0.001500,0.200351,0.000702,0.114807,0.000684,7,84
state_nearest_memory,heldout_mechanism,twist_lid_with_force_limit,actuator_lag_shift,0.561224,0.024646,0.456301,0.004795,0.312030,0.000999,0.111613,0.002560,0.394232,0.004307,0.199263,0.000707,0.118937,0.002615,7,84
state_nearest_memory,heldout_mechanism,twist_lid_with_force_limit,compliance_shift,0.569728,0.039907,0.462647,0.005238,0.301831,0.000979,0.106051,0.000825,0.397907,0.004317,0.200395,0.000651,0.115244,0.000651,7,84
state_nearest_memory,heldout_mechanism,twist_lid_with_force_limit,compound_mechanism_shift,0.520408,0.024795,0.448056,0.003783,0.321769,0.001056,0.117429,0.000543,0.388228,0.001542,0.205501,0.002617,0.122711,0.000704,7,84
state_nearest_memory,heldout_mechanism,twist_lid_with_force_limit,friction_mismatch,0.613946,0.034854,0.470728,0.004804,0.290167,0.000989,0.100858,0.002725,0.400964,0.001444,0.195479,0.000766,0.115124,0.002620,7,84
state_nearest_memory,heldout_mechanism,twist_lid_with_force_limit,occluded_contact_shift,0.568027,0.027285,0.460749,0.005178,0.303458,0.001037,0.109343,0.001159,0.392260,0.001514,0.198689,0.000945,0.117068,0.002594,7,84
state_nearest_memory,heldout_mechanism,twist_lid_with_force_limit,source_matched,0.630952,0.039768,0.472955,0.001293,0.269819,0.000960,0.094855,0.002297,0.397791,0.001402,0.193222,0.000848,0.110171,0.002420,7,84
state_nearest_memory,heldout_mechanism,twist_lid_with_force_limit,support_topology_shift,0.578231,0.028739,0.462033,0.001395,0.298593,0.001037,0.106958,0.001128,0.400540,0.001514,0.198498,0.000919,0.113346,0.000691,7,84
state_nearest_memory,heldout_object,cable_route_around_hook,actuator_lag_shift,0.508503,0.070317,0.457036,0.001267,0.296985,0.002883,0.107400,0.001068,0.430253,0.001460,0.200847,0.000534,0.114676,0.000590,7,84
state_nearest_memory,heldout_object,cable_route_around_hook,compliance_shift,0.591837,0.038006,0.471935,0.001242,0.291486,0.002891,0.101540,0.002540,0.438217,0.005948,0.198348,0.000684,0.113057,0.000577,7,84
state_nearest_memory,heldout_object,cable_route_around_hook,compound_mechanism_shift,0.471088,0.044054,0.450910,0.001344,0.315174,0.002861,0.115984,0.001191,0.431441,0.005859,0.201237,0.000992,0.117374,0.002412,7,84
state_nearest_memory,heldout_object,cable_route_around_hook,friction_mismatch,0.568027,0.032088,0.469699,0.001255,0.277229,0.000931,0.099216,0.000972,0.440062,0.001360,0.197229,0.002665,0.113449,0.000618,7,84
state_nearest_memory,heldout_object,cable_route_around_hook,occluded_contact_shift,0.517007,0.036667,0.467966,0.001319,0.294990,0.000979,0.106544,0.001611,0.437884,0.001430,0.197774,0.000845,0.113879,0.002412,7,84
state_nearest_memory,heldout_object,cable_route_around_hook,source_matched,0.622449,0.041589,0.483719,0.001216,0.265727,0.003668,0.091021,0.000825,0.442085,0.005481,0.192341,0.002706,0.111121,0.000539,7,84
state_nearest_memory,heldout_object,cable_route_around_hook,support_topology_shift,0.522109,0.036158,0.471256,0.004812,0.288199,0.000979,0.101689,0.001006,0.443352,0.001430,0.196370,0.000804,0.111125,0.001913,7,84
state_nearest_memory,heldout_object,cloth_slide_over_edge,actuator_lag_shift,0.534014,0.052775,0.463198,0.005300,0.297689,0.003655,0.108162,0.001033,0.423906,0.001487,0.202596,0.000996,0.116792,0.000552,7,84
state_nearest_memory,heldout_object,cloth_slide_over_edge,compliance_shift,0.554422,0.044638,0.472597,0.001216,0.288066,0.003998,0.103932,0.000863,0.428420,0.004312,0.195941,0.002037,0.115779,0.001947,7,84
state_nearest_memory,heldout_object,cloth_slide_over_edge,compound_mechanism_shift,0.493197,0.034102,0.452988,0.001319,0.311100,0.003616,0.118989,0.000744,0.420690,0.001571,0.204422,0.002264,0.119649,0.000592,7,84
state_nearest_memory,heldout_object,cloth_slide_over_edge,friction_mismatch,0.579932,0.052845,0.468537,0.001229,0.277586,0.000912,0.101136,0.001150,0.435780,0.001332,0.194364,0.000865,0.109610,0.001931,7,84
state_nearest_memory,heldout_object,cloth_slide_over_edge,occluded_contact_shift,0.539116,0.053817,0.462258,0.004830,0.295368,0.003952,0.110562,0.001320,0.428487,0.005390,0.197066,0.002164,0.115771,0.002477,7,84
state_nearest_memory,heldout_object,cloth_slide_over_edge,source_matched,0.639456,0.033278,0.478882,0.005341,0.261613,0.000883,0.090666,0.002699,0.438993,0.001290,0.194427,0.000674,0.108795,0.000586,7,84
state_nearest_memory,heldout_object,cloth_slide_over_edge,support_topology_shift,0.579932,0.043419,0.465548,0.001293,0.283431,0.002876,0.104607,0.001999,0.429015,0.001488,0.195162,0.002037,0.114069,0.002430,7,84
state_nearest_memory,heldout_object,drawer_pull_with_stiction,actuator_lag_shift,0.595238,0.022771,0.465081,0.004830,0.302760,0.000960,0.109142,0.000981,0.429210,0.004328,0.201540,0.000808,0.116679,0.000638,7,84
state_nearest_memory,heldout_object,drawer_pull_with_stiction,compliance_shift,0.605442,0.054705,0.464274,0.001267,0.285482,0.000941,0.100582,0.001492,0.425121,0.001374,0.197928,0.001142,0.112712,0.000625,7,84
state_nearest_memory,heldout_object,drawer_pull_with_stiction,compound_mechanism_shift,0.544218,0.035901,0.460337,0.001370,0.309979,0.001018,0.115580,0.000736,0.419527,0.001486,0.200524,0.000601,0.116441,0.001903,7,84
state_nearest_memory,heldout_object,drawer_pull_with_stiction,friction_mismatch,0.634354,0.037663,0.473321,0.005269,0.281402,0.002879,0.100178,0.000554,0.431534,0.005914,0.194853,0.003125,0.114355,0.000597,7,84
state_nearest_memory,heldout_object,drawer_pull_with_stiction,occluded_contact_shift,0.603741,0.042208,0.463973,0.005218,0.296883,0.000999,0.106550,0.002715,0.431172,0.001458,0.197021,0.002658,0.116654,0.001908,7,84
state_nearest_memory,heldout_object,drawer_pull_with_stiction,source_matched,0.695578,0.018257,0.480934,0.005300,0.261664,0.003655,0.088025,0.000590,0.429251,0.001487,0.193526,0.000706,0.108676,0.000552,7,84
state_nearest_memory,heldout_object,drawer_pull_with_stiction,support_topology_shift,0.649660,0.039063,0.464977,0.001344,0.290092,0.000999,0.100879,0.002579,0.431494,0.005431,0.195046,0.002546,0.115044,0.001908,7,84
state_nearest_memory,heldout_object,peg_insert_contact_search,actuator_lag_shift,0.554422,0.043162,0.461412,0.001293,0.296728,0.000960,0.107170,0.001961,0.398239,0.001402,0.198821,0.001090,0.113276,0.000638,7,84
state_nearest_memory,heldout_object,peg_insert_contact_search,compliance_shift,0.549320,0.040870,0.472936,0.001267,0.292128,0.000941,0.107175,0.000864,0.404942,0.005489,0.195871,0.000674,0.113416,0.002647,7,84
state_nearest_memory,heldout_object,peg_insert_contact_search,compound_mechanism_shift,0.525510,0.017951,0.453980,0.004778,0.313938,0.001018,0.119431,0.000676,0.400569,0.001486,0.204155,0.000600,0.118734,0.000678,7,84
state_nearest_memory,heldout_object,peg_insert_contact_search,friction_mismatch,0.573129,0.036868,0.472387,0.001280,0.277422,0.000951,0.097848,0.000827,0.406130,0.001388,0.197217,0.000658,0.111213,0.000632,7,84
state_nearest_memory,heldout_object,peg_insert_contact_search,occluded_contact_shift,0.525510,0.030732,0.463086,0.001344,0.292937,0.003603,0.108016,0.000794,0.395529,0.001599,0.199647,0.000800,0.113536,0.000605,7,84
state_nearest_memory,heldout_object,peg_insert_contact_search,source_matched,0.654762,0.016102,0.481344,0.001242,0.265552,0.000922,0.092266,0.002574,0.415335,0.001346,0.191703,0.000485,0.106347,0.000612,7,84
state_nearest_memory,heldout_object,peg_insert_contact_search,support_topology_shift,0.612245,0.028284,0.470950,0.001344,0.282716,0.000999,0.102415,0.000612,0.401133,0.001458,0.197101,0.000528,0.111864,0.000665,7,84
state_nearest_memory,heldout_object,twist_lid_with_force_limit,actuator_lag_shift,0.576531,0.050626,0.461899,0.005249,0.303242,0.000970,0.109253,0.001642,0.397439,0.005460,0.201161,0.001275,0.116046,0.000645,7,84
state_nearest_memory,heldout_object,twist_lid_with_force_limit,compliance_shift,0.605442,0.045379,0.464353,0.001280,0.284979,0.000951,0.101875,0.002025,0.394486,0.001388,0.196631,0.000929,0.111405,0.000632,7,84
state_nearest_memory,heldout_object,twist_lid_with_force_limit,compound_mechanism_shift,0.535714,0.024944,0.454229,0.004769,0.313413,0.001027,0.117676,0.001037,0.394639,0.001500,0.201970,0.000854,0.116685,0.000684,7,84
state_nearest_memory,heldout_object,twist_lid_with_force_limit,friction_mismatch,0.659864,0.040369,0.471769,0.005259,0.281392,0.002876,0.099039,0.000319,0.401617,0.005903,0.195814,0.002837,0.113384,0.000603,7,84
state_nearest_memory,heldout_object,twist_lid_with_force_limit,occluded_contact_shift,0.561224,0.024114,0.461128,0.001357,0.297617,0.002858,0.106180,0.001988,0.397197,0.005848,0.196001,0.000516,0.115050,0.002636,7,84
state_nearest_memory,heldout_object,twist_lid_with_force_limit,source_matched,0.673469,0.018954,0.481988,0.004856,0.265323,0.003648,0.090560,0.002672,0.404691,0.005912,0.191883,0.000716,0.106787,0.000559,7,84
state_nearest_memory,heldout_object,twist_lid_with_force_limit,support_topology_shift,0.607143,0.045542,0.468992,0.001357,0.285681,0.003914,0.100123,0.001105,0.395153,0.004257,0.194026,0.000933,0.113347,0.002670,7,84
state_nearest_memory,seen_corpus,cable_route_around_hook,actuator_lag_shift,0.540816,0.043759,0.472085,0.001229,0.289492,0.000912,0.102716,0.000499,0.443321,0.005518,0.197989,0.000357,0.111747,0.000605,7,84
state_nearest_memory,seen_corpus,cable_route_around_hook,compliance_shift,0.547619,0.063596,0.476232,0.001203,0.277645,0.002902,0.099395,0.001604,0.444588,0.005982,0.193472,0.002114,0.111498,0.001995,7,84
state_nearest_memory,seen_corpus,cable_route_around_hook,compound_mechanism_shift,0.544218,0.033278,0.466534,0.001306,0.299538,0.000970,0.110161,0.000734,0.440336,0.001416,0.198095,0.000600,0.112300,0.000645,7,84
state_nearest_memory,seen_corpus,cable_route_around_hook,friction_mismatch,0.620748,0.034319,0.477904,0.005320,0.261174,0.000903,0.094633,0.000796,0.443200,0.001318,0.189521,0.000635,0.106943,0.002668,7,84
state_nearest_memory,seen_corpus,cable_route_around_hook,occluded_contact_shift,0.585034,0.031564,0.473222,0.001280,0.281869,0.000951,0.102687,0.001225,0.445306,0.001388,0.197524,0.000979,0.111670,0.000632,7,84
state_nearest_memory,seen_corpus,cable_route_around_hook,source_matched,0.622449,0.038682,0.488482,0.004909,0.247090,0.000874,0.086721,0.002180,0.449172,0.001276,0.191654,0.000920,0.105136,0.000579,7,84
state_nearest_memory,seen_corpus,cable_route_around_hook,support_topology_shift,0.574830,0.030000,0.478518,0.001280,0.273152,0.000951,0.097854,0.000874,0.447962,0.001388,0.195051,0.000712,0.108741,0.000632,7,84
state_nearest_memory,seen_corpus,cloth_slide_over_edge,actuator_lag_shift,0.581633,0.025166,0.472238,0.003864,0.282399,0.002902,0.105323,0.001010,0.430538,0.001390,0.194282,0.000898,0.109627,0.001995,7,84
state_nearest_memory,seen_corpus,cloth_slide_over_edge,compliance_shift,0.607143,0.026458,0.473173,0.005351,0.273288,0.000874,0.095654,0.000897,0.438372,0.001276,0.194757,0.002365,0.111251,0.000579,7,84
state_nearest_memory,seen_corpus,cloth_slide_over_edge,compound_mechanism_shift,0.540816,0.045501,0.458030,0.001280,0.294528,0.000951,0.110624,0.002106,0.428022,0.001388,0.197539,0.001020,0.111605,0.000632,7,84
state_nearest_memory,seen_corpus,cloth_slide_over_edge,friction_mismatch,0.627551,0.028219,0.475307,0.001191,0.265740,0.000883,0.091703,0.000685,0.444866,0.001290,0.192919,0.002637,0.109375,0.000586,7,84
state_nearest_memory,seen_corpus,cloth_slide_over_edge,occluded_contact_shift,0.588435,0.059566,0.468366,0.001255,0.279595,0.000931,0.102757,0.001583,0.436986,0.001360,0.195266,0.002278,0.112849,0.000618,7,84
state_nearest_memory,seen_corpus,cloth_slide_over_edge,source_matched,0.681973,0.054297,0.486784,0.001152,0.248899,0.004037,0.086410,0.002745,0.441669,0.004338,0.191332,0.001089,0.105680,0.000494,7,84
state_nearest_memory,seen_corpus,cloth_slide_over_edge,support_topology_shift,0.598639,0.047415,0.473662,0.001255,0.270878,0.000931,0.097515,0.001125,0.439642,0.001360,0.195937,0.000863,0.109920,0.000618,7,84
state_nearest_memory,seen_corpus,drawer_pull_with_stiction,actuator_lag_shift,0.653061,0.025166,0.466739,0.004856,0.283880,0.003648,0.101033,0.002306,0.425128,0.001501,0.195190,0.000581,0.110418,0.000559,7,84
state_nearest_memory,seen_corpus,drawer_pull_with_stiction,compliance_shift,0.608844,0.033555,0.478048,0.001229,0.277405,0.002894,0.097000,0.002093,0.434238,0.005959,0.194968,0.000614,0.109273,0.000570,7,84
state_nearest_memory,seen_corpus,drawer_pull_with_stiction,compound_mechanism_shift,0.590136,0.041321,0.462570,0.005228,0.300108,0.000989,0.110960,0.002409,0.431169,0.001444,0.195772,0.001907,0.115203,0.002407,7,84
state_nearest_memory,seen_corpus,drawer_pull_with_stiction,friction_mismatch,0.661565,0.034854,0.474995,0.001242,0.262536,0.000922,0.092691,0.001164,0.435189,0.001346,0.192370,0.002543,0.109246,0.000612,7,84
state_nearest_memory,seen_corpus,drawer_pull_with_stiction,occluded_contact_shift,0.666667,0.025963,0.471846,0.001306,0.279235,0.000970,0.101539,0.002763,0.431461,0.001416,0.191421,0.000725,0.110093,0.002631,7,84
state_nearest_memory,seen_corpus,drawer_pull_with_stiction,source_matched,0.692177,0.017951,0.490600,0.001203,0.248791,0.004006,0.085596,0.000538,0.436511,0.004317,0.186321,0.001973,0.106527,0.001950,7,84
state_nearest_memory,seen_corpus,drawer_pull_with_stiction,support_topology_shift,0.683673,0.041321,0.477142,0.001306,0.270518,0.000970,0.098448,0.002511,0.434116,0.001416,0.190854,0.002356,0.111737,0.000645,7,84
state_nearest_memory,seen_corpus,peg_insert_contact_search,actuator_lag_shift,0.574830,0.057991,0.471213,0.001255,0.287572,0.000931,0.106927,0.001198,0.410663,0.001360,0.193701,0.000890,0.111331,0.002652,7,84
state_nearest_memory,seen_corpus,peg_insert_contact_search,compliance_shift,0.619048,0.026458,0.471984,0.001229,0.274908,0.000912,0.101109,0.000940,0.410738,0.001332,0.192689,0.000765,0.107092,0.000605,7,84
state_nearest_memory,seen_corpus,peg_insert_contact_search,compound_mechanism_shift,0.571429,0.022771,0.459782,0.001331,0.296638,0.003609,0.111495,0.000847,0.395957,0.001585,0.198966,0.000848,0.113499,0.000598,7,84
state_nearest_memory,seen_corpus,peg_insert_contact_search,friction_mismatch,0.636054,0.042557,0.482204,0.003849,0.266563,0.003655,0.092063,0.001996,0.410924,0.005923,0.192654,0.001068,0.106958,0.000552,7,84
state_nearest_memory,seen_corpus,peg_insert_contact_search,occluded_contact_shift,0.578231,0.039063,0.469955,0.005249,0.285013,0.000970,0.103467,0.000937,0.409751,0.005460,0.197183,0.000741,0.111290,0.000645,7,84
state_nearest_memory,seen_corpus,peg_insert_contact_search,source_matched,0.671769,0.032146,0.485432,0.001203,0.252112,0.000893,0.084341,0.000942,0.421505,0.001304,0.190636,0.001781,0.106042,0.000592,7,84
state_nearest_memory,seen_corpus,peg_insert_contact_search,support_topology_shift,0.663265,0.040323,0.472964,0.004821,0.274581,0.002872,0.096600,0.000787,0.409903,0.005892,0.193377,0.000738,0.108330,0.000610,7,84
state_nearest_memory,seen_corpus,twist_lid_with_force_limit,actuator_lag_shift,0.630952,0.024944,0.466139,0.004847,0.284654,0.003967,0.103680,0.003261,0.396257,0.004291,0.193887,0.000409,0.108820,0.000553,7,84
state_nearest_memory,seen_corpus,twist_lid_with_force_limit,compliance_shift,0.630952,0.033775,0.476136,0.001242,0.277194,0.000922,0.100319,0.002392,0.409075,0.001346,0.192391,0.000714,0.107001,0.000612,7,84
state_nearest_memory,seen_corpus,twist_lid_with_force_limit,compound_mechanism_shift,0.568027,0.059753,0.456758,0.001344,0.302118,0.000999,0.109950,0.002573,0.398958,0.005431,0.195294,0.000682,0.114452,0.002615,7,84
state_nearest_memory,seen_corpus,twist_lid_with_force_limit,friction_mismatch,0.646259,0.034427,0.473739,0.001255,0.261102,0.000931,0.091277,0.001013,0.403095,0.001360,0.192932,0.000807,0.107280,0.000618,7,84
state_nearest_memory,seen_corpus,twist_lid_with_force_limit,occluded_contact_shift,0.630952,0.024944,0.473870,0.001319,0.280261,0.000979,0.102358,0.002417,0.402959,0.001430,0.191621,0.000861,0.110954,0.002626,7,84
state_nearest_memory,seen_corpus,twist_lid_with_force_limit,source_matched,0.719388,0.041944,0.487376,0.001216,0.252742,0.000903,0.082752,0.000701,0.414852,0.004362,0.189877,0.000533,0.104817,0.000599,7,84
state_nearest_memory,seen_corpus,twist_lid_with_force_limit,support_topology_shift,0.658163,0.035901,0.479166,0.001319,0.271544,0.000979,0.097920,0.002560,0.405614,0.001430,0.192054,0.002805,0.111456,0.000651,7,84
uncertainty_gated_retrieval,combined_stress,cable_route_around_hook,actuator_lag_shift,0.501701,0.048419,0.494394,0.001370,0.233016,0.003590,0.097418,0.001307,0.478534,0.001627,0.285482,0.001082,0.098525,0.002659,7,84
uncertainty_gated_retrieval,combined_stress,cable_route_around_hook,compliance_shift,0.530612,0.051135,0.495277,0.001344,0.227682,0.003603,0.092512,0.001325,0.486159,0.005835,0.284741,0.001079,0.094475,0.000605,7,84
uncertainty_gated_retrieval,combined_stress,cable_route_around_hook,compound_mechanism_shift,0.447279,0.031329,0.483682,0.003774,0.243601,0.001075,0.109197,0.002076,0.480012,0.001570,0.290678,0.000800,0.099938,0.000717,7,84
uncertainty_gated_retrieval,combined_stress,cable_route_around_hook,friction_mismatch,0.508503,0.032088,0.500912,0.001357,0.219714,0.003596,0.087700,0.001062,0.488890,0.005824,0.281817,0.001019,0.095485,0.002664,7,84
uncertainty_gated_retrieval,combined_stress,cable_route_around_hook,occluded_contact_shift,0.522109,0.027622,0.499420,0.001421,0.229359,0.003564,0.100108,0.000828,0.479589,0.001683,0.287294,0.000726,0.097033,0.000644,7,84
uncertainty_gated_retrieval,combined_stress,cable_route_around_hook,source_matched,0.559524,0.035642,0.509629,0.001319,0.202239,0.000979,0.084477,0.001074,0.490331,0.001430,0.281186,0.002877,0.093829,0.000651,7,84
uncertainty_gated_retrieval,combined_stress,cable_route_around_hook,support_topology_shift,0.530612,0.024870,0.498124,0.001421,0.226024,0.001056,0.092008,0.000906,0.492622,0.001542,0.284693,0.002653,0.098909,0.000704,7,84
uncertainty_gated_retrieval,combined_stress,cloth_slide_over_edge,actuator_lag_shift,0.460884,0.032088,0.492947,0.001344,0.232907,0.003603,0.100154,0.000655,0.473917,0.001599,0.288798,0.000512,0.097828,0.000605,7,84
uncertainty_gated_retrieval,combined_stress,cloth_slide_over_edge,compliance_shift,0.484694,0.052352,0.497478,0.001319,0.221732,0.000979,0.096736,0.001282,0.478162,0.001430,0.286522,0.002553,0.098926,0.000651,7,84
uncertainty_gated_retrieval,combined_stress,cloth_slide_over_edge,compound_mechanism_shift,0.494898,0.052634,0.485012,0.001421,0.247289,0.001056,0.106121,0.001540,0.480941,0.001542,0.287284,0.001196,0.101840,0.002584,7,84
uncertainty_gated_retrieval,combined_stress,cloth_slide_over_edge,friction_mismatch,0.534014,0.042731,0.501289,0.001331,0.217542,0.003929,0.089867,0.001160,0.481263,0.004266,0.285117,0.001087,0.094519,0.000585,7,84
uncertainty_gated_retrieval,combined_stress,cloth_slide_over_edge,occluded_contact_shift,0.518707,0.034102,0.492963,0.003792,0.232353,0.001037,0.098680,0.001310,0.484649,0.001514,0.286439,0.001050,0.096174,0.000691,7,84
uncertainty_gated_retrieval,combined_stress,cloth_slide_over_edge,source_matched,0.590136,0.029187,0.515478,0.001293,0.207601,0.000960,0.081839,0.000846,0.493704,0.001402,0.282576,0.000694,0.092304,0.000638,7,84
uncertainty_gated_retrieval,combined_stress,cloth_slide_over_edge,support_topology_shift,0.535714,0.024944,0.505388,0.001395,0.220442,0.001037,0.092054,0.002262,0.480017,0.001514,0.286006,0.002383,0.097895,0.000691,7,84
uncertainty_gated_retrieval,combined_stress,drawer_pull_with_stiction,actuator_lag_shift,0.544218,0.047415,0.492412,0.001395,0.237457,0.001037,0.100485,0.001019,0.476468,0.005393,0.287149,0.000790,0.097409,0.000691,7,84
uncertainty_gated_retrieval,combined_stress,drawer_pull_with_stiction,compliance_shift,0.539116,0.046027,0.505032,0.001370,0.223774,0.001018,0.093497,0.000794,0.477049,0.001486,0.284748,0.000610,0.094503,0.000678,7,84
uncertainty_gated_retrieval,combined_stress,drawer_pull_with_stiction,compound_mechanism_shift,0.459184,0.060000,0.492230,0.001472,0.247363,0.002827,0.105512,0.002556,0.471810,0.005749,0.291178,0.000962,0.100644,0.000695,7,84
uncertainty_gated_retrieval,combined_stress,drawer_pull_with_stiction,friction_mismatch,0.571429,0.026943,0.503655,0.005188,0.217408,0.001027,0.088785,0.000830,0.482118,0.001500,0.282131,0.000696,0.092037,0.000684,7,84
uncertainty_gated_retrieval,combined_stress,drawer_pull_with_stiction,occluded_contact_shift,0.568027,0.042208,0.494548,0.004727,0.228202,0.001075,0.098955,0.000927,0.474496,0.001570,0.285182,0.000737,0.095515,0.000717,7,84
uncertainty_gated_retrieval,combined_stress,drawer_pull_with_stiction,source_matched,0.613946,0.025386,0.515112,0.001344,0.203703,0.000999,0.082811,0.000920,0.483917,0.001458,0.281844,0.000762,0.091818,0.000665,7,84
uncertainty_gated_retrieval,combined_stress,drawer_pull_with_stiction,support_topology_shift,0.544218,0.035901,0.504686,0.001447,0.224867,0.003551,0.091501,0.001049,0.477238,0.005747,0.286464,0.002152,0.097391,0.000657,7,84
uncertainty_gated_retrieval,combined_stress,peg_insert_contact_search,actuator_lag_shift,0.528912,0.060000,0.496758,0.001395,0.231954,0.003577,0.098537,0.002610,0.444157,0.001655,0.287906,0.002087,0.100126,0.000631,7,84
uncertainty_gated_retrieval,combined_stress,peg_insert_contact_search,compliance_shift,0.547619,0.046667,0.496552,0.003801,0.227517,0.001018,0.095644,0.002107,0.458240,0.001486,0.286763,0.002037,0.097834,0.000678,7,84
uncertainty_gated_retrieval,combined_stress,peg_insert_contact_search,compound_mechanism_shift,0.493197,0.064979,0.491601,0.003765,0.244989,0.003845,0.104898,0.001147,0.444068,0.005262,0.291043,0.002338,0.102072,0.000658,7,84
uncertainty_gated_retrieval,combined_stress,peg_insert_contact_search,friction_mismatch,0.579932,0.037663,0.501588,0.001383,0.220815,0.001027,0.090683,0.002034,0.457673,0.005403,0.285065,0.000684,0.095137,0.000684,7,84
uncertainty_gated_retrieval,combined_stress,peg_insert_contact_search,occluded_contact_shift,0.562925,0.051099,0.492527,0.001447,0.229930,0.001075,0.096449,0.003132,0.452743,0.001570,0.287186,0.000600,0.097465,0.000717,7,84
uncertainty_gated_retrieval,combined_stress,peg_insert_contact_search,source_matched,0.608844,0.033939,0.509815,0.004795,0.208118,0.000999,0.080011,0.001649,0.463517,0.004307,0.277637,0.000943,0.091035,0.002615,7,84
uncertainty_gated_retrieval,combined_stress,peg_insert_contact_search,support_topology_shift,0.554422,0.017533,0.504953,0.003774,0.221450,0.003551,0.092876,0.000518,0.447973,0.001711,0.282537,0.001841,0.096962,0.002388,7,84
uncertainty_gated_retrieval,combined_stress,twist_lid_with_force_limit,actuator_lag_shift,0.503401,0.051854,0.499113,0.001408,0.229789,0.001047,0.099620,0.002834,0.440689,0.001528,0.289669,0.000919,0.099215,0.000697,7,84
uncertainty_gated_retrieval,combined_stress,twist_lid_with_force_limit,compliance_shift,0.583333,0.015275,0.494412,0.001383,0.227127,0.001027,0.094532,0.000555,0.452216,0.001500,0.285421,0.000523,0.095851,0.000684,7,84
uncertainty_gated_retrieval,combined_stress,twist_lid_with_force_limit,compound_mechanism_shift,0.489796,0.035066,0.486859,0.001485,0.244362,0.001104,0.107823,0.001109,0.442845,0.001612,0.287805,0.002036,0.102214,0.002354,7,84
uncertainty_gated_retrieval,combined_stress,twist_lid_with_force_limit,friction_mismatch,0.534014,0.036515,0.502839,0.001395,0.221253,0.001037,0.091818,0.000741,0.452859,0.005393,0.284275,0.000606,0.093721,0.000691,7,84
uncertainty_gated_retrieval,combined_stress,twist_lid_with_force_limit,occluded_contact_shift,0.544218,0.043716,0.499299,0.001460,0.232793,0.002830,0.095407,0.001261,0.446323,0.005759,0.287632,0.001715,0.098853,0.000688,7,84
uncertainty_gated_retrieval,combined_stress,twist_lid_with_force_limit,source_matched,0.610544,0.034427,0.512328,0.005208,0.206072,0.001008,0.084069,0.001222,0.457648,0.001472,0.282529,0.000978,0.092492,0.000671,7,84
uncertainty_gated_retrieval,combined_stress,twist_lid_with_force_limit,support_topology_shift,0.551020,0.013194,0.498003,0.001460,0.222597,0.001085,0.094830,0.000977,0.449340,0.001584,0.282768,0.000831,0.094888,0.002363,7,84
uncertainty_gated_retrieval,cross_embodiment,cable_route_around_hook,actuator_lag_shift,0.500000,0.025459,0.502335,0.005188,0.221548,0.001027,0.094348,0.000593,0.492582,0.001500,0.282759,0.000528,0.091644,0.000684,7,84
uncertainty_gated_retrieval,cross_embodiment,cable_route_around_hook,compliance_shift,0.547619,0.040092,0.508326,0.001357,0.209754,0.001008,0.087707,0.001234,0.490777,0.001472,0.280880,0.000976,0.090032,0.000671,7,84
uncertainty_gated_retrieval,cross_embodiment,cable_route_around_hook,compound_mechanism_shift,0.500000,0.044969,0.499054,0.003769,0.232561,0.003853,0.100782,0.001254,0.484394,0.004220,0.284048,0.002217,0.097923,0.001896,7,84
uncertainty_gated_retrieval,cross_embodiment,cable_route_around_hook,friction_mismatch,0.513605,0.030307,0.514946,0.001370,0.202524,0.001018,0.083681,0.000958,0.494585,0.001486,0.278615,0.000784,0.086973,0.000678,7,84
uncertainty_gated_retrieval,cross_embodiment,cable_route_around_hook,occluded_contact_shift,0.518707,0.048800,0.501477,0.001434,0.220339,0.001066,0.090883,0.001713,0.497211,0.001556,0.281653,0.002248,0.095258,0.000711,7,84
uncertainty_gated_retrieval,cross_embodiment,cable_route_around_hook,source_matched,0.610544,0.037317,0.520998,0.001331,0.191627,0.000989,0.078701,0.000393,0.500484,0.001444,0.276008,0.002937,0.088677,0.000658,7,84
uncertainty_gated_retrieval,cross_embodiment,cable_route_around_hook,support_topology_shift,0.534014,0.036868,0.507897,0.005147,0.209070,0.001066,0.090484,0.001202,0.493516,0.001556,0.280529,0.000964,0.089415,0.000711,7,84
uncertainty_gated_retrieval,cross_embodiment,cloth_slide_over_edge,actuator_lag_shift,0.523810,0.037761,0.505870,0.001357,0.220155,0.001008,0.094783,0.000911,0.485919,0.001472,0.284289,0.000729,0.093475,0.000671,7,84
uncertainty_gated_retrieval,cross_embodiment,cloth_slide_over_edge,compliance_shift,0.557823,0.033166,0.508650,0.001331,0.211097,0.000989,0.090444,0.000980,0.488108,0.001444,0.280994,0.002912,0.093736,0.000658,7,84
uncertainty_gated_retrieval,cross_embodiment,cloth_slide_over_edge,compound_mechanism_shift,0.503401,0.022027,0.496219,0.005147,0.229820,0.001066,0.101770,0.002329,0.480909,0.001556,0.286108,0.000893,0.095401,0.000711,7,84
uncertainty_gated_retrieval,cross_embodiment,cloth_slide_over_edge,friction_mismatch,0.554422,0.055976,0.513445,0.001344,0.202499,0.000999,0.084791,0.001227,0.489919,0.001458,0.280819,0.000927,0.089741,0.000665,7,84
uncertainty_gated_retrieval,cross_embodiment,cloth_slide_over_edge,occluded_contact_shift,0.510204,0.056108,0.506864,0.001408,0.216904,0.003570,0.092737,0.002863,0.482422,0.001669,0.284561,0.000868,0.093404,0.000637,7,84
uncertainty_gated_retrieval,cross_embodiment,cloth_slide_over_edge,source_matched,0.608844,0.039252,0.522683,0.003825,0.195706,0.000970,0.075701,0.000797,0.501810,0.001416,0.276970,0.000630,0.086251,0.000645,7,84
uncertainty_gated_retrieval,cross_embodiment,cloth_slide_over_edge,support_topology_shift,0.557823,0.026176,0.506424,0.001408,0.214211,0.001047,0.087761,0.000414,0.493820,0.004281,0.278410,0.000410,0.090003,0.002381,7,84
uncertainty_gated_retrieval,cross_embodiment,drawer_pull_with_stiction,actuator_lag_shift,0.566327,0.038730,0.504633,0.004752,0.219241,0.001047,0.091783,0.002739,0.480202,0.001528,0.284098,0.001820,0.094994,0.000697,7,84
uncertainty_gated_retrieval,cross_embodiment,drawer_pull_with_stiction,compliance_shift,0.593537,0.062033,0.504066,0.001383,0.216249,0.001027,0.089792,0.001078,0.488675,0.004291,0.281512,0.000784,0.091404,0.000684,7,84
uncertainty_gated_retrieval,cross_embodiment,drawer_pull_with_stiction,compound_mechanism_shift,0.544218,0.026805,0.498160,0.001485,0.234720,0.001104,0.101972,0.001977,0.483681,0.001612,0.282957,0.000509,0.094040,0.001882,7,84
uncertainty_gated_retrieval,cross_embodiment,drawer_pull_with_stiction,friction_mismatch,0.610544,0.030852,0.512821,0.001395,0.205476,0.003891,0.084404,0.002117,0.484737,0.005317,0.279601,0.000868,0.089351,0.000618,7,84
uncertainty_gated_retrieval,cross_embodiment,drawer_pull_with_stiction,occluded_contact_shift,0.571429,0.045256,0.507745,0.003769,0.217580,0.003853,0.090542,0.001016,0.479026,0.004220,0.281738,0.002617,0.094868,0.000651,7,84
uncertainty_gated_retrieval,cross_embodiment,drawer_pull_with_stiction,source_matched,0.639456,0.028674,0.517039,0.004786,0.194918,0.001008,0.077606,0.001862,0.496277,0.001472,0.277030,0.001869,0.087857,0.000671,7,84
uncertainty_gated_retrieval,cross_embodiment,drawer_pull_with_stiction,support_topology_shift,0.581633,0.014782,0.509592,0.001460,0.213171,0.001085,0.087329,0.002390,0.490492,0.001584,0.279541,0.000812,0.089149,0.000724,7,84
uncertainty_gated_retrieval,cross_embodiment,peg_insert_contact_search,actuator_lag_shift,0.535714,0.035277,0.499311,0.003787,0.222090,0.001047,0.092830,0.001079,0.459855,0.001528,0.280312,0.000870,0.093108,0.002589,7,84
uncertainty_gated_retrieval,cross_embodiment,peg_insert_contact_search,compliance_shift,0.568027,0.049028,0.508787,0.001383,0.211194,0.003583,0.086018,0.002036,0.454216,0.001641,0.279246,0.002533,0.093254,0.001904,7,84
uncertainty_gated_retrieval,cross_embodiment,peg_insert_contact_search,compound_mechanism_shift,0.522109,0.031972,0.499298,0.001485,0.235553,0.001104,0.101354,0.002499,0.455245,0.005328,0.284568,0.001001,0.094204,0.000737,7,84
uncertainty_gated_retrieval,cross_embodiment,peg_insert_contact_search,friction_mismatch,0.596939,0.026176,0.517094,0.001395,0.201800,0.001037,0.080272,0.000953,0.460010,0.001514,0.276944,0.002545,0.091001,0.001898,7,84
uncertainty_gated_retrieval,cross_embodiment,peg_insert_contact_search,occluded_contact_shift,0.562925,0.022608,0.505205,0.005127,0.215654,0.002830,0.092180,0.000982,0.454281,0.001670,0.279033,0.000885,0.092000,0.002594,7,84
uncertainty_gated_retrieval,cross_embodiment,peg_insert_contact_search,source_matched,0.632653,0.018659,0.518083,0.001357,0.192250,0.003914,0.074086,0.000638,0.462731,0.004257,0.273806,0.000667,0.084480,0.001929,7,84
uncertainty_gated_retrieval,cross_embodiment,peg_insert_contact_search,support_topology_shift,0.527211,0.029565,0.511626,0.001460,0.214676,0.001085,0.086712,0.001975,0.463038,0.005346,0.282053,0.000932,0.090916,0.000724,7,84
uncertainty_gated_retrieval,cross_embodiment,twist_lid_with_force_limit,actuator_lag_shift,0.528912,0.055976,0.500528,0.001421,0.224113,0.001056,0.093262,0.001689,0.457500,0.001542,0.280053,0.001308,0.093940,0.002584,7,84
uncertainty_gated_retrieval,cross_embodiment,twist_lid_with_force_limit,compliance_shift,0.569728,0.036158,0.510083,0.001395,0.211561,0.003577,0.087339,0.002526,0.449443,0.001655,0.282338,0.002139,0.092952,0.000631,7,84
uncertainty_gated_retrieval,cross_embodiment,twist_lid_with_force_limit,compound_mechanism_shift,0.503401,0.030429,0.493418,0.001498,0.230538,0.001114,0.100234,0.000796,0.447760,0.001626,0.286645,0.001713,0.097078,0.000743,7,84
uncertainty_gated_retrieval,cross_embodiment,twist_lid_with_force_limit,friction_mismatch,0.557823,0.029876,0.512634,0.005167,0.202995,0.001047,0.081880,0.001983,0.456446,0.001528,0.280016,0.002660,0.091266,0.000697,7,84
uncertainty_gated_retrieval,cross_embodiment,twist_lid_with_force_limit,occluded_contact_shift,0.537415,0.026176,0.503978,0.001472,0.219274,0.001095,0.093026,0.002198,0.456830,0.001598,0.281244,0.000925,0.090495,0.000730,7,84
uncertainty_gated_retrieval,cross_embodiment,twist_lid_with_force_limit,source_matched,0.661565,0.034102,0.517171,0.001370,0.196107,0.002854,0.075163,0.003148,0.463052,0.005837,0.274270,0.002969,0.088854,0.000642,7,84
uncertainty_gated_retrieval,cross_embodiment,twist_lid_with_force_limit,support_topology_shift,0.569728,0.044514,0.503538,0.001472,0.208005,0.001095,0.086570,0.001140,0.453134,0.001598,0.281025,0.002499,0.092656,0.000730,7,84
uncertainty_gated_retrieval,heldout_mechanism,cable_route_around_hook,actuator_lag_shift,0.552721,0.013333,0.501236,0.001395,0.217648,0.001037,0.091701,0.000802,0.499892,0.001514,0.280280,0.000698,0.089580,0.000691,7,84
uncertainty_gated_retrieval,heldout_mechanism,cable_route_around_hook,compliance_shift,0.569728,0.041186,0.514623,0.001370,0.204540,0.001018,0.084698,0.001301,0.496168,0.001486,0.277953,0.001028,0.087068,0.000678,7,84
uncertainty_gated_retrieval,heldout_mechanism,cable_route_around_hook,compound_mechanism_shift,0.481293,0.042557,0.498526,0.001472,0.227373,0.001095,0.099752,0.002817,0.494970,0.001598,0.282854,0.000949,0.091547,0.000730,7,84
uncertainty_gated_retrieval,heldout_mechanism,cable_route_around_hook,friction_mismatch,0.612245,0.027822,0.519940,0.003796,0.198048,0.001027,0.079689,0.000922,0.501054,0.001500,0.275109,0.000763,0.084515,0.000684,7,84
uncertainty_gated_retrieval,heldout_mechanism,cable_route_around_hook,occluded_contact_shift,0.539116,0.044305,0.512790,0.001447,0.212026,0.003860,0.090184,0.000791,0.492933,0.004224,0.277828,0.000648,0.089030,0.002422,7,84
uncertainty_gated_retrieval,heldout_mechanism,cable_route_around_hook,source_matched,0.568027,0.036260,0.525615,0.001344,0.185153,0.000999,0.076050,0.001163,0.504036,0.001458,0.276577,0.000928,0.084851,0.000665,7,84
uncertainty_gated_retrieval,heldout_mechanism,cable_route_around_hook,support_topology_shift,0.585034,0.043033,0.513206,0.001447,0.208260,0.001075,0.082159,0.000942,0.502765,0.004266,0.280133,0.000747,0.089467,0.000717,7,84
uncertainty_gated_retrieval,heldout_mechanism,cloth_slide_over_edge,actuator_lag_shift,0.525510,0.036158,0.509778,0.003801,0.214935,0.001018,0.092146,0.001026,0.491203,0.001486,0.281629,0.000824,0.090494,0.000678,7,84
uncertainty_gated_retrieval,heldout_mechanism,cloth_slide_over_edge,compliance_shift,0.542517,0.039063,0.513092,0.001344,0.204563,0.000999,0.087172,0.001030,0.491474,0.001458,0.281127,0.000817,0.089856,0.000665,7,84
uncertainty_gated_retrieval,heldout_mechanism,cloth_slide_over_edge,compound_mechanism_shift,0.544218,0.053090,0.498410,0.001447,0.228458,0.001075,0.095494,0.000943,0.491826,0.001570,0.283186,0.002464,0.095062,0.000717,7,84
uncertainty_gated_retrieval,heldout_mechanism,cloth_slide_over_edge,friction_mismatch,0.590136,0.045785,0.518871,0.001357,0.196703,0.001008,0.081046,0.001371,0.494362,0.001472,0.277299,0.001072,0.086366,0.000671,7,84
uncertainty_gated_retrieval,heldout_mechanism,cloth_slide_over_edge,occluded_contact_shift,0.530612,0.038730,0.507175,0.005157,0.210702,0.001056,0.086710,0.001140,0.491417,0.001542,0.279841,0.002540,0.092038,0.000704,7,84
uncertainty_gated_retrieval,heldout_mechanism,cloth_slide_over_edge,source_matched,0.602041,0.033720,0.527732,0.001319,0.187912,0.000979,0.071325,0.000844,0.503336,0.001430,0.272713,0.000684,0.081508,0.000651,7,84
uncertainty_gated_retrieval,heldout_mechanism,cloth_slide_over_edge,support_topology_shift,0.561224,0.050259,0.516738,0.001421,0.203505,0.003564,0.086738,0.001202,0.488522,0.001683,0.277787,0.001089,0.086697,0.000644,7,84
uncertainty_gated_retrieval,heldout_mechanism,drawer_pull_with_stiction,actuator_lag_shift,0.588435,0.045501,0.503301,0.001421,0.217072,0.001056,0.088660,0.000497,0.489775,0.001542,0.278588,0.002702,0.092937,0.001894,7,84
uncertainty_gated_retrieval,heldout_mechanism,drawer_pull_with_stiction,compliance_shift,0.622449,0.032886,0.512417,0.001395,0.207620,0.003891,0.085172,0.002603,0.486245,0.005317,0.279604,0.000830,0.089499,0.000618,7,84
uncertainty_gated_retrieval,heldout_mechanism,drawer_pull_with_stiction,compound_mechanism_shift,0.595238,0.044389,0.497399,0.001498,0.224403,0.001114,0.095657,0.001469,0.481358,0.001626,0.283044,0.001710,0.094409,0.000743,7,84
uncertainty_gated_retrieval,heldout_mechanism,drawer_pull_with_stiction,friction_mismatch,0.615646,0.045175,0.519869,0.003787,0.195870,0.001047,0.079536,0.002953,0.488599,0.001528,0.278519,0.000935,0.087919,0.000697,7,84
uncertainty_gated_retrieval,heldout_mechanism,drawer_pull_with_stiction,occluded_contact_shift,0.615646,0.041899,0.507391,0.001472,0.212713,0.001095,0.089549,0.001644,0.489806,0.001598,0.277550,0.000861,0.087534,0.000730,7,84
uncertainty_gated_retrieval,heldout_mechanism,drawer_pull_with_stiction,source_matched,0.634354,0.056174,0.519137,0.001370,0.190175,0.001018,0.074261,0.003181,0.499520,0.004296,0.274758,0.002391,0.085181,0.000678,7,84
uncertainty_gated_retrieval,heldout_mechanism,drawer_pull_with_stiction,support_topology_shift,0.639456,0.046027,0.507807,0.001472,0.202086,0.001095,0.082595,0.000558,0.487048,0.001598,0.276734,0.003078,0.090135,0.000730,7,84
uncertainty_gated_retrieval,heldout_mechanism,peg_insert_contact_search,actuator_lag_shift,0.518707,0.023254,0.506638,0.001421,0.217933,0.002840,0.092403,0.000530,0.461251,0.005792,0.279722,0.000626,0.088530,0.000669,7,84
uncertainty_gated_retrieval,heldout_mechanism,peg_insert_contact_search,compliance_shift,0.557823,0.042731,0.516649,0.001395,0.204009,0.001037,0.083208,0.001340,0.461480,0.001514,0.276541,0.001878,0.090032,0.002385,7,84
uncertainty_gated_retrieval,heldout_mechanism,peg_insert_contact_search,compound_mechanism_shift,0.515306,0.038345,0.498048,0.001498,0.224963,0.001114,0.098238,0.000935,0.457540,0.001626,0.282977,0.002939,0.095513,0.000743,7,84
uncertainty_gated_retrieval,heldout_mechanism,peg_insert_contact_search,friction_mismatch,0.617347,0.045664,0.514506,0.004752,0.198783,0.001047,0.078798,0.001346,0.468214,0.001528,0.273160,0.001056,0.087203,0.002589,7,84
uncertainty_gated_retrieval,heldout_mechanism,peg_insert_contact_search,occluded_contact_shift,0.532313,0.049028,0.508936,0.001472,0.213946,0.001095,0.089266,0.002728,0.466968,0.001598,0.280265,0.000790,0.089098,0.000730,7,84
uncertainty_gated_retrieval,heldout_mechanism,peg_insert_contact_search,source_matched,0.608844,0.028545,0.524265,0.001370,0.183805,0.002854,0.071756,0.000541,0.465582,0.001572,0.271595,0.000575,0.082683,0.002431,7,84
uncertainty_gated_retrieval,heldout_mechanism,peg_insert_contact_search,support_topology_shift,0.612245,0.028739,0.509352,0.001472,0.203319,0.001095,0.084620,0.001148,0.464210,0.001598,0.275234,0.002133,0.089412,0.002359,7,84
uncertainty_gated_retrieval,heldout_mechanism,twist_lid_with_force_limit,actuator_lag_shift,0.537415,0.027148,0.511272,0.001434,0.213883,0.003558,0.092421,0.000731,0.450111,0.001697,0.279644,0.000772,0.088645,0.000651,7,84
uncertainty_gated_retrieval,heldout_mechanism,twist_lid_with_force_limit,compliance_shift,0.625850,0.041006,0.512214,0.005167,0.205163,0.001047,0.081526,0.001218,0.457939,0.001528,0.276955,0.002770,0.091424,0.000697,7,84
uncertainty_gated_retrieval,heldout_mechanism,twist_lid_with_force_limit,compound_mechanism_shift,0.527211,0.028219,0.497871,0.004684,0.224166,0.003520,0.097375,0.002672,0.448577,0.004164,0.281732,0.000838,0.090994,0.000690,7,84
uncertainty_gated_retrieval,heldout_mechanism,twist_lid_with_force_limit,friction_mismatch,0.620748,0.031972,0.513462,0.001421,0.200765,0.001056,0.079022,0.000936,0.465882,0.001542,0.273887,0.001596,0.088018,0.002376,7,84
uncertainty_gated_retrieval,heldout_mechanism,twist_lid_with_force_limit,occluded_contact_shift,0.608844,0.048686,0.506551,0.004701,0.208062,0.001104,0.086768,0.000874,0.453152,0.001612,0.279299,0.002858,0.091388,0.000737,7,84
uncertainty_gated_retrieval,heldout_mechanism,twist_lid_with_force_limit,source_matched,0.612245,0.032942,0.524483,0.001383,0.185019,0.003583,0.072554,0.002338,0.459555,0.001641,0.272954,0.002366,0.086402,0.000624,7,84
uncertainty_gated_retrieval,heldout_mechanism,twist_lid_with_force_limit,support_topology_shift,0.622449,0.031269,0.516114,0.003761,0.206011,0.003532,0.084092,0.002658,0.460342,0.005675,0.276339,0.000880,0.086139,0.000677,7,84
uncertainty_gated_retrieval,heldout_object,cable_route_around_hook,actuator_lag_shift,0.569728,0.038921,0.511244,0.001357,0.204651,0.001008,0.086562,0.001283,0.495334,0.001472,0.277370,0.001017,0.086394,0.000671,7,84
uncertainty_gated_retrieval,heldout_object,cable_route_around_hook,compliance_shift,0.583333,0.033775,0.513879,0.001331,0.197200,0.002865,0.082679,0.000571,0.497297,0.001530,0.277719,0.000427,0.086612,0.000623,7,84
uncertainty_gated_retrieval,heldout_object,cable_route_around_hook,compound_mechanism_shift,0.501701,0.035798,0.509110,0.001434,0.216523,0.002837,0.097281,0.000700,0.490974,0.001642,0.280184,0.000720,0.088688,0.000675,7,84
uncertainty_gated_retrieval,heldout_object,cable_route_around_hook,friction_mismatch,0.585034,0.036868,0.518531,0.001344,0.191925,0.003921,0.077102,0.000782,0.501385,0.004262,0.273970,0.000842,0.082605,0.000592,7,84
uncertainty_gated_retrieval,heldout_object,cable_route_around_hook,occluded_contact_shift,0.552721,0.020905,0.513006,0.001408,0.207122,0.003570,0.088828,0.000707,0.500190,0.005780,0.278074,0.000765,0.086811,0.000637,7,84
uncertainty_gated_retrieval,heldout_object,cable_route_around_hook,source_matched,0.605442,0.045664,0.529911,0.001306,0.179878,0.000970,0.068226,0.001129,0.510752,0.001416,0.270525,0.000875,0.078948,0.000645,7,84
uncertainty_gated_retrieval,heldout_object,cable_route_around_hook,support_topology_shift,0.569728,0.041500,0.513141,0.003787,0.197999,0.001047,0.079695,0.001443,0.504774,0.001528,0.274926,0.002460,0.088154,0.000697,7,84
uncertainty_gated_retrieval,heldout_object,cloth_slide_over_edge,actuator_lag_shift,0.590136,0.030062,0.511498,0.001331,0.206103,0.000989,0.089103,0.001111,0.492601,0.001444,0.277380,0.002584,0.090143,0.000658,7,84
uncertainty_gated_retrieval,heldout_object,cloth_slide_over_edge,compliance_shift,0.579932,0.026805,0.517781,0.001306,0.199673,0.000970,0.079593,0.000553,0.498627,0.001416,0.275312,0.000485,0.084200,0.000645,7,84
uncertainty_gated_retrieval,heldout_object,cloth_slide_over_edge,compound_mechanism_shift,0.552721,0.046348,0.500707,0.003787,0.220058,0.001047,0.093894,0.001175,0.493855,0.001528,0.277724,0.000918,0.089289,0.002381,7,84
uncertainty_gated_retrieval,heldout_object,cloth_slide_over_edge,friction_mismatch,0.613946,0.050626,0.520609,0.001319,0.189599,0.000979,0.078958,0.002439,0.498283,0.001430,0.271343,0.001977,0.086055,0.001913,7,84
uncertainty_gated_retrieval,heldout_object,cloth_slide_over_edge,occluded_contact_shift,0.535714,0.063187,0.510538,0.004769,0.206532,0.001027,0.088316,0.001455,0.499622,0.001500,0.278390,0.001096,0.086875,0.000684,7,84
uncertainty_gated_retrieval,heldout_object,cloth_slide_over_edge,source_matched,0.624150,0.052387,0.523740,0.003834,0.178226,0.003635,0.070786,0.003215,0.498342,0.001529,0.269633,0.000969,0.078286,0.000572,7,84
uncertainty_gated_retrieval,heldout_object,cloth_slide_over_edge,support_topology_shift,0.603741,0.039016,0.519820,0.001383,0.195694,0.002851,0.079178,0.002686,0.493984,0.001586,0.273384,0.002471,0.088188,0.000649,7,84
uncertainty_gated_retrieval,heldout_object,drawer_pull_with_stiction,actuator_lag_shift,0.610544,0.032489,0.506799,0.001383,0.211436,0.001027,0.088771,0.001222,0.493062,0.004291,0.278177,0.000983,0.087887,0.000684,7,84
uncertainty_gated_retrieval,heldout_object,drawer_pull_with_stiction,compliance_shift,0.629252,0.037218,0.521170,0.001357,0.199066,0.001008,0.082281,0.001102,0.492989,0.001472,0.276319,0.000879,0.085881,0.000671,7,84
uncertainty_gated_retrieval,heldout_object,drawer_pull_with_stiction,compound_mechanism_shift,0.603741,0.024267,0.501473,0.001460,0.219199,0.001085,0.095218,0.001968,0.487848,0.001584,0.278538,0.000931,0.088511,0.000724,7,84
uncertainty_gated_retrieval,heldout_object,drawer_pull_with_stiction,friction_mismatch,0.634354,0.039675,0.521097,0.005198,0.191962,0.001018,0.077566,0.000771,0.496981,0.001486,0.273590,0.000616,0.082909,0.000678,7,84
uncertainty_gated_retrieval,heldout_object,drawer_pull_with_stiction,occluded_contact_shift,0.607143,0.027889,0.517105,0.001434,0.203163,0.003558,0.086226,0.000920,0.487378,0.004191,0.274959,0.000931,0.085522,0.001929,7,84
uncertainty_gated_retrieval,heldout_object,drawer_pull_with_stiction,source_matched,0.678571,0.038442,0.532930,0.001331,0.180255,0.000989,0.069609,0.002547,0.501697,0.001444,0.268895,0.002370,0.082915,0.001910,7,84
uncertainty_gated_retrieval,heldout_object,drawer_pull_with_stiction,support_topology_shift,0.632653,0.028087,0.514953,0.001434,0.199186,0.001066,0.079597,0.002495,0.496902,0.001556,0.276265,0.000812,0.085815,0.000711,7,84
uncertainty_gated_retrieval,heldout_object,peg_insert_contact_search,actuator_lag_shift,0.569728,0.020000,0.511428,0.001383,0.206526,0.003583,0.085314,0.002042,0.458518,0.001641,0.276177,0.002294,0.089797,0.001904,7,84
uncertainty_gated_retrieval,heldout_object,peg_insert_contact_search,compliance_shift,0.591837,0.033665,0.510688,0.001357,0.203403,0.001008,0.081041,0.001957,0.469374,0.005422,0.273575,0.001908,0.087262,0.002398,7,84
uncertainty_gated_retrieval,heldout_object,peg_insert_contact_search,compound_mechanism_shift,0.544218,0.021430,0.503414,0.001460,0.220848,0.001085,0.093570,0.002337,0.465454,0.001584,0.281173,0.000931,0.090338,0.000724,7,84
uncertainty_gated_retrieval,heldout_object,peg_insert_contact_search,friction_mismatch,0.627551,0.033665,0.517027,0.001370,0.195963,0.001018,0.076609,0.002283,0.472875,0.005412,0.273625,0.002589,0.086347,0.000678,7,84
uncertainty_gated_retrieval,heldout_object,peg_insert_contact_search,occluded_contact_shift,0.590136,0.023805,0.513082,0.005147,0.202054,0.001066,0.086256,0.002494,0.463530,0.001556,0.277446,0.000571,0.086604,0.000711,7,84
uncertainty_gated_retrieval,heldout_object,peg_insert_contact_search,source_matched,0.595238,0.041366,0.523344,0.001331,0.181834,0.003609,0.070673,0.000969,0.474055,0.005846,0.271816,0.000982,0.080120,0.000598,7,84
uncertainty_gated_retrieval,heldout_object,peg_insert_contact_search,support_topology_shift,0.602041,0.031329,0.517790,0.001434,0.201507,0.001066,0.080156,0.000729,0.470343,0.005365,0.274370,0.002789,0.088102,0.000711,7,84
uncertainty_gated_retrieval,heldout_object,twist_lid_with_force_limit,actuator_lag_shift,0.595238,0.044969,0.512782,0.001395,0.206802,0.003577,0.086152,0.002956,0.453798,0.001655,0.278903,0.001964,0.089458,0.000631,7,84
uncertainty_gated_retrieval,heldout_object,twist_lid_with_force_limit,compliance_shift,0.629252,0.025166,0.512120,0.003801,0.202024,0.001018,0.083843,0.000972,0.467381,0.001486,0.277318,0.000804,0.086932,0.000678,7,84
uncertainty_gated_retrieval,heldout_object,twist_lid_with_force_limit,compound_mechanism_shift,0.595238,0.046388,0.504531,0.005117,0.217517,0.003539,0.092365,0.001140,0.450321,0.001739,0.279993,0.002261,0.092103,0.000670,7,84
uncertainty_gated_retrieval,heldout_object,twist_lid_with_force_limit,friction_mismatch,0.642857,0.039768,0.517276,0.001383,0.195412,0.001027,0.079323,0.001495,0.469519,0.004291,0.274798,0.001183,0.084297,0.000684,7,84
uncertainty_gated_retrieval,heldout_object,twist_lid_with_force_limit,occluded_contact_shift,0.605442,0.048952,0.509704,0.001447,0.205643,0.001075,0.084037,0.002931,0.463645,0.001570,0.277949,0.000489,0.087389,0.000717,7,84
uncertainty_gated_retrieval,heldout_object,twist_lid_with_force_limit,source_matched,0.675170,0.026805,0.527142,0.005218,0.182229,0.000999,0.069366,0.002330,0.474653,0.001458,0.268142,0.002035,0.082148,0.002403,7,84
uncertainty_gated_retrieval,heldout_object,twist_lid_with_force_limit,support_topology_shift,0.624150,0.033333,0.518986,0.004727,0.196520,0.003551,0.080588,0.000630,0.457938,0.001711,0.272491,0.001797,0.086446,0.002388,7,84
uncertainty_gated_retrieval,seen_corpus,cable_route_around_hook,actuator_lag_shift,0.571429,0.058500,0.514459,0.004812,0.202939,0.000979,0.082724,0.001426,0.507720,0.005450,0.274741,0.001081,0.083369,0.000651,7,84
uncertainty_gated_retrieval,seen_corpus,cable_route_around_hook,compliance_shift,0.585034,0.042120,0.517776,0.001293,0.187424,0.002876,0.078577,0.003011,0.503055,0.001488,0.269714,0.000634,0.081496,0.002662,7,84
uncertainty_gated_retrieval,seen_corpus,cable_route_around_hook,compound_mechanism_shift,0.544218,0.043716,0.508326,0.001395,0.213528,0.001037,0.092818,0.001330,0.504059,0.005393,0.277271,0.001047,0.085927,0.000691,7,84
uncertainty_gated_retrieval,seen_corpus,cable_route_around_hook,friction_mismatch,0.600340,0.038730,0.526336,0.005249,0.185080,0.002872,0.073758,0.001256,0.511424,0.005892,0.272302,0.001091,0.080639,0.000610,7,84
uncertainty_gated_retrieval,seen_corpus,cable_route_around_hook,occluded_contact_shift,0.573129,0.027148,0.517862,0.001370,0.194635,0.003906,0.078911,0.000381,0.501991,0.004252,0.270287,0.000539,0.084413,0.002431,7,84
uncertainty_gated_retrieval,seen_corpus,cable_route_around_hook,source_matched,0.658163,0.023174,0.538848,0.001267,0.173882,0.000941,0.068194,0.000781,0.519456,0.004339,0.264326,0.000655,0.077564,0.002647,7,84
uncertainty_gated_retrieval,seen_corpus,cable_route_around_hook,support_topology_shift,0.586735,0.024795,0.526864,0.003801,0.187017,0.001018,0.076680,0.001114,0.508771,0.001486,0.270476,0.000912,0.078782,0.000678,7,84
uncertainty_gated_retrieval,seen_corpus,cloth_slide_over_edge,actuator_lag_shift,0.588435,0.056667,0.515565,0.001293,0.196561,0.000960,0.080621,0.002546,0.498554,0.001402,0.272987,0.000915,0.081738,0.000638,7,84
uncertainty_gated_retrieval,seen_corpus,cloth_slide_over_edge,compliance_shift,0.566327,0.020276,0.527104,0.001267,0.194073,0.000941,0.081133,0.000760,0.505190,0.005489,0.270283,0.000645,0.081924,0.002647,7,84
uncertainty_gated_retrieval,seen_corpus,cloth_slide_over_edge,compound_mechanism_shift,0.602041,0.028284,0.509923,0.005198,0.210948,0.001018,0.091572,0.000866,0.500438,0.001486,0.277478,0.000718,0.086897,0.000678,7,84
uncertainty_gated_retrieval,seen_corpus,cloth_slide_over_edge,friction_mismatch,0.612245,0.026387,0.526979,0.001280,0.181785,0.000951,0.071757,0.001011,0.506759,0.001388,0.271532,0.000823,0.079976,0.000632,7,84
uncertainty_gated_retrieval,seen_corpus,cloth_slide_over_edge,occluded_contact_shift,0.625850,0.036667,0.516246,0.001344,0.194791,0.003921,0.079796,0.000691,0.497219,0.004262,0.272388,0.000772,0.081538,0.000592,7,84
uncertainty_gated_retrieval,seen_corpus,cloth_slide_over_edge,source_matched,0.659864,0.048800,0.535816,0.001242,0.172976,0.000922,0.067025,0.002392,0.515706,0.001346,0.266434,0.001124,0.075106,0.000612,7,84
uncertainty_gated_retrieval,seen_corpus,cloth_slide_over_edge,support_topology_shift,0.585034,0.019341,0.527534,0.001344,0.187173,0.000999,0.078653,0.000848,0.503999,0.001458,0.273340,0.000718,0.081625,0.000665,7,84
uncertainty_gated_retrieval,seen_corpus,drawer_pull_with_stiction,actuator_lag_shift,0.634354,0.048762,0.514917,0.001344,0.198250,0.003921,0.080426,0.000811,0.490875,0.004262,0.272104,0.000743,0.081529,0.000592,7,84
uncertainty_gated_retrieval,seen_corpus,drawer_pull_with_stiction,compliance_shift,0.627551,0.029565,0.518536,0.001319,0.189822,0.003937,0.077370,0.000628,0.493984,0.004271,0.273230,0.000757,0.082221,0.000579,7,84
uncertainty_gated_retrieval,seen_corpus,drawer_pull_with_stiction,compound_mechanism_shift,0.627551,0.029565,0.510166,0.001421,0.213306,0.001056,0.088851,0.001167,0.493735,0.005374,0.272753,0.000949,0.087145,0.002584,7,84
uncertainty_gated_retrieval,seen_corpus,drawer_pull_with_stiction,friction_mismatch,0.634354,0.029565,0.522371,0.001331,0.183935,0.003609,0.071236,0.000936,0.499752,0.005846,0.269002,0.000967,0.077795,0.000598,7,84
uncertainty_gated_retrieval,seen_corpus,drawer_pull_with_stiction,occluded_contact_shift,0.637755,0.037712,0.515430,0.001395,0.198070,0.001037,0.081460,0.001431,0.502151,0.001514,0.271898,0.001138,0.081273,0.000691,7,84
uncertainty_gated_retrieval,seen_corpus,drawer_pull_with_stiction,source_matched,0.671769,0.034480,0.535336,0.001293,0.169646,0.000960,0.062644,0.001011,0.505844,0.001402,0.266111,0.000809,0.074890,0.000638,7,84
uncertainty_gated_retrieval,seen_corpus,drawer_pull_with_stiction,support_topology_shift,0.636054,0.039063,0.526718,0.001395,0.187021,0.003577,0.076991,0.002494,0.493632,0.001655,0.272302,0.000971,0.081298,0.000631,7,84
uncertainty_gated_retrieval,seen_corpus,peg_insert_contact_search,actuator_lag_shift,0.581633,0.031151,0.520829,0.001344,0.197875,0.000999,0.085080,0.001066,0.470472,0.001458,0.275551,0.002007,0.085374,0.000665,7,84
uncertainty_gated_retrieval,seen_corpus,peg_insert_contact_search,compliance_shift,0.595238,0.043205,0.525344,0.001319,0.190119,0.000979,0.076397,0.002464,0.474562,0.001430,0.269979,0.000607,0.080809,0.002412,7,84
uncertainty_gated_retrieval,seen_corpus,peg_insert_contact_search,compound_mechanism_shift,0.579932,0.029565,0.513390,0.001421,0.209199,0.003876,0.091779,0.000647,0.462740,0.004233,0.275927,0.000637,0.085006,0.000631,7,84
uncertainty_gated_retrieval,seen_corpus,peg_insert_contact_search,friction_mismatch,0.634354,0.033665,0.528731,0.001331,0.180465,0.000989,0.074828,0.000996,0.474831,0.001444,0.270791,0.002488,0.081808,0.000658,7,84
uncertainty_gated_retrieval,seen_corpus,peg_insert_contact_search,occluded_contact_shift,0.630952,0.042295,0.519550,0.001395,0.194635,0.003891,0.080640,0.002893,0.469564,0.005274,0.274949,0.000958,0.084167,0.000618,7,84
uncertainty_gated_retrieval,seen_corpus,peg_insert_contact_search,source_matched,0.641156,0.039252,0.531606,0.004830,0.172330,0.003629,0.067982,0.001084,0.479617,0.005879,0.266714,0.002279,0.079686,0.000578,7,84
uncertainty_gated_retrieval,seen_corpus,peg_insert_contact_search,support_topology_shift,0.619048,0.038103,0.523978,0.005178,0.187017,0.001037,0.074345,0.001064,0.473771,0.001514,0.269779,0.002736,0.083111,0.001898,7,84
uncertainty_gated_retrieval,seen_corpus,twist_lid_with_force_limit,actuator_lag_shift,0.613946,0.040369,0.518909,0.001357,0.195607,0.001008,0.081648,0.001221,0.462161,0.001472,0.273074,0.000966,0.082165,0.000671,7,84
uncertainty_gated_retrieval,seen_corpus,twist_lid_with_force_limit,compliance_shift,0.613946,0.062123,0.521216,0.001331,0.186195,0.000989,0.077726,0.001838,0.463833,0.001444,0.273449,0.001408,0.082184,0.000658,7,84
uncertainty_gated_retrieval,seen_corpus,twist_lid_with_force_limit,compound_mechanism_shift,0.581633,0.043333,0.511234,0.005147,0.206754,0.001066,0.091114,0.002176,0.459315,0.001556,0.276048,0.000829,0.085106,0.000711,7,84
uncertainty_gated_retrieval,seen_corpus,twist_lid_with_force_limit,friction_mismatch,0.685374,0.030912,0.525707,0.001344,0.180799,0.003603,0.070664,0.000866,0.465174,0.001599,0.268644,0.000875,0.078094,0.000605,7,84
uncertainty_gated_retrieval,seen_corpus,twist_lid_with_force_limit,occluded_contact_shift,0.641156,0.023014,0.522046,0.001408,0.193964,0.003570,0.081121,0.002280,0.461011,0.001669,0.273846,0.000725,0.083195,0.000637,7,84
uncertainty_gated_retrieval,seen_corpus,twist_lid_with_force_limit,source_matched,0.685374,0.041633,0.536704,0.001306,0.170180,0.000970,0.063255,0.002254,0.476624,0.001416,0.265293,0.000677,0.074271,0.000645,7,84
uncertainty_gated_retrieval,seen_corpus,twist_lid_with_force_limit,support_topology_shift,0.649660,0.047180,0.519613,0.003787,0.188061,0.001047,0.073403,0.001305,0.470296,0.001528,0.271820,0.002455,0.083313,0.000697,7,84
visual_nearest_retrieval,combined_stress,cable_route_around_hook,actuator_lag_shift,0.348639,0.047415,0.417554,0.001331,0.380534,0.000989,0.136831,0.001079,0.387469,0.001444,0.202149,0.000832,0.140274,0.000658,7,84
visual_nearest_retrieval,combined_stress,cable_route_around_hook,compliance_shift,0.445578,0.029187,0.423693,0.001306,0.370686,0.000970,0.128280,0.002489,0.393470,0.001416,0.195079,0.000803,0.136484,0.002416,7,84
visual_nearest_retrieval,combined_stress,cable_route_around_hook,compound_mechanism_shift,0.358844,0.041811,0.409705,0.004752,0.398842,0.001047,0.141324,0.001229,0.389287,0.001528,0.199867,0.001779,0.143257,0.002381,7,84
visual_nearest_retrieval,combined_stress,cable_route_around_hook,friction_mismatch,0.491497,0.045461,0.426376,0.001319,0.357195,0.000979,0.124792,0.001473,0.393101,0.001430,0.195445,0.002054,0.137062,0.000651,7,84
visual_nearest_retrieval,combined_stress,cable_route_around_hook,occluded_contact_shift,0.418367,0.027148,0.419648,0.005188,0.379884,0.001027,0.133864,0.001151,0.395397,0.001500,0.198374,0.000938,0.137371,0.000684,7,84
visual_nearest_retrieval,combined_stress,cable_route_around_hook,source_matched,0.523810,0.028803,0.436225,0.005269,0.345895,0.003635,0.118398,0.000861,0.400713,0.005890,0.188780,0.000880,0.132653,0.002696,7,84
visual_nearest_retrieval,combined_stress,cable_route_around_hook,support_topology_shift,0.469388,0.033333,0.424932,0.001383,0.370150,0.003898,0.128867,0.002376,0.392934,0.005326,0.198468,0.001069,0.137847,0.000612,7,84
visual_nearest_retrieval,combined_stress,cloth_slide_over_edge,actuator_lag_shift,0.425170,0.033278,0.421579,0.001306,0.384341,0.000970,0.132246,0.000500,0.388852,0.001416,0.198554,0.000425,0.137809,0.000645,7,84
visual_nearest_retrieval,combined_stress,cloth_slide_over_edge,compliance_shift,0.445578,0.018954,0.424506,0.005269,0.373800,0.003635,0.130428,0.002188,0.388694,0.005890,0.194380,0.000499,0.136974,0.002679,7,84
visual_nearest_retrieval,combined_stress,cloth_slide_over_edge,compound_mechanism_shift,0.343537,0.032773,0.414220,0.001383,0.394442,0.001027,0.140492,0.001121,0.378686,0.001500,0.200090,0.001802,0.143176,0.002389,7,84
visual_nearest_retrieval,combined_stress,cloth_slide_over_edge,friction_mismatch,0.489796,0.051783,0.432225,0.001293,0.362370,0.000960,0.122786,0.001441,0.396481,0.001402,0.196144,0.001109,0.135534,0.000638,7,84
visual_nearest_retrieval,combined_stress,cloth_slide_over_edge,occluded_contact_shift,0.437075,0.045745,0.425524,0.001357,0.378220,0.001008,0.134381,0.001130,0.388791,0.001472,0.199945,0.000880,0.139163,0.000671,7,84
visual_nearest_retrieval,combined_stress,cloth_slide_over_edge,source_matched,0.498299,0.039907,0.438398,0.001255,0.346599,0.000931,0.119269,0.001355,0.402710,0.001360,0.190262,0.001064,0.130349,0.001925,7,84
visual_nearest_retrieval,combined_stress,cloth_slide_over_edge,support_topology_shift,0.457483,0.034480,0.421660,0.001357,0.371915,0.002858,0.126823,0.002666,0.391336,0.005848,0.194751,0.002583,0.138558,0.001964,7,84
visual_nearest_retrieval,combined_stress,drawer_pull_with_stiction,actuator_lag_shift,0.488095,0.024419,0.420599,0.004786,0.383101,0.001008,0.134615,0.001029,0.383415,0.001472,0.199255,0.000847,0.139351,0.000671,7,84
visual_nearest_retrieval,combined_stress,drawer_pull_with_stiction,compliance_shift,0.510204,0.046508,0.427040,0.001331,0.370050,0.000989,0.129758,0.001210,0.384738,0.001444,0.196814,0.002328,0.139084,0.000658,7,84
visual_nearest_retrieval,combined_stress,drawer_pull_with_stiction,compound_mechanism_shift,0.430272,0.038249,0.409558,0.001434,0.399016,0.001066,0.138693,0.000978,0.381737,0.001556,0.202047,0.001578,0.142981,0.000711,7,84
visual_nearest_retrieval,combined_stress,drawer_pull_with_stiction,friction_mismatch,0.525510,0.041500,0.431859,0.001344,0.358160,0.000999,0.123496,0.001294,0.386707,0.001458,0.195246,0.001019,0.135042,0.000665,7,84
visual_nearest_retrieval,combined_stress,drawer_pull_with_stiction,occluded_contact_shift,0.469388,0.043461,0.419803,0.005167,0.376854,0.001047,0.129264,0.001459,0.383169,0.001528,0.197560,0.002098,0.140619,0.000697,7,84
visual_nearest_retrieval,combined_stress,drawer_pull_with_stiction,source_matched,0.574830,0.064349,0.437586,0.004821,0.345485,0.000970,0.113455,0.001704,0.397456,0.001416,0.190856,0.001293,0.130834,0.000645,7,84
visual_nearest_retrieval,combined_stress,drawer_pull_with_stiction,support_topology_shift,0.501701,0.043631,0.425086,0.001408,0.370549,0.002844,0.127185,0.001034,0.388287,0.005303,0.193342,0.000792,0.135440,0.002389,7,84
visual_nearest_retrieval,combined_stress,peg_insert_contact_search,actuator_lag_shift,0.430272,0.040231,0.414854,0.001357,0.385217,0.002858,0.132473,0.001373,0.357456,0.005848,0.195562,0.000925,0.139446,0.002636,7,84
visual_nearest_retrieval,combined_stress,peg_insert_contact_search,compliance_shift,0.467687,0.057542,0.419904,0.003815,0.374553,0.000989,0.126794,0.000929,0.362265,0.005441,0.195641,0.000670,0.135096,0.000658,7,84
visual_nearest_retrieval,combined_stress,peg_insert_contact_search,compound_mechanism_shift,0.348639,0.045745,0.412559,0.001434,0.400831,0.001066,0.142522,0.001269,0.355340,0.005365,0.199630,0.002273,0.142870,0.002372,7,84
visual_nearest_retrieval,combined_stress,peg_insert_contact_search,friction_mismatch,0.510204,0.069335,0.426562,0.004795,0.362327,0.000999,0.122025,0.002732,0.368889,0.001458,0.191181,0.001090,0.135398,0.002615,7,84
visual_nearest_retrieval,combined_stress,peg_insert_contact_search,occluded_contact_shift,0.459184,0.047180,0.416839,0.001408,0.379340,0.001047,0.132163,0.001359,0.362899,0.001528,0.195735,0.001063,0.136394,0.001896,7,84
visual_nearest_retrieval,combined_stress,peg_insert_contact_search,source_matched,0.559524,0.044680,0.433633,0.001306,0.338654,0.000970,0.116405,0.002368,0.363581,0.001416,0.188607,0.002127,0.132807,0.002416,7,84
visual_nearest_retrieval,combined_stress,peg_insert_contact_search,support_topology_shift,0.452381,0.025459,0.428983,0.001408,0.366176,0.003570,0.129208,0.002005,0.355427,0.001669,0.196638,0.000927,0.135666,0.000637,7,84
visual_nearest_retrieval,combined_stress,twist_lid_with_force_limit,actuator_lag_shift,0.420068,0.035901,0.413897,0.001370,0.385869,0.001018,0.136379,0.002195,0.355295,0.004296,0.201172,0.000758,0.140360,0.000678,7,84
visual_nearest_retrieval,combined_stress,twist_lid_with_force_limit,compliance_shift,0.482993,0.061283,0.425886,0.004795,0.371834,0.000999,0.128833,0.002516,0.357754,0.001458,0.196360,0.002171,0.139419,0.000665,7,84
visual_nearest_retrieval,combined_stress,twist_lid_with_force_limit,compound_mechanism_shift,0.397959,0.039394,0.415940,0.003774,0.396160,0.003551,0.142433,0.000646,0.342834,0.001711,0.198571,0.000547,0.141284,0.002627,7,84
visual_nearest_retrieval,combined_stress,twist_lid_with_force_limit,friction_mismatch,0.501701,0.050259,0.429075,0.005208,0.360436,0.001008,0.125155,0.001073,0.360442,0.001472,0.196216,0.000820,0.135714,0.000671,7,84
visual_nearest_retrieval,combined_stress,twist_lid_with_force_limit,occluded_contact_shift,0.445578,0.048800,0.420299,0.001421,0.381589,0.001056,0.132748,0.001119,0.355350,0.005374,0.195596,0.000868,0.137258,0.002376,7,84
visual_nearest_retrieval,combined_stress,twist_lid_with_force_limit,source_matched,0.545918,0.030732,0.435121,0.005238,0.346285,0.000979,0.114121,0.000952,0.366463,0.004317,0.190913,0.000774,0.130496,0.000651,7,84
visual_nearest_retrieval,combined_stress,twist_lid_with_force_limit,support_topology_shift,0.508503,0.042208,0.425582,0.005157,0.364994,0.001056,0.128141,0.002548,0.353161,0.001542,0.195524,0.000663,0.135324,0.000704,7,84
visual_nearest_retrieval,cross_embodiment,cable_route_around_hook,actuator_lag_shift,0.447279,0.017533,0.429835,0.001344,0.361800,0.000999,0.129949,0.000867,0.398973,0.001458,0.195618,0.001778,0.135432,0.000665,7,84
visual_nearest_retrieval,cross_embodiment,cable_route_around_hook,compliance_shift,0.498299,0.028545,0.434222,0.001319,0.350638,0.000979,0.121342,0.002712,0.403055,0.001430,0.189458,0.000826,0.131886,0.002626,7,84
visual_nearest_retrieval,cross_embodiment,cable_route_around_hook,compound_mechanism_shift,0.414966,0.036515,0.422557,0.001421,0.377106,0.003876,0.137640,0.000799,0.391261,0.004233,0.196503,0.000695,0.135216,0.000631,7,84
visual_nearest_retrieval,cross_embodiment,cable_route_around_hook,friction_mismatch,0.506803,0.053368,0.437890,0.001331,0.337885,0.000989,0.119149,0.000858,0.403764,0.001444,0.190840,0.002913,0.131826,0.000658,7,84
visual_nearest_retrieval,cross_embodiment,cable_route_around_hook,occluded_contact_shift,0.450680,0.047336,0.428333,0.001395,0.358453,0.003891,0.127452,0.002481,0.397817,0.005317,0.195547,0.001065,0.134112,0.000618,7,84
visual_nearest_retrieval,cross_embodiment,cable_route_around_hook,source_matched,0.527211,0.049291,0.442787,0.005259,0.324587,0.003629,0.111512,0.001089,0.408459,0.005879,0.186440,0.002943,0.129479,0.000578,7,84
visual_nearest_retrieval,cross_embodiment,cable_route_around_hook,support_topology_shift,0.508503,0.069575,0.429899,0.004761,0.347645,0.001037,0.119235,0.001762,0.404078,0.001514,0.189113,0.002519,0.132711,0.002385,7,84
visual_nearest_retrieval,cross_embodiment,cloth_slide_over_edge,actuator_lag_shift,0.443878,0.039347,0.429696,0.003820,0.364384,0.000979,0.125959,0.001359,0.398307,0.001430,0.193404,0.001073,0.132067,0.000651,7,84
visual_nearest_retrieval,cross_embodiment,cloth_slide_over_edge,compliance_shift,0.488095,0.043801,0.430870,0.005259,0.352528,0.003629,0.123834,0.001272,0.396230,0.005879,0.190307,0.002184,0.134905,0.000578,7,84
visual_nearest_retrieval,cross_embodiment,cloth_slide_over_edge,compound_mechanism_shift,0.392857,0.036717,0.416047,0.003792,0.378342,0.001037,0.136455,0.001275,0.393773,0.001514,0.195940,0.001018,0.134358,0.000691,7,84
visual_nearest_retrieval,cross_embodiment,cloth_slide_over_edge,friction_mismatch,0.506803,0.046904,0.439574,0.003825,0.341836,0.000970,0.116106,0.001089,0.405095,0.001416,0.190634,0.000840,0.129397,0.000645,7,84
visual_nearest_retrieval,cross_embodiment,cloth_slide_over_edge,occluded_contact_shift,0.479592,0.057090,0.423184,0.001370,0.360710,0.001018,0.127147,0.003040,0.399247,0.004296,0.193807,0.002856,0.135097,0.000678,7,84
visual_nearest_retrieval,cross_embodiment,cloth_slide_over_edge,source_matched,0.557823,0.040552,0.445370,0.001267,0.324067,0.000941,0.110257,0.001291,0.408406,0.001374,0.185111,0.002144,0.129705,0.000625,7,84
visual_nearest_retrieval,cross_embodiment,cloth_slide_over_edge,support_topology_shift,0.488095,0.060246,0.436184,0.001370,0.344757,0.001018,0.119531,0.001199,0.395423,0.001486,0.189207,0.000891,0.130172,0.002394,7,84
visual_nearest_retrieval,cross_embodiment,drawer_pull_with_stiction,actuator_lag_shift,0.488095,0.047493,0.423438,0.001370,0.364638,0.002854,0.127364,0.002682,0.389469,0.005837,0.194110,0.002067,0.135671,0.000642,7,84
visual_nearest_retrieval,cross_embodiment,drawer_pull_with_stiction,compliance_shift,0.545918,0.064291,0.430414,0.005218,0.351988,0.000999,0.120946,0.002201,0.396523,0.001458,0.190293,0.003004,0.134536,0.000665,7,84
visual_nearest_retrieval,cross_embodiment,drawer_pull_with_stiction,compound_mechanism_shift,0.489796,0.029876,0.417542,0.004727,0.374120,0.001075,0.135771,0.000997,0.383545,0.001570,0.194067,0.000822,0.134898,0.001889,7,84
visual_nearest_retrieval,cross_embodiment,drawer_pull_with_stiction,friction_mismatch,0.579932,0.040643,0.433931,0.004786,0.340836,0.001008,0.118288,0.001217,0.399571,0.001472,0.191242,0.000961,0.130999,0.000671,7,84
visual_nearest_retrieval,cross_embodiment,drawer_pull_with_stiction,occluded_contact_shift,0.500000,0.036004,0.430480,0.001421,0.357408,0.003876,0.126390,0.000767,0.387790,0.005298,0.191332,0.000735,0.130549,0.000631,7,84
visual_nearest_retrieval,cross_embodiment,drawer_pull_with_stiction,source_matched,0.615646,0.027285,0.441567,0.004812,0.326163,0.000979,0.107037,0.001029,0.402257,0.005450,0.185711,0.000839,0.125423,0.000651,7,84
visual_nearest_retrieval,cross_embodiment,drawer_pull_with_stiction,support_topology_shift,0.539116,0.029565,0.427472,0.001421,0.346601,0.001056,0.119691,0.002302,0.394051,0.001542,0.192020,0.000922,0.131435,0.000704,7,84
visual_nearest_retrieval,cross_embodiment,peg_insert_contact_search,actuator_lag_shift,0.494898,0.015986,0.428608,0.001370,0.358034,0.001018,0.125339,0.000988,0.360722,0.001486,0.191615,0.000828,0.132000,0.001903,7,84
visual_nearest_retrieval,cross_embodiment,peg_insert_contact_search,compliance_shift,0.518707,0.035590,0.429619,0.001344,0.349486,0.003921,0.120357,0.000883,0.363474,0.004262,0.191009,0.000753,0.130243,0.000592,7,84
visual_nearest_retrieval,cross_embodiment,peg_insert_contact_search,compound_mechanism_shift,0.377551,0.028219,0.415450,0.001447,0.375791,0.001075,0.136547,0.002682,0.361733,0.001570,0.197612,0.000750,0.135748,0.000717,7,84
visual_nearest_retrieval,cross_embodiment,peg_insert_contact_search,friction_mismatch,0.523810,0.037069,0.434974,0.001357,0.337998,0.003914,0.114598,0.000696,0.366031,0.004257,0.187565,0.000756,0.128763,0.002454,7,84
visual_nearest_retrieval,cross_embodiment,peg_insert_contact_search,occluded_contact_shift,0.484694,0.062509,0.433858,0.001421,0.352890,0.001056,0.126354,0.002018,0.362088,0.001542,0.193968,0.001207,0.132880,0.000704,7,84
visual_nearest_retrieval,cross_embodiment,peg_insert_contact_search,source_matched,0.552721,0.048266,0.443955,0.001319,0.319188,0.000979,0.110705,0.001628,0.372967,0.001430,0.185088,0.002885,0.128358,0.001913,7,84
visual_nearest_retrieval,cross_embodiment,peg_insert_contact_search,support_topology_shift,0.527211,0.036260,0.430850,0.001421,0.348943,0.001056,0.118959,0.001429,0.373220,0.001542,0.190035,0.002314,0.133889,0.000704,7,84
visual_nearest_retrieval,cross_embodiment,twist_lid_with_force_limit,actuator_lag_shift,0.486395,0.036868,0.428800,0.001383,0.359395,0.002851,0.124099,0.000412,0.354667,0.001586,0.192011,0.002614,0.135738,0.001900,7,84
visual_nearest_retrieval,cross_embodiment,twist_lid_with_force_limit,compliance_shift,0.547619,0.026943,0.427603,0.001357,0.352621,0.002858,0.119685,0.002573,0.362583,0.005848,0.188634,0.001864,0.134052,0.001964,7,84
visual_nearest_retrieval,cross_embodiment,twist_lid_with_force_limit,compound_mechanism_shift,0.447279,0.038730,0.422266,0.001460,0.380404,0.001085,0.132725,0.001155,0.357855,0.005346,0.197938,0.000926,0.137139,0.000724,7,84
visual_nearest_retrieval,cross_embodiment,twist_lid_with_force_limit,friction_mismatch,0.540816,0.050626,0.434062,0.001370,0.341961,0.002854,0.115921,0.002479,0.366348,0.005837,0.189339,0.002791,0.131995,0.000642,7,84
visual_nearest_retrieval,cross_embodiment,twist_lid_with_force_limit,occluded_contact_shift,0.486395,0.060767,0.424744,0.003778,0.355848,0.001066,0.124951,0.002559,0.360938,0.001556,0.194142,0.001335,0.133137,0.000711,7,84
visual_nearest_retrieval,cross_embodiment,twist_lid_with_force_limit,source_matched,0.607143,0.044969,0.439731,0.001331,0.322381,0.003929,0.107280,0.001295,0.367017,0.005363,0.185825,0.001180,0.125347,0.000585,7,84
visual_nearest_retrieval,cross_embodiment,twist_lid_with_force_limit,support_topology_shift,0.520408,0.054058,0.435458,0.001434,0.348470,0.003558,0.119755,0.000996,0.361916,0.005758,0.189185,0.002979,0.132941,0.001929,7,84
visual_nearest_retrieval,heldout_mechanism,cable_route_around_hook,actuator_lag_shift,0.472789,0.033665,0.433389,0.003806,0.351778,0.001008,0.126284,0.001146,0.404044,0.001472,0.193559,0.000921,0.132154,0.000671,7,84
visual_nearest_retrieval,heldout_mechanism,cable_route_around_hook,compliance_shift,0.482993,0.031329,0.438311,0.001331,0.339303,0.000989,0.119805,0.002082,0.406208,0.001444,0.188238,0.002162,0.131138,0.001910,7,84
visual_nearest_retrieval,heldout_mechanism,cable_route_around_hook,compound_mechanism_shift,0.423469,0.035590,0.419821,0.003778,0.365797,0.001066,0.132216,0.002577,0.399598,0.001556,0.196111,0.000796,0.134487,0.000711,7,84
visual_nearest_retrieval,heldout_mechanism,cable_route_around_hook,friction_mismatch,0.542517,0.041633,0.442963,0.001344,0.327287,0.000999,0.114852,0.000898,0.407993,0.001458,0.189397,0.000706,0.128154,0.000665,7,84
visual_nearest_retrieval,heldout_mechanism,cable_route_around_hook,occluded_contact_shift,0.471088,0.050111,0.437438,0.001408,0.344019,0.001047,0.120615,0.002287,0.401591,0.001528,0.191762,0.002408,0.132387,0.000697,7,84
visual_nearest_retrieval,heldout_mechanism,cable_route_around_hook,source_matched,0.590136,0.054806,0.449770,0.004821,0.315422,0.000970,0.105446,0.001078,0.417352,0.004323,0.185571,0.000805,0.124500,0.000645,7,84
visual_nearest_retrieval,heldout_mechanism,cable_route_around_hook,support_topology_shift,0.500000,0.070185,0.435286,0.001408,0.340714,0.001047,0.118542,0.001231,0.408515,0.005384,0.187304,0.000883,0.126975,0.001896,7,84
visual_nearest_retrieval,heldout_mechanism,cloth_slide_over_edge,actuator_lag_shift,0.460884,0.036260,0.433682,0.003815,0.353076,0.000989,0.123742,0.002238,0.401350,0.001444,0.189426,0.000730,0.131303,0.002620,7,84
visual_nearest_retrieval,heldout_mechanism,cloth_slide_over_edge,compliance_shift,0.530612,0.031329,0.437678,0.004821,0.343337,0.000970,0.118102,0.001212,0.404936,0.004323,0.190813,0.000972,0.129874,0.000645,7,84
visual_nearest_retrieval,heldout_mechanism,cloth_slide_over_edge,compound_mechanism_shift,0.447279,0.053852,0.422890,0.001408,0.369177,0.002844,0.133935,0.001138,0.394800,0.005804,0.194010,0.000907,0.132775,0.000662,7,84
visual_nearest_retrieval,heldout_mechanism,cloth_slide_over_edge,friction_mismatch,0.542517,0.023254,0.445079,0.001319,0.329953,0.000979,0.110800,0.000613,0.407297,0.001430,0.186010,0.000539,0.124809,0.000651,7,84
visual_nearest_retrieval,heldout_mechanism,cloth_slide_over_edge,occluded_contact_shift,0.493197,0.041006,0.430434,0.001383,0.348420,0.003583,0.121982,0.003211,0.398284,0.005802,0.190365,0.002920,0.132517,0.000624,7,84
visual_nearest_retrieval,heldout_mechanism,cloth_slide_over_edge,source_matched,0.588435,0.034854,0.445924,0.001280,0.310185,0.000951,0.103571,0.000913,0.407692,0.001388,0.184944,0.000731,0.123749,0.000632,7,84
visual_nearest_retrieval,heldout_mechanism,cloth_slide_over_edge,support_topology_shift,0.518707,0.045216,0.437430,0.005188,0.336539,0.001027,0.117046,0.001352,0.402978,0.001500,0.187098,0.001060,0.126951,0.001901,7,84
visual_nearest_retrieval,heldout_mechanism,drawer_pull_with_stiction,actuator_lag_shift,0.518707,0.037712,0.431333,0.001383,0.351293,0.003898,0.122128,0.003070,0.389287,0.004247,0.190807,0.002996,0.133453,0.000612,7,84
visual_nearest_retrieval,heldout_mechanism,drawer_pull_with_stiction,compliance_shift,0.525510,0.043928,0.431983,0.003806,0.342474,0.001008,0.118429,0.003277,0.401935,0.001472,0.189115,0.003115,0.131510,0.000671,7,84
visual_nearest_retrieval,heldout_mechanism,drawer_pull_with_stiction,compound_mechanism_shift,0.505102,0.049329,0.426007,0.001460,0.369778,0.001085,0.128371,0.001410,0.391363,0.005346,0.194694,0.001102,0.134270,0.000724,7,84
visual_nearest_retrieval,heldout_mechanism,drawer_pull_with_stiction,friction_mismatch,0.556122,0.039675,0.436484,0.001370,0.332060,0.001018,0.114099,0.002188,0.400914,0.005412,0.188317,0.002200,0.128479,0.000678,7,84
visual_nearest_retrieval,heldout_mechanism,drawer_pull_with_stiction,occluded_contact_shift,0.544218,0.032088,0.430205,0.004735,0.344795,0.001066,0.121425,0.002677,0.393823,0.001556,0.190614,0.000713,0.129976,0.000711,7,84
visual_nearest_retrieval,heldout_mechanism,drawer_pull_with_stiction,source_matched,0.649660,0.048534,0.443743,0.003815,0.315388,0.000989,0.102497,0.001080,0.405829,0.005441,0.181787,0.000830,0.121535,0.000658,7,84
visual_nearest_retrieval,heldout_mechanism,drawer_pull_with_stiction,support_topology_shift,0.583333,0.036362,0.439487,0.001434,0.338060,0.003558,0.115460,0.000794,0.395739,0.005758,0.187157,0.002803,0.131363,0.000651,7,84
visual_nearest_retrieval,heldout_mechanism,peg_insert_contact_search,actuator_lag_shift,0.472789,0.035901,0.433727,0.003796,0.349608,0.001027,0.123589,0.001268,0.367522,0.001500,0.189993,0.001013,0.129672,0.001901,7,84
visual_nearest_retrieval,heldout_mechanism,peg_insert_contact_search,compliance_shift,0.515306,0.041276,0.435273,0.001357,0.338030,0.003596,0.117130,0.000838,0.365852,0.001613,0.188249,0.000570,0.126984,0.000611,7,84
visual_nearest_retrieval,heldout_mechanism,peg_insert_contact_search,compound_mechanism_shift,0.431973,0.026317,0.428000,0.001460,0.366076,0.003853,0.131168,0.000893,0.364081,0.005685,0.194060,0.002518,0.135969,0.000651,7,84
visual_nearest_retrieval,heldout_mechanism,peg_insert_contact_search,friction_mismatch,0.556122,0.040643,0.441612,0.001370,0.325566,0.002854,0.111075,0.001015,0.369554,0.001572,0.184797,0.000811,0.125978,0.002431,7,84
visual_nearest_retrieval,heldout_mechanism,peg_insert_contact_search,occluded_contact_shift,0.513605,0.031151,0.428520,0.001434,0.346912,0.001066,0.119682,0.000986,0.372463,0.001556,0.190976,0.002139,0.132228,0.000711,7,84
visual_nearest_retrieval,heldout_mechanism,peg_insert_contact_search,source_matched,0.615646,0.057542,0.447929,0.001331,0.308187,0.000989,0.106489,0.001261,0.376010,0.001444,0.185133,0.002229,0.125411,0.000658,7,84
visual_nearest_retrieval,heldout_mechanism,peg_insert_contact_search,support_topology_shift,0.510204,0.045379,0.440089,0.003778,0.335031,0.003558,0.118755,0.000950,0.366866,0.001697,0.186971,0.000819,0.126661,0.001929,7,84
visual_nearest_retrieval,heldout_mechanism,twist_lid_with_force_limit,actuator_lag_shift,0.506803,0.042251,0.432762,0.004761,0.350012,0.001037,0.121979,0.000792,0.362769,0.001514,0.188044,0.000626,0.131641,0.002594,7,84
visual_nearest_retrieval,heldout_mechanism,twist_lid_with_force_limit,compliance_shift,0.545918,0.038249,0.434387,0.001370,0.340209,0.003906,0.115761,0.002230,0.363690,0.005335,0.187531,0.002337,0.131312,0.001926,7,84
visual_nearest_retrieval,heldout_mechanism,twist_lid_with_force_limit,compound_mechanism_shift,0.476190,0.038778,0.419937,0.001472,0.364588,0.001095,0.132524,0.001251,0.359138,0.001598,0.190707,0.001001,0.134356,0.002563,7,84
visual_nearest_retrieval,heldout_mechanism,twist_lid_with_force_limit,friction_mismatch,0.576531,0.027822,0.441830,0.001383,0.326857,0.003583,0.110395,0.002013,0.363524,0.001641,0.185917,0.002399,0.129699,0.000624,7,84
visual_nearest_retrieval,heldout_mechanism,twist_lid_with_force_limit,occluded_contact_shift,0.527211,0.038006,0.434257,0.001447,0.348913,0.002834,0.120808,0.000998,0.364896,0.005770,0.189235,0.002607,0.133004,0.000682,7,84
visual_nearest_retrieval,heldout_mechanism,twist_lid_with_force_limit,source_matched,0.605442,0.029439,0.444835,0.001344,0.312140,0.003921,0.103822,0.000831,0.371292,0.005353,0.182739,0.000829,0.121806,0.000592,7,84
visual_nearest_retrieval,heldout_mechanism,twist_lid_with_force_limit,support_topology_shift,0.571429,0.045542,0.432105,0.001447,0.335317,0.001075,0.118800,0.000921,0.367086,0.001570,0.186849,0.000722,0.126263,0.000717,7,84
visual_nearest_retrieval,heldout_object,cable_route_around_hook,actuator_lag_shift,0.511905,0.059380,0.437308,0.001319,0.339555,0.000979,0.120003,0.002104,0.408040,0.001430,0.186151,0.001107,0.128225,0.002626,7,84
visual_nearest_retrieval,heldout_object,cable_route_around_hook,compliance_shift,0.532313,0.032886,0.445199,0.001293,0.331022,0.000960,0.115100,0.001064,0.415960,0.001402,0.189033,0.000853,0.127621,0.000638,7,84
visual_nearest_retrieval,heldout_object,cable_route_around_hook,compound_mechanism_shift,0.450680,0.033555,0.428889,0.005178,0.354005,0.001037,0.127637,0.000781,0.404225,0.001514,0.189158,0.000645,0.129709,0.002385,7,84
visual_nearest_retrieval,heldout_object,cable_route_around_hook,friction_mismatch,0.557823,0.027148,0.446899,0.001306,0.316792,0.000970,0.106899,0.001120,0.414513,0.001416,0.183475,0.000908,0.121977,0.000645,7,84
visual_nearest_retrieval,heldout_object,cable_route_around_hook,occluded_contact_shift,0.498299,0.024646,0.436138,0.005198,0.336457,0.001018,0.121460,0.000856,0.412394,0.001486,0.189916,0.000718,0.128219,0.000678,7,84
visual_nearest_retrieval,heldout_object,cable_route_around_hook,source_matched,0.593537,0.030307,0.450263,0.001267,0.298914,0.000941,0.101276,0.000873,0.417667,0.001374,0.183812,0.000710,0.122211,0.000625,7,84
visual_nearest_retrieval,heldout_object,cable_route_around_hook,support_topology_shift,0.510204,0.029439,0.440566,0.001370,0.326081,0.003906,0.113339,0.002338,0.408994,0.005335,0.185555,0.002469,0.128256,0.000605,7,84
visual_nearest_retrieval,heldout_object,cloth_slide_over_edge,actuator_lag_shift,0.525510,0.034319,0.433887,0.005259,0.341630,0.003629,0.122032,0.000667,0.401148,0.005879,0.186706,0.002616,0.131291,0.000578,7,84
visual_nearest_retrieval,heldout_object,cloth_slide_over_edge,compliance_shift,0.549320,0.043631,0.438565,0.001267,0.327256,0.000941,0.113874,0.001244,0.405687,0.001374,0.187934,0.002288,0.127832,0.000625,7,84
visual_nearest_retrieval,heldout_object,cloth_slide_over_edge,compound_mechanism_shift,0.413265,0.038006,0.430532,0.001370,0.351302,0.001018,0.128286,0.000897,0.395503,0.001486,0.190672,0.000719,0.128361,0.000678,7,84
visual_nearest_retrieval,heldout_object,cloth_slide_over_edge,friction_mismatch,0.530612,0.037019,0.440727,0.003834,0.315089,0.003635,0.110373,0.002566,0.402106,0.001529,0.183226,0.000860,0.122457,0.001960,7,84
visual_nearest_retrieval,heldout_object,cloth_slide_over_edge,occluded_contact_shift,0.579932,0.028219,0.439142,0.004795,0.336490,0.000999,0.117184,0.002261,0.407667,0.001458,0.184726,0.001978,0.128744,0.002403,7,84
visual_nearest_retrieval,heldout_object,cloth_slide_over_edge,source_matched,0.637755,0.022111,0.447277,0.001242,0.297885,0.000922,0.101534,0.000780,0.411389,0.001346,0.178438,0.002049,0.123152,0.001928,7,84
visual_nearest_retrieval,heldout_object,cloth_slide_over_edge,support_topology_shift,0.532313,0.051352,0.438996,0.001344,0.324398,0.003921,0.112412,0.001033,0.401762,0.004262,0.184629,0.000768,0.123033,0.000592,7,84
visual_nearest_retrieval,heldout_object,drawer_pull_with_stiction,actuator_lag_shift,0.557823,0.021858,0.435602,0.005218,0.341398,0.000999,0.119678,0.002409,0.401330,0.001458,0.187114,0.002567,0.130999,0.000665,7,84
visual_nearest_retrieval,heldout_object,drawer_pull_with_stiction,compliance_shift,0.588435,0.030062,0.443795,0.003820,0.329661,0.000979,0.111052,0.000984,0.404572,0.001430,0.184286,0.000799,0.123627,0.000651,7,84
visual_nearest_retrieval,heldout_object,drawer_pull_with_stiction,compound_mechanism_shift,0.542517,0.037019,0.426278,0.004744,0.353454,0.001056,0.125762,0.002673,0.394020,0.001542,0.191312,0.002026,0.131988,0.000704,7,84
visual_nearest_retrieval,heldout_object,drawer_pull_with_stiction,friction_mismatch,0.605442,0.039907,0.449917,0.001331,0.317033,0.000989,0.109926,0.002900,0.405464,0.001444,0.182202,0.002758,0.127084,0.000658,7,84
visual_nearest_retrieval,heldout_object,drawer_pull_with_stiction,occluded_contact_shift,0.566327,0.039721,0.438403,0.004761,0.332702,0.001037,0.115398,0.001246,0.397511,0.001514,0.184549,0.002073,0.128303,0.002385,7,84
visual_nearest_retrieval,heldout_object,drawer_pull_with_stiction,source_matched,0.653061,0.018659,0.446874,0.001293,0.299495,0.003952,0.103173,0.000649,0.403968,0.004281,0.179168,0.002396,0.122977,0.001930,7,84
visual_nearest_retrieval,heldout_object,drawer_pull_with_stiction,support_topology_shift,0.576531,0.030912,0.438257,0.001395,0.327471,0.001037,0.113414,0.000911,0.406768,0.001514,0.183643,0.000750,0.123860,0.001898,7,84
visual_nearest_retrieval,heldout_object,peg_insert_contact_search,actuator_lag_shift,0.518707,0.031329,0.432428,0.001344,0.339143,0.003921,0.119346,0.000806,0.368192,0.004262,0.188049,0.000878,0.126768,0.000592,7,84
visual_nearest_retrieval,heldout_object,peg_insert_contact_search,compliance_shift,0.537415,0.038249,0.436944,0.001319,0.326362,0.003616,0.115901,0.000756,0.369911,0.001571,0.188122,0.002350,0.127830,0.000592,7,84
visual_nearest_retrieval,heldout_object,peg_insert_contact_search,compound_mechanism_shift,0.454082,0.032375,0.424990,0.001421,0.356044,0.001056,0.127722,0.000942,0.373100,0.001542,0.189306,0.001879,0.131074,0.002584,7,84
visual_nearest_retrieval,heldout_object,peg_insert_contact_search,friction_mismatch,0.585034,0.040231,0.440331,0.001331,0.318544,0.003609,0.108582,0.001192,0.377824,0.005846,0.184242,0.001085,0.123145,0.000598,7,84
visual_nearest_retrieval,heldout_object,peg_insert_contact_search,occluded_contact_shift,0.559524,0.045542,0.433437,0.003792,0.335964,0.001037,0.118511,0.001428,0.377573,0.001514,0.186423,0.001120,0.125563,0.000691,7,84
visual_nearest_retrieval,heldout_object,peg_insert_contact_search,source_matched,0.637755,0.025386,0.454640,0.001293,0.300299,0.000960,0.100059,0.000693,0.385587,0.001402,0.181809,0.000588,0.120841,0.000638,7,84
visual_nearest_retrieval,heldout_object,peg_insert_contact_search,support_topology_shift,0.551020,0.023174,0.442438,0.001395,0.325587,0.003891,0.115371,0.002188,0.374172,0.005317,0.186922,0.000729,0.125600,0.000618,7,84
visual_nearest_retrieval,heldout_object,twist_lid_with_force_limit,actuator_lag_shift,0.588435,0.046348,0.430470,0.001357,0.343839,0.001008,0.117974,0.002331,0.369860,0.005422,0.185069,0.002122,0.130569,0.001906,7,84
visual_nearest_retrieval,heldout_object,twist_lid_with_force_limit,compliance_shift,0.590136,0.032546,0.437351,0.004804,0.331117,0.000989,0.111483,0.001222,0.374238,0.004312,0.184277,0.000979,0.123667,0.000658,7,84
visual_nearest_retrieval,heldout_object,twist_lid_with_force_limit,compound_mechanism_shift,0.464286,0.019052,0.429656,0.001434,0.357132,0.002837,0.128295,0.000645,0.364356,0.005781,0.188186,0.000615,0.131261,0.002604,7,84
visual_nearest_retrieval,heldout_object,twist_lid_with_force_limit,friction_mismatch,0.591837,0.044887,0.444129,0.005218,0.318981,0.000999,0.108741,0.002038,0.378421,0.001458,0.182736,0.002536,0.126317,0.001908,7,84
visual_nearest_retrieval,heldout_object,twist_lid_with_force_limit,occluded_contact_shift,0.545918,0.015635,0.433608,0.001408,0.337111,0.001047,0.118461,0.000874,0.374060,0.001528,0.185675,0.000748,0.125791,0.001896,7,84
visual_nearest_retrieval,heldout_object,twist_lid_with_force_limit,source_matched,0.629252,0.029876,0.448265,0.001306,0.298252,0.003622,0.103256,0.000767,0.372266,0.001557,0.181147,0.002693,0.123456,0.000585,7,84
visual_nearest_retrieval,heldout_object,twist_lid_with_force_limit,support_topology_shift,0.612245,0.020905,0.444896,0.001408,0.323304,0.003570,0.114711,0.000844,0.365651,0.001669,0.185126,0.000822,0.124623,0.000637,7,84
visual_nearest_retrieval,seen_corpus,cable_route_around_hook,actuator_lag_shift,0.510204,0.020638,0.442981,0.001280,0.324233,0.000951,0.115297,0.001059,0.416019,0.001388,0.187086,0.000868,0.125040,0.000632,7,84
visual_nearest_retrieval,seen_corpus,cable_route_around_hook,compliance_shift,0.569728,0.022443,0.442407,0.003844,0.307635,0.000931,0.107062,0.000663,0.412165,0.001360,0.184044,0.000569,0.122345,0.000618,7,84
visual_nearest_retrieval,seen_corpus,cable_route_around_hook,compound_mechanism_shift,0.482993,0.041633,0.435138,0.005208,0.339115,0.001008,0.126002,0.000902,0.412834,0.001472,0.188761,0.001831,0.127964,0.000671,7,84
visual_nearest_retrieval,seen_corpus,cable_route_around_hook,friction_mismatch,0.547619,0.025459,0.454875,0.001267,0.303197,0.000941,0.107075,0.000927,0.425014,0.001374,0.178820,0.001983,0.122262,0.001923,7,84
visual_nearest_retrieval,seen_corpus,cable_route_around_hook,occluded_contact_shift,0.552721,0.036311,0.441166,0.001331,0.315506,0.002865,0.113745,0.000818,0.409582,0.001530,0.185168,0.000832,0.123467,0.000623,7,84
visual_nearest_retrieval,seen_corpus,cable_route_around_hook,source_matched,0.641156,0.020000,0.457085,0.005310,0.279308,0.000912,0.095837,0.000775,0.419391,0.001332,0.176626,0.002716,0.119524,0.000605,7,84
visual_nearest_retrieval,seen_corpus,cable_route_around_hook,support_topology_shift,0.578231,0.041006,0.449886,0.001331,0.306634,0.000989,0.109897,0.001008,0.416096,0.001444,0.183907,0.000793,0.122247,0.000658,7,84
visual_nearest_retrieval,seen_corpus,cloth_slide_over_edge,actuator_lag_shift,0.544218,0.034427,0.438125,0.001255,0.321959,0.000931,0.114755,0.000799,0.407699,0.001360,0.185543,0.002484,0.126219,0.000618,7,84
visual_nearest_retrieval,seen_corpus,cloth_slide_over_edge,compliance_shift,0.557823,0.023014,0.443486,0.004873,0.308097,0.000912,0.109467,0.000913,0.407839,0.001332,0.180394,0.001983,0.124254,0.001931,7,84
visual_nearest_retrieval,seen_corpus,cloth_slide_over_edge,compound_mechanism_shift,0.481293,0.046348,0.435346,0.005228,0.340639,0.000989,0.120986,0.001464,0.410059,0.001444,0.185676,0.001143,0.124883,0.001910,7,84
visual_nearest_retrieval,seen_corpus,cloth_slide_over_edge,friction_mismatch,0.590136,0.046348,0.451843,0.001242,0.302291,0.000922,0.106234,0.002516,0.418691,0.001346,0.179213,0.000725,0.117517,0.000612,7,84
visual_nearest_retrieval,seen_corpus,cloth_slide_over_edge,occluded_contact_shift,0.557823,0.030307,0.445022,0.001306,0.318051,0.000970,0.110493,0.001209,0.410870,0.001416,0.182669,0.000972,0.121085,0.000645,7,84
visual_nearest_retrieval,seen_corpus,cloth_slide_over_edge,source_matched,0.632653,0.033939,0.452664,0.001203,0.282506,0.000893,0.096773,0.002397,0.419060,0.001304,0.178183,0.000717,0.116445,0.000592,7,84
visual_nearest_retrieval,seen_corpus,cloth_slide_over_edge,support_topology_shift,0.569728,0.048151,0.449169,0.004821,0.310894,0.000970,0.107046,0.001021,0.417315,0.001416,0.181598,0.000780,0.119896,0.000645,7,84
visual_nearest_retrieval,seen_corpus,drawer_pull_with_stiction,actuator_lag_shift,0.591837,0.032088,0.441605,0.001306,0.321599,0.000970,0.114149,0.002251,0.402173,0.001416,0.180983,0.000946,0.124606,0.002631,7,84
visual_nearest_retrieval,seen_corpus,drawer_pull_with_stiction,compliance_shift,0.581633,0.020000,0.450480,0.001280,0.313803,0.000951,0.109263,0.000823,0.411170,0.001388,0.184785,0.000692,0.123364,0.000632,7,84
visual_nearest_retrieval,seen_corpus,drawer_pull_with_stiction,compound_mechanism_shift,0.591837,0.028674,0.437430,0.001383,0.334087,0.001027,0.119103,0.002140,0.395494,0.001500,0.185255,0.002810,0.129322,0.000684,7,84
visual_nearest_retrieval,seen_corpus,drawer_pull_with_stiction,friction_mismatch,0.651361,0.022608,0.451363,0.001293,0.298961,0.000960,0.102010,0.001969,0.408830,0.001402,0.178200,0.000822,0.118445,0.001918,7,84
visual_nearest_retrieval,seen_corpus,drawer_pull_with_stiction,occluded_contact_shift,0.602041,0.028739,0.446048,0.003806,0.317565,0.001008,0.113293,0.001054,0.405160,0.001472,0.183790,0.000859,0.122816,0.000671,7,84
visual_nearest_retrieval,seen_corpus,drawer_pull_with_stiction,source_matched,0.661565,0.036311,0.456312,0.001255,0.282272,0.000931,0.095491,0.000600,0.413718,0.001360,0.178543,0.001861,0.118349,0.000618,7,84
visual_nearest_retrieval,seen_corpus,drawer_pull_with_stiction,support_topology_shift,0.651361,0.041589,0.443333,0.003806,0.310408,0.001008,0.109097,0.000795,0.411606,0.001472,0.182195,0.000626,0.121627,0.000671,7,84
visual_nearest_retrieval,seen_corpus,peg_insert_contact_search,actuator_lag_shift,0.556122,0.032886,0.439713,0.005249,0.327377,0.000970,0.115023,0.000871,0.380464,0.005460,0.186007,0.000706,0.124661,0.000645,7,84
visual_nearest_retrieval,seen_corpus,peg_insert_contact_search,compliance_shift,0.602041,0.030490,0.442624,0.001280,0.308247,0.000951,0.106325,0.001924,0.378058,0.001388,0.181467,0.000517,0.120232,0.000632,7,84
visual_nearest_retrieval,seen_corpus,peg_insert_contact_search,compound_mechanism_shift,0.547619,0.028803,0.435138,0.005188,0.337849,0.001027,0.122082,0.001095,0.375986,0.001500,0.185624,0.000892,0.124565,0.000684,7,84
visual_nearest_retrieval,seen_corpus,peg_insert_contact_search,friction_mismatch,0.649660,0.029627,0.449920,0.005259,0.303360,0.002876,0.104611,0.000520,0.385106,0.005903,0.180685,0.002586,0.122128,0.000603,7,84
visual_nearest_retrieval,seen_corpus,peg_insert_contact_search,occluded_contact_shift,0.559524,0.038778,0.437790,0.001357,0.321999,0.001008,0.112162,0.002795,0.381489,0.005422,0.182296,0.002697,0.125381,0.001906,7,84
visual_nearest_retrieval,seen_corpus,peg_insert_contact_search,source_matched,0.624150,0.045785,0.458499,0.005290,0.284249,0.003975,0.095867,0.003130,0.386458,0.005418,0.177626,0.000825,0.115800,0.000546,7,84
visual_nearest_retrieval,seen_corpus,peg_insert_contact_search,support_topology_shift,0.573129,0.024646,0.446510,0.001357,0.307981,0.003914,0.105880,0.000927,0.377917,0.004257,0.178915,0.000978,0.121781,0.002670,7,84
visual_nearest_retrieval,seen_corpus,twist_lid_with_force_limit,actuator_lag_shift,0.554422,0.053610,0.443629,0.001319,0.322625,0.000979,0.115002,0.002703,0.373671,0.001430,0.182350,0.001800,0.125468,0.002412,7,84
visual_nearest_retrieval,seen_corpus,twist_lid_with_force_limit,compliance_shift,0.591837,0.021430,0.451192,0.001293,0.313845,0.000960,0.108434,0.000989,0.381231,0.001402,0.183686,0.000815,0.122409,0.000638,7,84
visual_nearest_retrieval,seen_corpus,twist_lid_with_force_limit,compound_mechanism_shift,0.583333,0.060246,0.431956,0.004761,0.338065,0.001037,0.120424,0.001747,0.371301,0.001514,0.183612,0.001343,0.126487,0.002594,7,84
visual_nearest_retrieval,seen_corpus,twist_lid_with_force_limit,friction_mismatch,0.625850,0.042861,0.452731,0.001306,0.299495,0.000970,0.102260,0.002944,0.379609,0.001416,0.177929,0.000922,0.118970,0.002416,7,84
visual_nearest_retrieval,seen_corpus,twist_lid_with_force_limit,occluded_contact_shift,0.554422,0.027822,0.439261,0.003801,0.320559,0.001018,0.115809,0.000705,0.379532,0.001486,0.185468,0.000600,0.123882,0.000678,7,84
visual_nearest_retrieval,seen_corpus,twist_lid_with_force_limit,source_matched,0.654762,0.034534,0.455712,0.001267,0.281330,0.000941,0.094273,0.000525,0.382343,0.001374,0.178169,0.000432,0.116720,0.000625,7,84
visual_nearest_retrieval,seen_corpus,twist_lid_with_force_limit,support_topology_shift,0.590136,0.069041,0.445694,0.001370,0.309972,0.003590,0.109342,0.003130,0.375823,0.005813,0.184064,0.001278,0.122631,0.000618,7,84
