method,split,seed,mean_success_rate,ci95_success_rate,mean_utility,ci95_utility,mean_mechanism_precision,ci95_mechanism_precision,mean_incompatible_retrieval_rate,ci95_incompatible_retrieval_rate,mean_recovery_success,ci95_recovery_success,mean_damage_rate,ci95_damage_rate,mean_query_cost,ci95_query_cost,mean_regret,ci95_regret,mean_calibration_error,ci95_calibration_error,mean_retrieval_coverage,ci95_retrieval_coverage,groups,episodes_per_group
action_conditioned_mechanism_retrieval_v5,combined_stress,0,0.7372395833,0.0112706458,0.8145902672,0.0118249205,0.6664702125,0.0018040059,0.0879015052,0.0013742667,0.6332685523,0.0030095441,0.0524663804,0.0013996105,0.2252508458,0.0006195109,0.1025057338,0.0014197481,0.0576518466,0.0006436541,0.7516242767,0.0017201190,80,96
action_conditioned_mechanism_retrieval_v5,combined_stress,1,0.7240885417,0.0125866939,0.8009674967,0.0133435439,0.6665446750,0.0017056083,0.0880747552,0.0014584301,0.6324545136,0.0030284637,0.0526631016,0.0014273714,0.2255299104,0.0005898535,0.1024586827,0.0013532940,0.0579176436,0.0006454993,0.7518584887,0.0017241155,80,96
action_conditioned_mechanism_retrieval_v5,combined_stress,2,0.7274739583,0.0117321017,0.8048205613,0.0125394608,0.6669693125,0.0016823068,0.0876226927,0.0015651673,0.6325377983,0.0030680722,0.0523683197,0.0013642181,0.2255024271,0.0006643890,0.1024673908,0.0013608173,0.0579483231,0.0006406551,0.7519581334,0.0017896219,80,96
action_conditioned_mechanism_retrieval_v5,combined_stress,3,0.7263020833,0.0120347625,0.8035682084,0.0130158627,0.6668686875,0.0016583698,0.0881711302,0.0015890079,0.6329362404,0.0030200220,0.0524507166,0.0014211526,0.2253886708,0.0006363681,0.1021152485,0.0014497643,0.0579950106,0.0006223566,0.7519557272,0.0017364107,80,96
action_conditioned_mechanism_retrieval_v5,combined_stress,4,0.7311197917,0.0095961753,0.8082856803,0.0104212505,0.6671182375,0.0016502287,0.0882193177,0.0015457507,0.6328269289,0.0029117383,0.0523902835,0.0014402368,0.2254161729,0.0006230349,0.1025501346,0.0014167139,0.0578836191,0.0006530849,0.7520113499,0.0016570127,80,96
action_conditioned_mechanism_retrieval_v5,combined_stress,5,0.7375000000,0.0117037123,0.8143841703,0.0126620862,0.6668425250,0.0016918791,0.0880173802,0.0015521691,0.6318509342,0.0028315834,0.0524342916,0.0013953989,0.2254968375,0.0006265266,0.1026892153,0.0014334188,0.0578432631,0.0006620782,0.7519399092,0.0015561342,80,96
action_conditioned_mechanism_retrieval_v5,combined_stress,6,0.7238281250,0.0109862723,0.8005336034,0.0118444961,0.6665668125,0.0016498608,0.0880655677,0.0015679812,0.6320917976,0.0028457193,0.0525565960,0.0014356226,0.2257081562,0.0006246043,0.1028176482,0.0014508032,0.0578069091,0.0006938146,0.7523537109,0.0015307802,80,96
action_conditioned_mechanism_retrieval_v5,combined_stress,7,0.7282552083,0.0112777757,0.8052675787,0.0120646774,0.6666412750,0.0014904629,0.0881137552,0.0016370383,0.6319824861,0.0026864921,0.0522030441,0.0014161927,0.2253659396,0.0006120600,0.1027522842,0.0014481866,0.0576204801,0.0007057673,0.7517950267,0.0015968804,80,96
action_conditioned_mechanism_retrieval_v5,combined_stress,8,0.7300781250,0.0116573746,0.8071190467,0.0123891848,0.6665406500,0.0015620536,0.0877867552,0.0015553625,0.6320613936,0.0026951012,0.0523203291,0.0014193742,0.2253603312,0.0005775747,0.1029667989,0.0014295842,0.0575030856,0.0006416928,0.7520452467,0.0015934400,80,96
action_conditioned_mechanism_retrieval_v5,combined_stress,9,0.7380208333,0.0115202491,0.8156538412,0.0120098491,0.6666151125,0.0015211642,0.0873346927,0.0014744221,0.6321446783,0.0028171337,0.0519435160,0.0013832735,0.2250439333,0.0005627799,0.1028754570,0.0014208937,0.0576838401,0.0005982471,0.7522169274,0.0015511731,80,96
action_conditioned_mechanism_retrieval_v5,cross_embodiment,0,0.7291666667,0.0132354995,0.8222861564,0.0141342516,0.6772455375,0.0016374103,0.0781561430,0.0013837428,0.6401592600,0.0029903517,0.0479029550,0.0014630047,0.2187966167,0.0006531950,0.0901223598,0.0014037546,0.0497996858,0.0007102729,0.7759982244,0.0015693667,80,96
action_conditioned_mechanism_retrieval_v5,cross_embodiment,1,0.7427083333,0.0117655390,0.8361313835,0.0124553288,0.6775020875,0.0015435954,0.0780842680,0.0012927455,0.6400611506,0.0029529446,0.0473799363,0.0014073219,0.2189300958,0.0005970846,0.0901554413,0.0013857884,0.0497644108,0.0007030817,0.7756654109,0.0016414208,80,96
action_conditioned_mechanism_retrieval_v5,cross_embodiment,2,0.7388020833,0.0118792089,0.8324424273,0.0122636965,0.6777586375,0.0015784259,0.0781374555,0.0014178159,0.6404839266,0.0028933602,0.0473298094,0.0013857533,0.2189326583,0.0005918670,0.0898846248,0.0013794491,0.0498061743,0.0006977104,0.7757252937,0.0017310019,80,96
action_conditioned_mechanism_retrieval_v5,cross_embodiment,3,0.7368489583,0.0111870547,0.8303223578,0.0117292350,0.6778401000,0.0016150391,0.0783157055,0.0014414941,0.6400268878,0.0029667751,0.0472532806,0.0014147623,0.2190579521,0.0006227158,0.0898353728,0.0013474132,0.0498499388,0.0006346652,0.7755635657,0.0017507929,80,96
action_conditioned_mechanism_retrieval_v5,cross_embodiment,4,0.7274739583,0.0102563144,0.8205529497,0.0111238556,0.6782717375,0.0016361485,0.0783688930,0.0014679277,0.6395742262,0.0029414245,0.0476767788,0.0013982300,0.2192871521,0.0006148636,0.0897804141,0.0013676401,0.0497416273,0.0006175947,0.7756374554,0.0017087354,80,96
action_conditioned_mechanism_retrieval_v5,cross_embodiment,5,0.7276041667,0.0113005975,0.8203508150,0.0115020244,0.6778279375,0.0015887332,0.0784220805,0.0014858490,0.6396468272,0.0029042439,0.0480042206,0.0013924077,0.2193832792,0.0005959559,0.0899161007,0.0014277673,0.0499334658,0.0006257743,0.7758414102,0.0016636980,80,96
action_conditioned_mechanism_retrieval_v5,cross_embodiment,6,0.7316406250,0.0107939794,0.8242156848,0.0116514019,0.6777343125,0.0017449891,0.0786003305,0.0014312388,0.6397150509,0.0028917771,0.0481200294,0.0014033172,0.2192746437,0.0006238977,0.0901575440,0.0014343747,0.0497521178,0.0005982967,0.7759658252,0.0016628927,80,96
action_conditioned_mechanism_retrieval_v5,cross_embodiment,7,0.7361979167,0.0106310140,0.8291577955,0.0109592030,0.6772905125,0.0017449719,0.0780282055,0.0015086693,0.6399846253,0.0029349384,0.0480238619,0.0013976248,0.2191587167,0.0005818525,0.0900614460,0.0013436646,0.0496338013,0.0006031730,0.7758070987,0.0016725917,80,96
action_conditioned_mechanism_retrieval_v5,cross_embodiment,8,0.7432291667,0.0092959782,0.8365854623,0.0103431552,0.6771968875,0.0017707305,0.0780813930,0.0016126727,0.6402323137,0.0028611187,0.0477768600,0.0014248256,0.2187830417,0.0005706729,0.0896937310,0.0014496950,0.0497506023,0.0006045030,0.7761391174,0.0016510110,80,96
action_conditioned_mechanism_retrieval_v5,cross_embodiment,9,0.7403645833,0.0114321738,0.8338227540,0.0120188116,0.6771032625,0.0016428083,0.0780095180,0.0015594211,0.6403092919,0.0028836607,0.0476241913,0.0013940987,0.2189961333,0.0005721911,0.0895235611,0.0014080352,0.0500905148,0.0005856084,0.7757782899,0.0016723112,80,96
action_conditioned_mechanism_retrieval_v5,heldout_mechanism,0,0.7485677083,0.0110863744,0.8483638697,0.0114975589,0.6812840250,0.0017199747,0.0747569307,0.0013872347,0.6433242374,0.0030464689,0.0457393914,0.0014331767,0.2162054771,0.0005698767,0.0839251756,0.0013702115,0.0471506209,0.0005790426,0.7847295062,0.0016185870,80,96
action_conditioned_mechanism_retrieval_v5,heldout_mechanism,1,0.7453125000,0.0108101980,0.8450816772,0.0113282723,0.6817226625,0.0016883112,0.0745649932,0.0014934125,0.6430622427,0.0030872941,0.0457384245,0.0014301368,0.2165020750,0.0005867337,0.0839598043,0.0013463753,0.0472664999,0.0006241375,0.7849227134,0.0016798940,80,96
action_conditioned_mechanism_retrieval_v5,heldout_mechanism,2,0.7467447917,0.0094122753,0.8464467889,0.0096675879,0.6818111250,0.0015968309,0.0744981182,0.0014312261,0.6427958709,0.0030816063,0.0456618370,0.0013922045,0.2167330479,0.0005549933,0.0840001396,0.0013205359,0.0473093424,0.0006142748,0.7846802029,0.0017068405,80,96
action_conditioned_mechanism_retrieval_v5,heldout_mechanism,3,0.7460937500,0.0109645258,0.8453931078,0.0118270271,0.6820746750,0.0015012556,0.0751816182,0.0014332728,0.6426783234,0.0029514702,0.0458253508,0.0014749699,0.2167680750,0.0005843380,0.0839715130,0.0013223792,0.0474392284,0.0006420395,0.7845067269,0.0017065131,80,96
action_conditioned_mechanism_retrieval_v5,heldout_mechanism,4,0.7386718750,0.0110114580,0.8380592199,0.0115023289,0.6821631375,0.0015696757,0.0748646182,0.0015131273,0.6427708809,0.0030320028,0.0458906295,0.0014903115,0.2167478187,0.0006006736,0.0841942320,0.0013092078,0.0470278439,0.0006706046,0.7844793239,0.0016382165,80,96
action_conditioned_mechanism_retrieval_v5,heldout_mechanism,5,0.7309895833,0.0110567745,0.8306835358,0.0114995380,0.6826017750,0.0015953402,0.0746726807,0.0015135190,0.6432092362,0.0030419019,0.0458943126,0.0014764113,0.2166561708,0.0005446103,0.0841162044,0.0012540020,0.0467685354,0.0006745149,0.7845724812,0.0016698009,80,96
action_conditioned_mechanism_retrieval_v5,heldout_mechanism,6,0.7398437500,0.0113928749,0.8398807922,0.0119954114,0.6825151500,0.0017484600,0.0746058057,0.0014607382,0.6432930393,0.0028830037,0.0453839814,0.0013940721,0.2164830875,0.0005787154,0.0843503365,0.0012950939,0.0467363404,0.0006665284,0.7849162637,0.0016591793,80,96
action_conditioned_mechanism_retrieval_v5,heldout_mechanism,7,0.7411458333,0.0105583328,0.8410507606,0.0109196576,0.6822534375,0.0016291308,0.0747890557,0.0014839771,0.6437182631,0.0028202094,0.0454773214,0.0013504461,0.2167158833,0.0005869003,0.0842894288,0.0013885736,0.0467831849,0.0006705260,0.7846307317,0.0015893295,80,96
action_conditioned_mechanism_retrieval_v5,heldout_mechanism,8,0.7373697917,0.0104237547,0.8371349939,0.0109928643,0.6819917250,0.0016422460,0.0748472432,0.0015112552,0.6436226015,0.0027307257,0.0455032383,0.0013349033,0.2168696979,0.0006217508,0.0842322691,0.0014803001,0.0469030659,0.0006642552,0.7845528034,0.0016076058,80,96
action_conditioned_mechanism_retrieval_v5,heldout_mechanism,9,0.7363281250,0.0110138537,0.8356342457,0.0116840123,0.6819051000,0.0015738954,0.0751555557,0.0015298996,0.6433430981,0.0027544944,0.0457225576,0.0013575694,0.2169101937,0.0006009492,0.0845898742,0.0014965542,0.0467267989,0.0006434496,0.7844738747,0.0015907471,80,96
action_conditioned_mechanism_retrieval_v5,heldout_object,0,0.7563802083,0.0113378531,0.8632557842,0.0117499877,0.6869190000,0.0015800432,0.0720344717,0.0014224641,0.6476005860,0.0028905367,0.0429346318,0.0013563752,0.2141055021,0.0005731904,0.0777733407,0.0014156439,0.0437546990,0.0006260869,0.7941966017,0.0016047097,80,96
action_conditioned_mechanism_retrieval_v5,heldout_object,1,0.7408854167,0.0116810076,0.8475053711,0.0125813746,0.6868113750,0.0015871209,0.0719525967,0.0014540955,0.6471386516,0.0029055260,0.0432277193,0.0014052669,0.2139641542,0.0006095899,0.0779045711,0.0013248863,0.0438633390,0.0006588988,0.7939273042,0.0016269187,80,96
action_conditioned_mechanism_retrieval_v5,heldout_object,2,0.7529947917,0.0110114580,0.8594235879,0.0116694475,0.6870539250,0.0015673284,0.0721208467,0.0015271387,0.6468430504,0.0027979120,0.0431164780,0.0014153358,0.2138115354,0.0005867699,0.0779440132,0.0014555384,0.0439759810,0.0006480544,0.7939711632,0.0016584827,80,96
action_conditioned_mechanism_retrieval_v5,heldout_object,3,0.7433593750,0.0105904160,0.8495012209,0.0112549105,0.6869463000,0.0014906138,0.0724141592,0.0015385317,0.6463679844,0.0027941752,0.0434804349,0.0013875301,0.2138883062,0.0006292495,0.0777922134,0.0014318621,0.0440906240,0.0006509139,0.7938794544,0.0016379663,80,96
action_conditioned_mechanism_retrieval_v5,heldout_object,4,0.7460937500,0.0091980827,0.8523022086,0.0100435902,0.6868386750,0.0014837903,0.0723322842,0.0014238121,0.6460811376,0.0028377602,0.0433703599,0.0014096807,0.2136418250,0.0006057231,0.0779202923,0.0014380063,0.0441992640,0.0006386509,0.7939103069,0.0016461478,80,96
action_conditioned_mechanism_retrieval_v5,heldout_object,5,0.7459635417,0.0112385238,0.8523149073,0.0117993846,0.6860307000,0.0017193293,0.0717501592,0.0015628927,0.6458117994,0.0029336279,0.0431267549,0.0014172156,0.2138106354,0.0006373892,0.0780255448,0.0014024881,0.0440747875,0.0006915678,0.7939151464,0.0016173608,80,96
action_conditioned_mechanism_retrieval_v5,heldout_object,6,0.7533854167,0.0106496100,0.8598489567,0.0115928501,0.6860981625,0.0017432152,0.0716682842,0.0014928223,0.6458751276,0.0030639226,0.0430823799,0.0014369195,0.2136486042,0.0006137670,0.0781473205,0.0014192464,0.0440333525,0.0006431541,0.7942601559,0.0016169135,80,96
action_conditioned_mechanism_retrieval_v5,heldout_object,7,0.7476562500,0.0105762771,0.8542993153,0.0115040052,0.6859905375,0.0017455651,0.0715864092,0.0014550160,0.6468138932,0.0030601670,0.0431996861,0.0013760764,0.2140458750,0.0006286607,0.0776530383,0.0013645633,0.0438418425,0.0006173602,0.7941909584,0.0017278473,80,96
action_conditioned_mechanism_retrieval_v5,heldout_object,8,0.7480468750,0.0100066568,0.8549276173,0.0110299599,0.6864081750,0.0017389927,0.0712544092,0.0014233728,0.6472361507,0.0029638119,0.0431893274,0.0014654633,0.2142073938,0.0006399141,0.0777570977,0.0013521311,0.0437964055,0.0006012653,0.7937785894,0.0016131419,80,96
action_conditioned_mechanism_retrieval_v5,heldout_object,9,0.7453125000,0.0115819163,0.8523215416,0.0125345823,0.6864756375,0.0017637520,0.0711725342,0.0014955877,0.6474745663,0.0029663701,0.0433277649,0.0014526113,0.2141125125,0.0006034113,0.0774755218,0.0013780300,0.0436799330,0.0006466583,0.7935232989,0.0016761918,80,96
action_conditioned_mechanism_retrieval_v5,seen_corpus,0,0.7638020833,0.0095595489,0.8789787027,0.0105536235,0.6918052000,0.0016606154,0.0680560705,0.0015066502,0.6512244125,0.0029820250,0.0399787874,0.0014952716,0.2106093583,0.0006297913,0.0702404837,0.0013978670,0.0399702221,0.0006303955,0.8041606518,0.0015863596,80,96
action_conditioned_mechanism_retrieval_v5,seen_corpus,1,0.7622395833,0.0092081161,0.8770850894,0.0094555286,0.6920267500,0.0016755341,0.0685845080,0.0015164590,0.6514204672,0.0030737813,0.0399797781,0.0013579124,0.2110143333,0.0005824557,0.0703753345,0.0014024772,0.0398545146,0.0006426932,0.8039691195,0.0016119702,80,96
action_conditioned_mechanism_retrieval_v5,seen_corpus,2,0.7549479167,0.0105074550,0.8696228118,0.0112348303,0.6924233875,0.0016911367,0.0687377580,0.0015313438,0.6516296535,0.0031343175,0.0403577806,0.0013818179,0.2111243292,0.0005998303,0.0699928153,0.0013720445,0.0401079916,0.0006063572,0.8042143055,0.0015671283,80,96
action_conditioned_mechanism_retrieval_v5,seen_corpus,3,0.7494791667,0.0116896152,0.8639952439,0.0124602908,0.6922947625,0.0016618211,0.0685158205,0.0015042662,0.6513267088,0.0030380800,0.0405266324,0.0013807782,0.2113588792,0.0005861105,0.0701028812,0.0013485331,0.0404305031,0.0006317955,0.8042398818,0.0015966639,80,96
action_conditioned_mechanism_retrieval_v5,seen_corpus,4,0.7613281250,0.0108728214,0.8762121147,0.0116656532,0.6918159625,0.0015284228,0.0682938830,0.0014844727,0.6518992016,0.0031168993,0.0403837656,0.0013852096,0.2110508312,0.0005648265,0.0700971391,0.0014122719,0.0406779771,0.0006157235,0.8045375940,0.0015832303,80,96
action_conditioned_mechanism_retrieval_v5,seen_corpus,5,0.7589843750,0.0108579492,0.8733234747,0.0111631631,0.6920375125,0.0016478350,0.0688223205,0.0014957579,0.6519201688,0.0030563368,0.0403988187,0.0013697353,0.2111665937,0.0005881589,0.0701350914,0.0014103195,0.0407123446,0.0006381103,0.8047462618,0.0015779077,80,96
action_conditioned_mechanism_retrieval_v5,seen_corpus,6,0.7609375000,0.0111879759,0.8756718717,0.0117524243,0.6924341500,0.0017405303,0.0683502580,0.0014270613,0.6519761535,0.0030617630,0.0403415306,0.0014438338,0.2107719750,0.0006183351,0.0699272908,0.0014067614,0.0405055916,0.0006419430,0.8044286665,0.0016170022,80,96
action_conditioned_mechanism_retrieval_v5,seen_corpus,7,0.7588541667,0.0103501359,0.8734631706,0.0109718813,0.6921304375,0.0015872909,0.0687536330,0.0014361990,0.6509509728,0.0031010574,0.0404932168,0.0014002211,0.2107340167,0.0005905624,0.0697783460,0.0014450247,0.0403128456,0.0006116344,0.8044027170,0.0016123217,80,96
action_conditioned_mechanism_retrieval_v5,seen_corpus,8,0.7563802083,0.0107157883,0.8711078097,0.0116013281,0.6921769000,0.0015742119,0.0689068830,0.0013780308,0.6509850716,0.0029597165,0.0402592381,0.0014212409,0.2107765646,0.0005834448,0.0695990784,0.0014848727,0.0402661726,0.0006244795,0.8047199390,0.0016356277,80,96
action_conditioned_mechanism_retrieval_v5,seen_corpus,9,0.7541666667,0.0110079011,0.8686872683,0.0116046762,0.6923984500,0.0015566423,0.0688100080,0.0013960667,0.6506777497,0.0027327997,0.0405283256,0.0013982589,0.2108154667,0.0005969273,0.0697148509,0.0014626614,0.0405156476,0.0006410244,0.8043658255,0.0016240714,80,96
action_conditioned_mechanism_retrieval_v5,sparse_corpus,0,0.7278645833,0.0114931657,0.8169107771,0.0124942879,0.6741595250,0.0016794402,0.0809042121,0.0014579576,0.6382608301,0.0031253498,0.0489929323,0.0014275552,0.2207421583,0.0006118388,0.0924859946,0.0014480349,0.0517228849,0.0007058740,0.7700424093,0.0015737031,80,96
action_conditioned_mechanism_retrieval_v5,sparse_corpus,1,0.7319010417,0.0108153447,0.8211720506,0.0116401267,0.6742199875,0.0016231070,0.0806922746,0.0014641988,0.6383217104,0.0029638979,0.0489223530,0.0014108740,0.2206995604,0.0006359265,0.0922978116,0.0014640224,0.0516763689,0.0006935270,0.7703906625,0.0016150378,80,96
action_conditioned_mechanism_retrieval_v5,sparse_corpus,2,0.7279947917,0.0106942241,0.8173711060,0.0116008026,0.6744555375,0.0016362926,0.0803552746,0.0014187999,0.6383869679,0.0028702442,0.0492111005,0.0013664127,0.2205430479,0.0006912876,0.0922039719,0.0014535171,0.0518529644,0.0006901800,0.7704602765,0.0016117496,80,96
action_conditioned_mechanism_retrieval_v5,sparse_corpus,3,0.7369791667,0.0119220225,0.8263580534,0.0126942972,0.6752163500,0.0015691934,0.0806435871,0.0014759901,0.6377299895,0.0029351964,0.0489364011,0.0013648428,0.2203561417,0.0006529396,0.0923513716,0.0014564180,0.0518144524,0.0006819936,0.7703342928,0.0016586604,80,96
action_conditioned_mechanism_retrieval_v5,sparse_corpus,4,0.7201822917,0.0120005639,0.8094628120,0.0128504916,0.6758020750,0.0016153122,0.0806817746,0.0014228974,0.6381322904,0.0029333958,0.0491832930,0.0014041479,0.2205301729,0.0006342423,0.0925684986,0.0014339015,0.0519220134,0.0006840549,0.7701092595,0.0016990246,80,96
action_conditioned_mechanism_retrieval_v5,sparse_corpus,5,0.7274739583,0.0114360313,0.8167994002,0.0124089600,0.6758625375,0.0015976413,0.0807199621,0.0015317721,0.6374840663,0.0028378600,0.0487714786,0.0014045393,0.2204420021,0.0006362547,0.0928045351,0.0014614321,0.0517294244,0.0006411113,0.7700423053,0.0017057545,80,96
action_conditioned_mechanism_retrieval_v5,sparse_corpus,6,0.7279947917,0.0121927607,0.8174094432,0.0129687285,0.6753977375,0.0016289258,0.0805080246,0.0014936130,0.6378951216,0.0027170145,0.0488392180,0.0014026995,0.2205236604,0.0006250495,0.0927100989,0.0014504200,0.0516078709,0.0005783047,0.7701484375,0.0016674752,80,96
action_conditioned_mechanism_retrieval_v5,sparse_corpus,7,0.7438802083,0.0099245896,0.8336760232,0.0111848447,0.6749329375,0.0017135496,0.0804211496,0.0014536722,0.6381267123,0.0026551960,0.0484140367,0.0014557033,0.2204652521,0.0006627649,0.0924244209,0.0013959835,0.0516383934,0.0005580575,0.7702470660,0.0017014497,80,96
action_conditioned_mechanism_retrieval_v5,sparse_corpus,8,0.7305989583,0.0114377614,0.8203621231,0.0121891801,0.6748183125,0.0016747124,0.0803342746,0.0014376949,0.6383583029,0.0028532596,0.0484388180,0.0014391861,0.2205150271,0.0005915022,0.0927390429,0.0014055515,0.0516689159,0.0005871778,0.7700735585,0.0016266074,80,96
action_conditioned_mechanism_retrieval_v5,sparse_corpus,9,0.7380208333,0.0117918570,0.8279669431,0.0125429777,0.6755791250,0.0016109607,0.0801223371,0.0015205728,0.6384191832,0.0028697504,0.0484573761,0.0014823203,0.2206501458,0.0006046254,0.0926509099,0.0013238386,0.0517724749,0.0006062344,0.7699775898,0.0016633921,80,96
action_conditioned_mechanism_retrieval_v5,stale_memory,0,0.7312500000,0.0110724220,0.8133029302,0.0117008772,0.6695591625,0.0017443497,0.0878443884,0.0014559979,0.6361363814,0.0029586478,0.0501597197,0.0013612651,0.2239196125,0.0005954683,0.0960037426,0.0015005308,0.0560345802,0.0005695389,0.7560269697,0.0017142078,80,96
action_conditioned_mechanism_retrieval_v5,stale_memory,1,0.7427083333,0.0108497836,0.8247827554,0.0119307900,0.6697877125,0.0017202110,0.0881277009,0.0014491613,0.6361729280,0.0029704794,0.0501372891,0.0013853228,0.2236950708,0.0006447826,0.0959343338,0.0014299244,0.0561430632,0.0005310720,0.7557546549,0.0016754246,80,96
action_conditioned_mechanism_retrieval_v5,stale_memory,2,0.7317708333,0.0101402662,0.8138071503,0.0110037929,0.6691408250,0.0016436075,0.0879107634,0.0014837986,0.6360518958,0.0029310499,0.0501077784,0.0013695599,0.2238591083,0.0006268592,0.0958452502,0.0014523180,0.0562435422,0.0005763091,0.7559425702,0.0016476065,80,96
action_conditioned_mechanism_retrieval_v5,stale_memory,3,0.7437500000,0.0112156492,0.8262245698,0.0118996172,0.6695444625,0.0015896517,0.0875687634,0.0015301375,0.6362854158,0.0030610451,0.0499571634,0.0013439978,0.2236272750,0.0006547216,0.0958442069,0.0014702594,0.0562669827,0.0006026232,0.7561219812,0.0016693014,80,96
action_conditioned_mechanism_retrieval_v5,stale_memory,4,0.7352864583,0.0117053676,0.8174589598,0.0123893276,0.6697730125,0.0015633748,0.0878520759,0.0014751652,0.6361468748,0.0029753696,0.0500682141,0.0013856097,0.2236816396,0.0006234773,0.0961781497,0.0014539889,0.0560753157,0.0006833562,0.7563499164,0.0016214746,80,96
action_conditioned_mechanism_retrieval_v5,stale_memory,5,0.7319010417,0.0111811574,0.8139984326,0.0117301573,0.6700015625,0.0015340106,0.0877602009,0.0015022831,0.6363716405,0.0029742778,0.0502867078,0.0013998276,0.2238900229,0.0005711258,0.0961885195,0.0014773913,0.0564029082,0.0006967246,0.7561001129,0.0016250021,80,96
action_conditioned_mechanism_retrieval_v5,stale_memory,6,0.7515625000,0.0110884936,0.8340723007,0.0117764424,0.6702301125,0.0015863127,0.0879184509,0.0015233495,0.6365876517,0.0030125825,0.0498077166,0.0014905058,0.2236256750,0.0005610357,0.0961102526,0.0013620854,0.0562092402,0.0006541713,0.7560354019,0.0015915473,80,96
action_conditioned_mechanism_retrieval_v5,stale_memory,7,0.7378906250,0.0120208821,0.8200893749,0.0128429232,0.6704586625,0.0015981396,0.0878265759,0.0015247467,0.6359369798,0.0029759023,0.0498361791,0.0014863724,0.2239780687,0.0005785488,0.0964365303,0.0014085879,0.0562366827,0.0006830089,0.7562858484,0.0016342150,80,96
action_conditioned_mechanism_retrieval_v5,stale_memory,8,0.7412760417,0.0117713886,0.8234311990,0.0122822836,0.6705121250,0.0015992356,0.0881098884,0.0015527171,0.6359735264,0.0029693038,0.0497339484,0.0014433421,0.2241666979,0.0005805126,0.0961670215,0.0013383141,0.0562701282,0.0006935165,0.7560995767,0.0016037816,80,96
action_conditioned_mechanism_retrieval_v5,stale_memory,9,0.7329427083,0.0098079367,0.8149927200,0.0109005364,0.6703905000,0.0016702930,0.0880180134,0.0015060252,0.6360232045,0.0028326222,0.0498914297,0.0014872627,0.2242192396,0.0005740843,0.0962805929,0.0013245553,0.0563726082,0.0007228926,0.7563220092,0.0015984969,80,96
action_conditioned_mechanism_retrieval_v5,visually_aliased,0,0.7385416667,0.0111862071,0.8240001310,0.0121411225,0.6722983125,0.0016595874,0.0813289561,0.0015707740,0.6351477890,0.0030266687,0.0505520144,0.0014468408,0.2216105167,0.0006247285,0.0968208928,0.0014223081,0.0535283933,0.0005946633,0.7660287276,0.0015210031,80,96
action_conditioned_mechanism_retrieval_v5,visually_aliased,1,0.7303385417,0.0112297173,0.8157162713,0.0118658324,0.6723797750,0.0015692912,0.0811320186,0.0015029281,0.6350540568,0.0031011078,0.0506367601,0.0013652605,0.2216732354,0.0005622511,0.0971484178,0.0013646396,0.0532660048,0.0006614941,0.7661896609,0.0015547494,80,96
action_conditioned_mechanism_retrieval_v5,visually_aliased,2,0.7326822917,0.0113520966,0.8183312814,0.0125616425,0.6721110625,0.0016706905,0.0806849561,0.0013728604,0.6353192540,0.0030645483,0.0504391157,0.0015096437,0.2216633354,0.0005933361,0.0974582265,0.0013695851,0.0532247268,0.0006896455,0.7662375376,0.0015753312,80,96
action_conditioned_mechanism_retrieval_v5,visually_aliased,3,0.7377604167,0.0110865603,0.8235548145,0.0120536547,0.6720174375,0.0016273393,0.0808632061,0.0013828550,0.6357376528,0.0029731244,0.0503110619,0.0014501963,0.2213150042,0.0006299597,0.0976933665,0.0014096631,0.0532684913,0.0007034227,0.7663619526,0.0015658175,80,96
action_conditioned_mechanism_retrieval_v5,visually_aliased,4,0.7373697917,0.0119617540,0.8231162505,0.0126375760,0.6722739875,0.0015362494,0.0809163936,0.0013002978,0.6354600787,0.0029450528,0.0500475788,0.0014033297,0.2216435354,0.0005935507,0.0978353563,0.0014026295,0.0530101048,0.0007082937,0.7660216354,0.0016393451,80,96
action_conditioned_mechanism_retrieval_v5,visually_aliased,5,0.7453125000,0.0127165358,0.8315052137,0.0139225926,0.6725305375,0.0015714923,0.0809695811,0.0014253845,0.6360579422,0.0028763352,0.0497841707,0.0014496981,0.2214802125,0.0006258842,0.0975613882,0.0013832940,0.0530518683,0.0007028454,0.7659814681,0.0017186106,80,96
action_conditioned_mechanism_retrieval_v5,visually_aliased,6,0.7350260417,0.0110750650,0.8208315989,0.0114826283,0.6727870875,0.0015757930,0.0811478311,0.0014491524,0.6356009034,0.0029491269,0.0500077169,0.0013955842,0.2218722479,0.0006024647,0.0974120861,0.0013531257,0.0531706703,0.0006520018,0.7659337971,0.0017443209,80,96
action_conditioned_mechanism_retrieval_v5,visually_aliased,7,0.7350260417,0.0117343502,0.8206801066,0.0128316835,0.6730436375,0.0016297941,0.0813260811,0.0014528852,0.6353189522,0.0029531876,0.0501211444,0.0014349374,0.2218201229,0.0006436205,0.0973596825,0.0013738448,0.0529893223,0.0006207343,0.7661862761,0.0017601205,80,96
action_conditioned_mechanism_retrieval_v5,visually_aliased,8,0.7358072917,0.0096520287,0.8211512265,0.0105313664,0.6725998375,0.0015823166,0.0812542061,0.0014927831,0.6353959303,0.0028723992,0.0504281132,0.0014408800,0.2219071354,0.0006122315,0.0976897625,0.0013976852,0.0532541973,0.0006280310,0.7662976846,0.0016624929,80,96
action_conditioned_mechanism_retrieval_v5,visually_aliased,9,0.7266927083,0.0108183934,0.8115983245,0.0117615770,0.6723311250,0.0017847622,0.0814324561,0.0014382455,0.6352890665,0.0028745570,0.0508556782,0.0014199050,0.2219826146,0.0006341949,0.0977342573,0.0014413727,0.0529978118,0.0006024017,0.7663080426,0.0016631857,80,96
conformal_retrieval_filter,combined_stress,0,0.5593750000,0.0158080077,0.4809087162,0.0170469605,0.5204593625,0.0017118647,0.2016248435,0.0021493929,0.4926347855,0.0027746920,0.0851729140,0.0015549748,0.2698353000,0.0006447731,0.1573475418,0.0014028167,0.0916423825,0.0005985215,0.5584469584,0.0017800250,80,96
conformal_retrieval_filter,combined_stress,1,0.5691406250,0.0128985476,0.4906553357,0.0142664427,0.5199035625,0.0015703385,0.2015980310,0.0021367195,0.4920729239,0.0027516865,0.0850482059,0.0015239580,0.2696734937,0.0006498323,0.1571268988,0.0014350256,0.0917849410,0.0005856959,0.5583826531,0.0017763756,80,96
conformal_retrieval_filter,combined_stress,2,0.5576822917,0.0142062361,0.4791814939,0.0156102916,0.5198730250,0.0016556068,0.2011960310,0.0021897644,0.4923996314,0.0029001176,0.0852792659,0.0015466448,0.2699588979,0.0006237959,0.1572735780,0.0015170009,0.0916963840,0.0005451023,0.5586830301,0.0017147547,80,96
conformal_retrieval_filter,combined_stress,3,0.5652343750,0.0125906234,0.4866625893,0.0142610561,0.5196674000,0.0015278971,0.2016694685,0.0021834858,0.4925206111,0.0029935778,0.0850793440,0.0014619333,0.2697530438,0.0006561264,0.1574633551,0.0015205437,0.0917719090,0.0005747265,0.5586167239,0.0017001538,80,96
conformal_retrieval_filter,combined_stress,4,0.5546875000,0.0127403719,0.4757942833,0.0142719814,0.5196368625,0.0016375275,0.2017677185,0.0022062974,0.4924796349,0.0030623871,0.0853290153,0.0014659595,0.2699506500,0.0006831403,0.1576391639,0.0015056923,0.0914662435,0.0006360378,0.5582867859,0.0016996360,80,96
conformal_retrieval_filter,combined_stress,5,0.5528645833,0.0120062304,0.4741607438,0.0135681757,0.5201315875,0.0016639620,0.2013657185,0.0022452724,0.4926312549,0.0031405853,0.0853866378,0.0014542402,0.2701011583,0.0006618332,0.1576889447,0.0014974664,0.0916027990,0.0006672963,0.5580288839,0.0016574237,80,96
conformal_retrieval_filter,combined_stress,6,0.5595052083,0.0136920331,0.4808403451,0.0155110735,0.5197508750,0.0016069887,0.2015890310,0.0022962222,0.4925859014,0.0031533527,0.0853356884,0.0014876163,0.2697579896,0.0007314397,0.1574702602,0.0015027162,0.0915992845,0.0007031432,0.5583637781,0.0016605441,80,96
conformal_retrieval_filter,combined_stress,7,0.5684895833,0.0139808131,0.4898602219,0.0154373113,0.5204206875,0.0015726015,0.2016872810,0.0022596266,0.4925449252,0.0030569042,0.0853088347,0.0014985639,0.2696821583,0.0006673722,0.1576460690,0.0014961621,0.0915187315,0.0007143342,0.5585901181,0.0016591620,80,96
conformal_retrieval_filter,combined_stress,8,0.5656250000,0.0129707325,0.4872371190,0.0146603016,0.5205652375,0.0015448632,0.2015354060,0.0022537978,0.4925127033,0.0029321077,0.0851776034,0.0015637263,0.2696971750,0.0006890462,0.1573102146,0.0014628566,0.0912090640,0.0007461667,0.5581891446,0.0015947461,80,96
conformal_retrieval_filter,combined_stress,9,0.5602864583,0.0152442655,0.4815974352,0.0168665875,0.5212350500,0.0015531121,0.2018837810,0.0021775580,0.4922878852,0.0029876857,0.0855011084,0.0015889151,0.2698218646,0.0006512889,0.1571003882,0.0014153053,0.0913576255,0.0007176248,0.5585005271,0.0015650375,80,96
conformal_retrieval_filter,cross_embodiment,0,0.5865885417,0.0127304996,0.5274057740,0.0139576980,0.5314152875,0.0019243299,0.1854071025,0.0021765861,0.4994073639,0.0031107785,0.0800488909,0.0014525614,0.2632646104,0.0006747378,0.1440778871,0.0013877367,0.0834639136,0.0006124941,0.5833268968,0.0017581062,80,96
conformal_retrieval_filter,cross_embodiment,1,0.5865885417,0.0113034789,0.5273098324,0.0126707113,0.5313917500,0.0017941624,0.1853852900,0.0022145908,0.4992025024,0.0030886918,0.0800282765,0.0014381506,0.2633925979,0.0006626381,0.1441551930,0.0013939257,0.0836845896,0.0006429819,0.5831087726,0.0017578850,80,96
conformal_retrieval_filter,cross_embodiment,2,0.5878906250,0.0125228646,0.5287976720,0.0138265526,0.5315433000,0.0016685987,0.1848632275,0.0021904916,0.4990151495,0.0030269388,0.0800242447,0.0014877467,0.2634273188,0.0006819516,0.1442096725,0.0014311735,0.0838222241,0.0006789829,0.5829346703,0.0016991543,80,96
conformal_retrieval_filter,cross_embodiment,3,0.5838541667,0.0123481367,0.5253234846,0.0136954668,0.5318699375,0.0016505169,0.1842161025,0.0022392920,0.4995325239,0.0030671392,0.0799574772,0.0014887406,0.2633116667,0.0006731334,0.1441457892,0.0014209170,0.0837327451,0.0006469217,0.5832823288,0.0016771053,80,96
conformal_retrieval_filter,cross_embodiment,4,0.5925781250,0.0120238994,0.5339946230,0.0129532071,0.5313211375,0.0016605783,0.1843193525,0.0021927641,0.4993232852,0.0030231944,0.0797135484,0.0014872896,0.2633175187,0.0006377007,0.1442288017,0.0014525752,0.0834301596,0.0006772581,0.5832147798,0.0017057911,80,96
conformal_retrieval_filter,cross_embodiment,5,0.5829427083,0.0142502738,0.5245659165,0.0152560707,0.5316477750,0.0015551923,0.1841724775,0.0022079970,0.4998231508,0.0030287621,0.0799326547,0.0014502271,0.2632802521,0.0006645396,0.1438875948,0.0015014359,0.0835737971,0.0006636261,0.5826319733,0.0016863467,80,96
conformal_retrieval_filter,cross_embodiment,6,0.5936197917,0.0131228660,0.5353777871,0.0146843921,0.5314491500,0.0014410679,0.1842757275,0.0021362536,0.4999640870,0.0029142435,0.0798786822,0.0014986503,0.2629586104,0.0006573548,0.1437642042,0.0014914629,0.0836463991,0.0006096937,0.5822922883,0.0016128200,80,96
conformal_retrieval_filter,cross_embodiment,7,0.5832031250,0.0137990361,0.5251356566,0.0154192041,0.5316007000,0.0014543287,0.1842539150,0.0021170306,0.5006346630,0.0029016499,0.0798204553,0.0014924486,0.2629322813,0.0006360530,0.1440258522,0.0014602805,0.0835669251,0.0006316939,0.5822882711,0.0016362174,80,96
conformal_retrieval_filter,cross_embodiment,8,0.5828125000,0.0133244010,0.5246691551,0.0150984850,0.5314020750,0.0015208658,0.1843571650,0.0021149235,0.5009506867,0.0029262369,0.0798906641,0.0015204859,0.2630657375,0.0006486343,0.1439993601,0.0014864420,0.0837896021,0.0006395367,0.5821486861,0.0016076480,80,96
conformal_retrieval_filter,cross_embodiment,9,0.5893229167,0.0135884654,0.5311643220,0.0149579338,0.5315536250,0.0014555805,0.1848356025,0.0021399133,0.5012535789,0.0028888190,0.0797878797,0.0015440630,0.2630275417,0.0006777056,0.1438899377,0.0014046636,0.0837181321,0.0006070055,0.5822147038,0.0016439463,80,96
conformal_retrieval_filter,heldout_mechanism,0,0.6024739583,0.0134453436,0.5518796377,0.0147587331,0.5361239375,0.0015886771,0.1789011085,0.0022733197,0.5038765037,0.0028564328,0.0775681213,0.0015463651,0.2605596771,0.0006170063,0.1384005228,0.0013633238,0.0809022777,0.0006997518,0.5916806485,0.0015630424,80,96
conformal_retrieval_filter,heldout_mechanism,1,0.6095052083,0.0131705266,0.5593387001,0.0145541983,0.5359323125,0.0016394601,0.1785091085,0.0022021119,0.5038666862,0.0030018411,0.0770978813,0.0015721025,0.2605171896,0.0006413349,0.1384616595,0.0013845223,0.0808198807,0.0006652884,0.5916753885,0.0015962935,80,96
conformal_retrieval_filter,heldout_mechanism,2,0.6040364583,0.0135676692,0.5535313247,0.0146244336,0.5360908625,0.0016930350,0.1786173585,0.0021561046,0.5029639225,0.0032353742,0.0773378838,0.0015790519,0.2604245896,0.0006105227,0.1383612805,0.0013911664,0.0806704502,0.0006499156,0.5917681775,0.0015935593,80,96
conformal_retrieval_filter,heldout_mechanism,3,0.6037760417,0.0128791019,0.5531337908,0.0140847045,0.5360743250,0.0017263509,0.1788506710,0.0021422063,0.5032823940,0.0032628835,0.0774928907,0.0015711413,0.2604091479,0.0006287341,0.1384446471,0.0013353799,0.0803729457,0.0006831852,0.5920395557,0.0015718369,80,96
conformal_retrieval_filter,heldout_mechanism,4,0.6005208333,0.0136819436,0.5498524527,0.0155067675,0.5365830500,0.0017709383,0.1789589210,0.0021561233,0.5034301553,0.0031004202,0.0775429745,0.0016319103,0.2605106708,0.0006938079,0.1385254587,0.0013224079,0.0803735902,0.0006739007,0.5917601587,0.0016261925,80,96
conformal_retrieval_filter,heldout_mechanism,5,0.6006510417,0.0127219482,0.5499759296,0.0142406844,0.5362163375,0.0018680877,0.1785669210,0.0020007953,0.5034203378,0.0030328873,0.0775721407,0.0015295750,0.2606398354,0.0006583482,0.1387866954,0.0013972011,0.0805163057,0.0006462802,0.5918409417,0.0016666237,80,96
conformal_retrieval_filter,heldout_mechanism,6,0.6088541667,0.0135696439,0.5587127064,0.0146178426,0.5363748875,0.0018362652,0.1782999835,0.0019441638,0.5037563181,0.0029830983,0.0772396363,0.0014508199,0.2605059042,0.0006631072,0.1385470855,0.0014300441,0.0805109472,0.0006266249,0.5921563420,0.0016654930,80,96
conformal_retrieval_filter,heldout_mechanism,7,0.5894531250,0.0114949948,0.5387793947,0.0126291660,0.5358330875,0.0017864751,0.1785332960,0.0018764706,0.5033744396,0.0029406423,0.0777391745,0.0013937258,0.2605333188,0.0006541726,0.1383429084,0.0014237862,0.0806636677,0.0005922029,0.5921855992,0.0016846386,80,96
conformal_retrieval_filter,heldout_mechanism,8,0.5933593750,0.0129251100,0.5428509873,0.0143750547,0.5359916375,0.0016646491,0.1786415460,0.0020463184,0.5035222009,0.0028941385,0.0776603520,0.0014705715,0.2603845062,0.0006561949,0.1381235700,0.0014603293,0.0804391997,0.0005698308,0.5917781382,0.0017872185,80,96
conformal_retrieval_filter,heldout_mechanism,9,0.6000000000,0.0144120719,0.5494818317,0.0158689106,0.5359751000,0.0015679805,0.1786247335,0.0021160297,0.5033241643,0.0029164366,0.0773734813,0.0014861902,0.2604975625,0.0007093885,0.1385051280,0.0014589760,0.0806629557,0.0005927914,0.5915642740,0.0018088821,80,96
conformal_retrieval_filter,heldout_object,0,0.6234375000,0.0140247356,0.5822841633,0.0153889754,0.5404815875,0.0014543727,0.1716623385,0.0021789234,0.5077339482,0.0028967572,0.0743384137,0.0015247487,0.2575030500,0.0006426162,0.1321234942,0.0014619091,0.0777120824,0.0006642876,0.6010868867,0.0016417397,80,96
conformal_retrieval_filter,heldout_object,1,0.6138020833,0.0133534505,0.5722303171,0.0145574210,0.5407942250,0.0014931055,0.1718806510,0.0022674785,0.5071565072,0.0029318964,0.0746521206,0.0014850350,0.2578349708,0.0006605840,0.1318101122,0.0014934003,0.0774053379,0.0006431898,0.6010733489,0.0015606891,80,96
conformal_retrieval_filter,heldout_object,2,0.6167968750,0.0130128376,0.5752953498,0.0144941181,0.5409317750,0.0016379841,0.1718488385,0.0021729309,0.5074632582,0.0029952064,0.0746459374,0.0015200375,0.2577649563,0.0006485849,0.1320698591,0.0014535140,0.0776198539,0.0006792205,0.6010608117,0.0016111589,80,96
conformal_retrieval_filter,heldout_object,3,0.6122395833,0.0134724496,0.5706395483,0.0144343068,0.5403689750,0.0017519092,0.1719420885,0.0020868012,0.5074154569,0.0030405538,0.0747094087,0.0014827571,0.2576505958,0.0005733280,0.1319414158,0.0014889090,0.0774611834,0.0007215236,0.6007846427,0.0016517956,80,96
conformal_retrieval_filter,heldout_object,4,0.6217447917,0.0131484737,0.5802729867,0.0142308568,0.5406816125,0.0017556024,0.1721604010,0.0020906059,0.5073632785,0.0030948298,0.0745285093,0.0014701738,0.2575644729,0.0006336396,0.1317186290,0.0014798893,0.0775296264,0.0007164702,0.6009712049,0.0015694369,80,96
conformal_retrieval_filter,heldout_object,5,0.6141927083,0.0124043267,0.5726219711,0.0139283984,0.5408191625,0.0017258498,0.1720035260,0.0021151229,0.5073242316,0.0029940398,0.0746283781,0.0015091011,0.2577921896,0.0005940090,0.1318789225,0.0014813913,0.0775170289,0.0007006686,0.6010662214,0.0016544015,80,96
conformal_retrieval_filter,heldout_object,6,0.6200520833,0.0122358585,0.5784214270,0.0134832402,0.5404314500,0.0017574982,0.1720967760,0.0021077895,0.5074515178,0.0029284594,0.0746544243,0.0014834032,0.2577571083,0.0005730706,0.1318473776,0.0013968769,0.0775084334,0.0007123879,0.6010041594,0.0017178456,80,96
conformal_retrieval_filter,heldout_object,7,0.6236979167,0.0118658761,0.5818602119,0.0130378044,0.5407440875,0.0017894136,0.1720649635,0.0021736955,0.5070579188,0.0029211800,0.0748616349,0.0014905692,0.2579030917,0.0005622515,0.1318195808,0.0013571634,0.0774978369,0.0006813977,0.6013057792,0.0017155628,80,96
conformal_retrieval_filter,heldout_object,8,0.6144531250,0.0135482102,0.5729410128,0.0151386774,0.5408816375,0.0018076837,0.1719080885,0.0021065040,0.5073690469,0.0029546555,0.0746918224,0.0015902258,0.2580794687,0.0006282628,0.1313732711,0.0013341550,0.0775602769,0.0006779000,0.6011006457,0.0017084045,80,96
conformal_retrieval_filter,heldout_object,9,0.6126302083,0.0127227258,0.5708499582,0.0138853916,0.5411942750,0.0016914295,0.1720013385,0.0020874720,0.5071461582,0.0029414171,0.0749311874,0.0015365917,0.2580769021,0.0006371363,0.1316481794,0.0013884294,0.0776267189,0.0006560870,0.6011946617,0.0017031680,80,96
conformal_retrieval_filter,seen_corpus,0,0.6346354167,0.0116266757,0.6040662178,0.0126446041,0.5460177375,0.0015693896,0.1639944275,0.0021303870,0.5126621200,0.0030182658,0.0708846599,0.0014545158,0.2549829667,0.0006544261,0.1236719811,0.0013587732,0.0739220108,0.0006404392,0.6119958534,0.0016504333,80,96
conformal_retrieval_filter,seen_corpus,1,0.6272135417,0.0121911378,0.5965202451,0.0131825132,0.5461342875,0.0016557188,0.1640726775,0.0020479759,0.5125938438,0.0030586831,0.0708395687,0.0014844329,0.2551998604,0.0006285386,0.1238313813,0.0014499932,0.0739041753,0.0006260251,0.6117629323,0.0016792261,80,96
conformal_retrieval_filter,seen_corpus,2,0.6417968750,0.0116420884,0.6110073564,0.0129200459,0.5460757500,0.0015769888,0.1645261150,0.0020559509,0.5121622610,0.0030374735,0.0706497593,0.0014878691,0.2545834187,0.0006323175,0.1242143045,0.0014223282,0.0739673803,0.0006336946,0.6116935931,0.0017126570,80,96
conformal_retrieval_filter,seen_corpus,3,0.6302083333,0.0112824899,0.5991895169,0.0122421973,0.5463673875,0.0016232193,0.1643542400,0.0021374670,0.5121027391,0.0029671579,0.0711123843,0.0014620331,0.2547085708,0.0005958960,0.1242622415,0.0014635400,0.0737204303,0.0006189836,0.6118898866,0.0016718197,80,96
conformal_retrieval_filter,seen_corpus,4,0.6404947917,0.0121113476,0.6093842132,0.0133957755,0.5463088500,0.0016689649,0.1646826150,0.0021842981,0.5122007960,0.0029131460,0.0709911643,0.0014670513,0.2546775479,0.0006165722,0.1244299033,0.0014060865,0.0738566718,0.0006387762,0.6120281511,0.0017542636,80,96
conformal_retrieval_filter,seen_corpus,5,0.6390625000,0.0133451748,0.6079294723,0.0146206065,0.5462503125,0.0016229146,0.1645107400,0.0021981620,0.5116160116,0.0029420464,0.0709708268,0.0014590996,0.2545854750,0.0006012863,0.1243872451,0.0014747573,0.0738348343,0.0006672856,0.6122964806,0.0017269997,80,96
conformal_retrieval_filter,seen_corpus,6,0.6415364583,0.0124534133,0.6108178034,0.0135331754,0.5465419500,0.0016623239,0.1642138025,0.0022209468,0.5117359544,0.0030298353,0.0709464599,0.0014447267,0.2543636771,0.0005639337,0.1239260739,0.0014748173,0.0739610708,0.0006518307,0.6122001278,0.0016779798,80,96
conformal_retrieval_filter,seen_corpus,7,0.6373697917,0.0122741711,0.6063746576,0.0136217652,0.5463083250,0.0015968407,0.1642920525,0.0022165183,0.5118427657,0.0030588767,0.0712179624,0.0014313716,0.2546100354,0.0005927942,0.1238822226,0.0014741444,0.0739432353,0.0006948937,0.6124394429,0.0016349009,80,96
conformal_retrieval_filter,seen_corpus,8,0.6361979167,0.0113220263,0.6053374543,0.0128221336,0.5464248750,0.0015435237,0.1642452400,0.0022768314,0.5114286916,0.0028159795,0.0711266543,0.0015621570,0.2543642417,0.0005294871,0.1236420194,0.0014958918,0.0736982863,0.0006856445,0.6124141256,0.0016374347,80,96
conformal_retrieval_filter,seen_corpus,9,0.6317708333,0.0106578129,0.6010949403,0.0117892111,0.5465414250,0.0015187596,0.1639483025,0.0021897311,0.5118988094,0.0028267977,0.0714516187,0.0014974762,0.2542390583,0.0005886845,0.1233746450,0.0014625978,0.0735994103,0.0006698239,0.6123037658,0.0016105215,80,96
conformal_retrieval_filter,sparse_corpus,0,0.5748697917,0.0155924733,0.5114753310,0.0170481899,0.5292244000,0.0017783320,0.1888603630,0.0021603911,0.4976790273,0.0029411103,0.0813091317,0.0015573329,0.2644639729,0.0006920573,0.1469816938,0.0013623066,0.0851817208,0.0006057769,0.5770114302,0.0016412780,80,96
conformal_retrieval_filter,sparse_corpus,1,0.5792968750,0.0136790208,0.5162118698,0.0150215642,0.5293549500,0.0016966315,0.1884483630,0.0021607906,0.4978169973,0.0028404739,0.0813976292,0.0015507905,0.2642958687,0.0006412605,0.1467231204,0.0014448850,0.0854621913,0.0006168615,0.5773172942,0.0016593839,80,96
conformal_retrieval_filter,sparse_corpus,2,0.5755208333,0.0151479378,0.5122540777,0.0168901882,0.5291353250,0.0017016136,0.1886616755,0.0021006983,0.4979330814,0.0028330618,0.0814524423,0.0015853515,0.2643926833,0.0006354509,0.1467932299,0.0014688149,0.0855275543,0.0006247624,0.5769573255,0.0016972223,80,96
conformal_retrieval_filter,sparse_corpus,3,0.5752604167,0.0126127692,0.5121611904,0.0144401539,0.5289157000,0.0016557113,0.1886248630,0.0022024426,0.4987582698,0.0028335389,0.0812763904,0.0015891943,0.2647404292,0.0006133657,0.1468393200,0.0014721972,0.0857389903,0.0006216755,0.5768124642,0.0016948410,80,96
conformal_retrieval_filter,sparse_corpus,4,0.5798177083,0.0116389720,0.5167670408,0.0133576013,0.5290462500,0.0017484714,0.1884629880,0.0019994345,0.4985373104,0.0029753325,0.0811549404,0.0015397297,0.2647956146,0.0005937514,0.1469986629,0.0014480616,0.0859484253,0.0005977762,0.5768031707,0.0017647389,80,96
conformal_retrieval_filter,sparse_corpus,5,0.5718750000,0.0123144402,0.5085705458,0.0137495479,0.5293518875,0.0017465356,0.1885512380,0.0020434598,0.4979574217,0.0030061305,0.0813510367,0.0015814386,0.2650258000,0.0006280913,0.1466754721,0.0014329857,0.0860117873,0.0005716578,0.5766928267,0.0017268787,80,96
conformal_retrieval_filter,sparse_corpus,6,0.5822916667,0.0134412039,0.5193157290,0.0145874082,0.5289571750,0.0017223031,0.1886394880,0.0020120274,0.4986031454,0.0030507605,0.0809915517,0.0015105686,0.2649239167,0.0006133426,0.1466303703,0.0013839793,0.0858500368,0.0006163393,0.5767265547,0.0016570411,80,96
conformal_retrieval_filter,sparse_corpus,7,0.5850260417,0.0122545420,0.5219745891,0.0141036586,0.5289126375,0.0017426112,0.1888528005,0.0020301547,0.4985441420,0.0029406455,0.0809291773,0.0014942730,0.2647795104,0.0006531222,0.1468036815,0.0013808549,0.0856902873,0.0006299095,0.5764806430,0.0017867147,80,96
conformal_retrieval_filter,sparse_corpus,8,0.5902343750,0.0129938168,0.5271805577,0.0145666174,0.5293933625,0.0016534394,0.1890661130,0.0020852281,0.4988353135,0.0028549793,0.0808222717,0.0014974555,0.2649006188,0.0006169592,0.1470707394,0.0013328225,0.0857556503,0.0006678311,0.5765769022,0.0017463671,80,96
conformal_retrieval_filter,sparse_corpus,9,0.5878906250,0.0127680061,0.5249713743,0.0139982154,0.5291737375,0.0016695672,0.1886541130,0.0021817093,0.4989732835,0.0028994142,0.0808075317,0.0015114255,0.2649023437,0.0006102230,0.1473124160,0.0013630624,0.0858860458,0.0006943949,0.5766546522,0.0017730759,80,96
conformal_retrieval_filter,stale_memory,0,0.5695312500,0.0127314386,0.4979664125,0.0140393219,0.5239173875,0.0015285837,0.1979909020,0.0021551926,0.4965221409,0.0030420433,0.0823333506,0.0015280834,0.2685112375,0.0006719389,0.1509771921,0.0014454864,0.0899759869,0.0006272101,0.5625042869,0.0017718731,80,96
conformal_retrieval_filter,stale_memory,1,0.5626302083,0.0134945535,0.4909837360,0.0149365140,0.5242160250,0.0015116853,0.1980741520,0.0021268312,0.4964606897,0.0031211695,0.0824323094,0.0015951599,0.2686488021,0.0006497441,0.1508405444,0.0014675592,0.0899612314,0.0006353935,0.5625897829,0.0017155899,80,96
conformal_retrieval_filter,stale_memory,2,0.5770833333,0.0135146082,0.5058354313,0.0150466613,0.5241644875,0.0014866442,0.1979072770,0.0021572460,0.4969332553,0.0030946625,0.0822794594,0.0015842949,0.2683373333,0.0006731512,0.1507830789,0.0014161149,0.0897923989,0.0006532590,0.5625622224,0.0016589349,80,96
conformal_retrieval_filter,stale_memory,3,0.5812500000,0.0116528828,0.5100444532,0.0134313143,0.5248133000,0.0015059077,0.1978654645,0.0021075039,0.4961758312,0.0028651840,0.0820954075,0.0015474580,0.2680198000,0.0007026517,0.1511535809,0.0013838086,0.0897756424,0.0006611552,0.5627832861,0.0016782356,80,96
conformal_retrieval_filter,stale_memory,4,0.5736979167,0.0141915168,0.5024058912,0.0158250132,0.5240614125,0.0015725475,0.1978236520,0.0021355044,0.4966440197,0.0028729941,0.0822723681,0.0015261918,0.2680914417,0.0006808895,0.1511018220,0.0014004395,0.0898339234,0.0006656183,0.5628922939,0.0016771688,80,96
conformal_retrieval_filter,stale_memory,5,0.5707031250,0.0138047706,0.4991951406,0.0153882436,0.5245351375,0.0015804339,0.1980319645,0.0021253619,0.4967532787,0.0028919917,0.0826849563,0.0015361495,0.2680242438,0.0006441790,0.1510677794,0.0014308639,0.0899712439,0.0006661621,0.5627841931,0.0016470994,80,96
conformal_retrieval_filter,stale_memory,6,0.5792968750,0.0139936331,0.5075813031,0.0154403214,0.5241334250,0.0016277276,0.1984904020,0.0021316870,0.4963285209,0.0028295576,0.0826813469,0.0015088312,0.2677197688,0.0006659423,0.1508545047,0.0014206463,0.0897373789,0.0007234867,0.5628911999,0.0016659443,80,96
conformal_retrieval_filter,stale_memory,7,0.5748697917,0.0157607641,0.5033361448,0.0173444898,0.5242569750,0.0016742219,0.1979483395,0.0022312822,0.4964640431,0.0029043400,0.0828420775,0.0015984324,0.2678977354,0.0006687225,0.1506861725,0.0013806369,0.0899377309,0.0006956444,0.5630002076,0.0016958237,80,96
conformal_retrieval_filter,stale_memory,8,0.5744791667,0.0135851887,0.5026177909,0.0151055349,0.5236801750,0.0017598155,0.1982817145,0.0022161763,0.4962187500,0.0029421207,0.0828413575,0.0015152869,0.2679441542,0.0006445619,0.1507641897,0.0013886983,0.0898519399,0.0007107498,0.5629006111,0.0016986509,80,96
conformal_retrieval_filter,stale_memory,9,0.5742187500,0.0127138126,0.5022675885,0.0142129229,0.5232784625,0.0017204572,0.1982399020,0.0022564042,0.4961616759,0.0028798444,0.0828120306,0.0015481192,0.2680637875,0.0006091892,0.1508219354,0.0013460491,0.0899852584,0.0006978596,0.5631376829,0.0016929238,80,96
conformal_retrieval_filter,visually_aliased,0,0.5750000000,0.0133021073,0.5064469558,0.0144055570,0.5266780625,0.0016928629,0.1927649330,0.0020659086,0.4963853798,0.0027319987,0.0828579453,0.0015418376,0.2659367375,0.0006208934,0.1519493851,0.0014076692,0.0870494314,0.0006836610,0.5730429990,0.0016418897,80,96
conformal_retrieval_filter,visually_aliased,1,0.5705729167,0.0148020833,0.5017983255,0.0165292033,0.5266545250,0.0018099707,0.1924929955,0.0020785855,0.4953138352,0.0029531786,0.0830495847,0.0016105430,0.2658265542,0.0006808932,0.1519309858,0.0013750992,0.0868909179,0.0006647451,0.5733401323,0.0016660457,80,96
conformal_retrieval_filter,visually_aliased,2,0.5661458333,0.0134092706,0.4970954363,0.0149723339,0.5259306375,0.0018712669,0.1923461205,0.0021446989,0.4951133508,0.0028937558,0.0830999034,0.0015496056,0.2661665958,0.0006838037,0.1521026351,0.0013947595,0.0871846304,0.0006472678,0.5734736838,0.0017523413,80,96
conformal_retrieval_filter,visually_aliased,3,0.5587239583,0.0143967041,0.4893714364,0.0159444136,0.5260821875,0.0019124137,0.1925744330,0.0021892541,0.4948997348,0.0030194626,0.0833804666,0.0015179670,0.2662484146,0.0007174242,0.1519912543,0.0013578009,0.0868090084,0.0006327123,0.5735547090,0.0017867606,80,96
conformal_retrieval_filter,visually_aliased,4,0.5684895833,0.0142980109,0.4992491009,0.0154412687,0.5264088250,0.0018451028,0.1925526205,0.0021715423,0.4946948733,0.0030981956,0.0832591084,0.0014830359,0.2662396833,0.0006794909,0.1518684602,0.0013994356,0.0870296844,0.0006455848,0.5731644988,0.0017592346,80,96
conformal_retrieval_filter,visually_aliased,5,0.5695312500,0.0122617049,0.5005065655,0.0136848049,0.5262102000,0.0016598876,0.1919054955,0.0021985616,0.4945118977,0.0030479411,0.0831759722,0.0014958093,0.2662780500,0.0006625362,0.1520172831,0.0014358479,0.0871653179,0.0006574423,0.5730699363,0.0016991030,80,96
conformal_retrieval_filter,visually_aliased,6,0.5740885417,0.0123753143,0.5054974933,0.0137320792,0.5265368375,0.0016417479,0.1915084955,0.0022268403,0.4948454302,0.0030482773,0.0831221009,0.0014900336,0.2661171229,0.0006706158,0.1518679146,0.0014264004,0.0870048034,0.0006493706,0.5734025873,0.0016889307,80,96
conformal_retrieval_filter,visually_aliased,7,0.5647135417,0.0115579380,0.4959137699,0.0128920164,0.5263382125,0.0017206787,0.1913616205,0.0022030206,0.4946449458,0.0030052104,0.0831864447,0.0014865918,0.2664513979,0.0006534844,0.1520395639,0.0014700183,0.0869233284,0.0006589670,0.5733780598,0.0016899441,80,96
conformal_retrieval_filter,visually_aliased,8,0.5664062500,0.0124781815,0.4980035300,0.0138274348,0.5263146750,0.0015499219,0.1912147455,0.0022172990,0.4953198989,0.0029983576,0.0831266072,0.0014823730,0.2661805000,0.0006646342,0.1518953054,0.0015479187,0.0868418534,0.0006660920,0.5728672893,0.0016691109,80,96
conformal_retrieval_filter,visually_aliased,9,0.5756510417,0.0128293307,0.5074568705,0.0145354102,0.5262911375,0.0015055382,0.1913179955,0.0021451185,0.4954608352,0.0029199659,0.0830233784,0.0014991453,0.2659539479,0.0006296931,0.1515718148,0.0015101943,0.0869894929,0.0006218577,0.5724415613,0.0016321809,80,96
contrastive_mechanism_memory,combined_stress,0,0.6175781250,0.0127646479,0.5960415232,0.0139101364,0.5767550250,0.0015973377,0.1526581217,0.0019561790,0.5473999832,0.0028665319,0.0738103498,0.0015025575,0.2660285187,0.0006289148,0.1373086158,0.0014218573,0.0780449524,0.0006789252,0.6258179147,0.0015426050,80,96
contrastive_mechanism_memory,combined_stress,1,0.6302083333,0.0129839467,0.6089533782,0.0139900482,0.5769135750,0.0015623899,0.1527663717,0.0019199072,0.5477228320,0.0028719715,0.0737245710,0.0014957993,0.2657575708,0.0006075837,0.1369860758,0.0013096428,0.0777454469,0.0006439768,0.6259107037,0.0015456395,80,96
contrastive_mechanism_memory,combined_stress,2,0.6231770833,0.0138385617,0.6016268621,0.0153255809,0.5765468625,0.0016890373,0.1528746217,0.0018892326,0.5471702432,0.0030342710,0.0736925485,0.0016097139,0.2659869958,0.0006456528,0.1369794436,0.0013739041,0.0778211289,0.0006474583,0.6258614217,0.0015870908,80,96
contrastive_mechanism_memory,combined_stress,3,0.6282552083,0.0126733813,0.6067149237,0.0141582607,0.5767054125,0.0017131090,0.1527327467,0.0018427013,0.5468014964,0.0032728323,0.0737251985,0.0015497933,0.2658217771,0.0006053285,0.1370582967,0.0013803332,0.0774425839,0.0006882661,0.6257691182,0.0015594996,80,96
contrastive_mechanism_memory,combined_stress,4,0.6171875000,0.0129712410,0.5954869401,0.0137527267,0.5772141375,0.0017675480,0.1529660592,0.0018418859,0.5469448804,0.0031554727,0.0739246616,0.0015381835,0.2659576375,0.0005881566,0.1370447648,0.0013200784,0.0775953044,0.0006704376,0.6257823674,0.0016233233,80,96
contrastive_mechanism_memory,combined_stress,5,0.6261718750,0.0153748024,0.6046012619,0.0166016770,0.5770225125,0.0018427376,0.1529492467,0.0017465744,0.5472721064,0.0030995989,0.0738207160,0.0015883813,0.2658878062,0.0006486032,0.1371167182,0.0013033525,0.0776689854,0.0006289554,0.6259546962,0.0016122259,80,96
contrastive_mechanism_memory,combined_stress,6,0.6325520833,0.0106941085,0.6113116163,0.0117425368,0.5773561500,0.0018730791,0.1524321842,0.0016459572,0.5470915786,0.0029434419,0.0736535904,0.0014455902,0.2657793958,0.0006138391,0.1372753499,0.0013823941,0.0776596249,0.0006014532,0.6259989609,0.0016576735,80,96
contrastive_mechanism_memory,combined_stress,7,0.6235677083,0.0131241225,0.6020208012,0.0145943142,0.5768143500,0.0018633872,0.1525404342,0.0016143673,0.5470642523,0.0029660153,0.0738067991,0.0014576247,0.2660361646,0.0006797389,0.1372592630,0.0013969436,0.0775852319,0.0006195397,0.6260357219,0.0016599471,80,96
contrastive_mechanism_memory,combined_stress,8,0.6217447917,0.0131534890,0.6002169070,0.0146522052,0.5769729000,0.0017252489,0.1527737467,0.0016276555,0.5470325489,0.0029004999,0.0738398560,0.0014294587,0.2658925229,0.0007384849,0.1369487327,0.0014063097,0.0775878774,0.0005886502,0.6260209572,0.0017217919,80,96
contrastive_mechanism_memory,combined_stress,9,0.6270833333,0.0109767001,0.6056058711,0.0119643069,0.5766061875,0.0015950753,0.1528819967,0.0017650662,0.5468301351,0.0028579257,0.0737352523,0.0014124290,0.2656486208,0.0006449093,0.1367356974,0.0014126020,0.0778136344,0.0005777784,0.6256715252,0.0017683714,80,96
contrastive_mechanism_memory,cross_embodiment,0,0.6552083333,0.0129513952,0.6523216207,0.0138939901,0.5876051625,0.0015329305,0.1389116280,0.0018162194,0.5546806305,0.0030929857,0.0682512890,0.0015234401,0.2591165833,0.0006097096,0.1240805719,0.0014240846,0.0698606860,0.0006756201,0.6496802653,0.0014826326,80,96
contrastive_mechanism_memory,cross_embodiment,1,0.6446614583,0.0128306158,0.6415203573,0.0138385047,0.5874205375,0.0015665913,0.1392750030,0.0018599484,0.5550015499,0.0031049985,0.0683784440,0.0015163354,0.2592481521,0.0005703009,0.1241737472,0.0014021155,0.0698684125,0.0006288729,0.6496342428,0.0015550541,80,96
contrastive_mechanism_memory,cross_embodiment,2,0.6565104167,0.0126753653,0.6535160172,0.0136551781,0.5879362625,0.0016317101,0.1393882530,0.0018556685,0.5551561361,0.0032033676,0.0680849652,0.0015184473,0.2592162542,0.0005563306,0.1245588109,0.0013985884,0.0699471745,0.0005976970,0.6496592558,0.0015891394,80,96
contrastive_mechanism_memory,cross_embodiment,3,0.6332031250,0.0120057840,0.6297447260,0.0130945148,0.5875765500,0.0016768490,0.1395015030,0.0018834874,0.5549605474,0.0031861773,0.0683492615,0.0014551882,0.2595264688,0.0006050007,0.1247500778,0.0013352014,0.0701009740,0.0005970657,0.6496142338,0.0016539748,80,96
contrastive_mechanism_memory,cross_embodiment,4,0.6403645833,0.0135066754,0.6371168160,0.0145486440,0.5877421000,0.0017136095,0.1392395655,0.0017819699,0.5553033527,0.0031679132,0.0684140446,0.0014234876,0.2594101208,0.0006309018,0.1248147201,0.0013190662,0.0697235080,0.0006564803,0.6499338941,0.0016165341,80,96
contrastive_mechanism_memory,cross_embodiment,5,0.6415364583,0.0110264222,0.6384858040,0.0118900886,0.5879076500,0.0016318474,0.1392277530,0.0017591238,0.5551121411,0.0031045224,0.0683790365,0.0014335036,0.2591525146,0.0006090299,0.1243999803,0.0013674521,0.0698002690,0.0006736563,0.6500384468,0.0016148939,80,96
contrastive_mechanism_memory,cross_embodiment,6,0.6457031250,0.0123245789,0.6422554867,0.0134091805,0.5878981125,0.0016389384,0.1397161905,0.0017205795,0.5547283333,0.0029422270,0.0685502521,0.0014440122,0.2591531313,0.0006382636,0.1243113686,0.0014168780,0.0700351090,0.0006676662,0.6499989276,0.0016214531,80,96
contrastive_mechanism_memory,cross_embodiment,7,0.6481770833,0.0129482120,0.6446092265,0.0139433079,0.5873633125,0.0016543555,0.1395793155,0.0016741585,0.5545414990,0.0030064310,0.0685580896,0.0014692920,0.2591024083,0.0006531192,0.1245912722,0.0014279491,0.0696596440,0.0006601627,0.6498548561,0.0016698914,80,96
contrastive_mechanism_memory,cross_embodiment,8,0.6574218750,0.0128151851,0.6536969906,0.0137947051,0.5871786875,0.0016063779,0.1398176280,0.0016514010,0.5546917080,0.0028856460,0.0686203902,0.0014443630,0.2592570438,0.0006224809,0.1244817925,0.0014344731,0.0696653695,0.0006616583,0.6498163373,0.0016829533,80,96
contrastive_mechanism_memory,cross_embodiment,9,0.6436197917,0.0126269783,0.6400173961,0.0139129681,0.5875193250,0.0017084816,0.1395556905,0.0016840510,0.5548594258,0.0027608683,0.0690625171,0.0014580360,0.2591340354,0.0007097893,0.1239492864,0.0014535221,0.0697381285,0.0006172758,0.6502500546,0.0017252777,80,96
contrastive_mechanism_memory,heldout_mechanism,0,0.6532552083,0.0130052326,0.6572172663,0.0142190634,0.5920260250,0.0015504036,0.1343828697,0.0017579111,0.5577422546,0.0028691823,0.0664818696,0.0014791606,0.2563879771,0.0006286800,0.1185531686,0.0014388786,0.0672073484,0.0006558727,0.6590285598,0.0016676314,80,96
contrastive_mechanism_memory,heldout_mechanism,1,0.6583333333,0.0134205788,0.6623260749,0.0143726562,0.5920234875,0.0015706992,0.1345011197,0.0018281418,0.5579036658,0.0028402892,0.0664636909,0.0014500978,0.2565289083,0.0005716686,0.1182419844,0.0014021846,0.0669890404,0.0006578468,0.6588157118,0.0016143807,80,96
contrastive_mechanism_memory,heldout_mechanism,2,0.6654947917,0.0133050510,0.6693117380,0.0143001443,0.5921960375,0.0014931757,0.1346193697,0.0018084134,0.5573647271,0.0030758113,0.0663329746,0.0014044524,0.2566406729,0.0006218532,0.1184436565,0.0014581336,0.0667707324,0.0006227336,0.6588169708,0.0016208809,80,96
contrastive_mechanism_memory,heldout_mechanism,3,0.6628906250,0.0121181530,0.6670191333,0.0126675720,0.5925436750,0.0015143542,0.1346125572,0.0017812567,0.5578806905,0.0030306192,0.0660691353,0.0013121604,0.2567390813,0.0005564927,0.1184206126,0.0014511297,0.0669256109,0.0006401425,0.6589397906,0.0016999750,80,96
contrastive_mechanism_memory,heldout_mechanism,4,0.6636718750,0.0133653920,0.6678344038,0.0145862559,0.5925411375,0.0016712328,0.1343556197,0.0018103045,0.5578801458,0.0031037595,0.0661020371,0.0013540579,0.2570152063,0.0006119606,0.1182955603,0.0015228647,0.0668513749,0.0006375375,0.6588495038,0.0016796897,80,96
contrastive_mechanism_memory,heldout_mechanism,5,0.6589843750,0.0114435265,0.6629582540,0.0124754834,0.5918382500,0.0017733961,0.1342237447,0.0018327968,0.5580503114,0.0031444195,0.0663171684,0.0013520147,0.2572178187,0.0005522145,0.1182731129,0.0014967859,0.0666290649,0.0005868795,0.6590958853,0.0016863130,80,96
contrastive_mechanism_memory,heldout_mechanism,6,0.6562500000,0.0117183553,0.6603924134,0.0130347012,0.5920108000,0.0016920846,0.1342169322,0.0018720710,0.5587413624,0.0031991791,0.0662807853,0.0014887165,0.2573180500,0.0005330728,0.1183469674,0.0015022174,0.0667839434,0.0005655964,0.6590045981,0.0017427971,80,96
contrastive_mechanism_memory,heldout_mechanism,7,0.6606770833,0.0124644311,0.6644138464,0.0137626711,0.5913079125,0.0016010902,0.1344602447,0.0019279340,0.5578478714,0.0030551956,0.0663581171,0.0015168117,0.2569428333,0.0006030562,0.1185606493,0.0015227431,0.0669428239,0.0005782943,0.6588282683,0.0016792388,80,96
contrastive_mechanism_memory,heldout_mechanism,8,0.6574218750,0.0132852074,0.6614371428,0.0143051665,0.5913053750,0.0016442300,0.1342033072,0.0018649246,0.5581975017,0.0030055173,0.0663136003,0.0014397494,0.2569753188,0.0006096124,0.1183292438,0.0014703742,0.0669436254,0.0006499668,0.6587379816,0.0016588392,80,96
contrastive_mechanism_memory,heldout_mechanism,9,0.6593750000,0.0121841364,0.6631003913,0.0131882372,0.5914779250,0.0016965466,0.1346967447,0.0018527667,0.5581706939,0.0030040977,0.0663028971,0.0015124155,0.2570849625,0.0006348147,0.1185385810,0.0014308323,0.0668813954,0.0006775889,0.6587167293,0.0016254915,80,96
contrastive_mechanism_memory,heldout_object,0,0.6770833333,0.0121222683,0.6886908488,0.0133432291,0.5961337750,0.0019334827,0.1300145432,0.0018383276,0.5608991585,0.0029911277,0.0634445055,0.0014279617,0.2540095583,0.0006636212,0.1120750196,0.0013875833,0.0637308677,0.0006257150,0.6687000794,0.0017661657,80,96
contrastive_mechanism_memory,heldout_object,1,0.6755208333,0.0119529630,0.6869305558,0.0127475256,0.5962853250,0.0018571532,0.1299927307,0.0019003925,0.5606942969,0.0031595595,0.0637521661,0.0013948010,0.2541594208,0.0006529114,0.1118521755,0.0013549010,0.0639515437,0.0006084332,0.6684959622,0.0017195950,80,96
contrastive_mechanism_memory,heldout_object,2,0.6708333333,0.0118002440,0.6826405581,0.0127697853,0.5967870500,0.0017935173,0.1292205432,0.0018970873,0.5608658735,0.0030657139,0.0636883630,0.0014592170,0.2543530333,0.0006375583,0.1119889887,0.0014250817,0.0640101387,0.0006476220,0.6684649314,0.0017106210,80,96
contrastive_mechanism_memory,heldout_object,3,0.6736979167,0.0123528095,0.6855249462,0.0137288329,0.5965884250,0.0016007687,0.1291987307,0.0019464874,0.5610111869,0.0030352882,0.0636912236,0.0014700108,0.2543658792,0.0006704885,0.1119599415,0.0014353625,0.0640057022,0.0006565753,0.6685329502,0.0016742410,80,96
contrastive_mechanism_memory,heldout_object,4,0.6705729167,0.0121894132,0.6824360542,0.0133069924,0.5963898000,0.0017850253,0.1289267932,0.0019057977,0.5606399922,0.0030416458,0.0636343130,0.0014980071,0.2543125042,0.0006827740,0.1120289858,0.0014143984,0.0637721512,0.0006528739,0.6686159764,0.0016572065,80,96
contrastive_mechanism_memory,heldout_object,5,0.6731770833,0.0114701880,0.6851941807,0.0124678841,0.5965413500,0.0016290683,0.1289049807,0.0018855578,0.5611354807,0.0030253431,0.0636418611,0.0014629338,0.2543289958,0.0006654530,0.1119936355,0.0014800066,0.0636926772,0.0006608199,0.6680116592,0.0016565533,80,96
contrastive_mechanism_memory,heldout_object,6,0.6662760417,0.0115508027,0.6784878688,0.0128194577,0.5963427250,0.0015756874,0.1287581057,0.0018435030,0.5616353463,0.0030220159,0.0637367111,0.0014671167,0.2542534479,0.0006503336,0.1117524785,0.0014922242,0.0638363147,0.0006167249,0.6677870317,0.0016070947,80,96
contrastive_mechanism_memory,heldout_object,7,0.6661458333,0.0117683416,0.6784434148,0.0123597285,0.5964942750,0.0014583508,0.1288613557,0.0017873586,0.5619513701,0.0029206456,0.0638772699,0.0014069140,0.2540080708,0.0005938649,0.1116259363,0.0014584065,0.0637588417,0.0006240527,0.6675754107,0.0016114308,80,96
contrastive_mechanism_memory,heldout_object,8,0.6718750000,0.0121602948,0.6844537055,0.0131003350,0.5962956500,0.0015298373,0.1288395432,0.0018321877,0.5624468585,0.0029358057,0.0635284180,0.0014289320,0.2539057750,0.0006129910,0.1118907360,0.0014880979,0.0639795177,0.0006103691,0.6676434294,0.0016193382,80,96
contrastive_mechanism_memory,heldout_object,9,0.6710937500,0.0139619299,0.6835168106,0.0149665689,0.5966222875,0.0015473449,0.1291929182,0.0017992018,0.5627541279,0.0029393322,0.0636982043,0.0014183451,0.2540447000,0.0006072338,0.1117756070,0.0014439427,0.0641311592,0.0006246211,0.6675308579,0.0016223099,80,96
contrastive_mechanism_memory,seen_corpus,0,0.6894531250,0.0115144867,0.7110802603,0.0119059323,0.6024703750,0.0017179788,0.1238374805,0.0018869271,0.5660503382,0.0029786116,0.0604921049,0.0014001626,0.2505404813,0.0006315689,0.1039438805,0.0013650746,0.0598574747,0.0005999418,0.6792406312,0.0015720800,80,96
contrastive_mechanism_memory,seen_corpus,1,0.6765625000,0.0121434692,0.6979767249,0.0130513751,0.6022507500,0.0016939583,0.1234254805,0.0017496483,0.5654879582,0.0028601404,0.0608923211,0.0014637777,0.2506898625,0.0006230545,0.1036979134,0.0013913350,0.0601379452,0.0006099372,0.6793183812,0.0016133599,80,96
contrastive_mechanism_memory,seen_corpus,2,0.6856770833,0.0118847598,0.7075181390,0.0128846309,0.6023813000,0.0017113986,0.1232636055,0.0017892637,0.5657922613,0.0028788133,0.0606138024,0.0014815057,0.2504561333,0.0005847290,0.1036477015,0.0014223244,0.0601973052,0.0006203036,0.6792090377,0.0016098954,80,96
contrastive_mechanism_memory,seen_corpus,3,0.6828125000,0.0118854535,0.7044721109,0.0128814245,0.6021616750,0.0016669399,0.1236019805,0.0018871197,0.5664292307,0.0028538464,0.0605859261,0.0014866617,0.2507653000,0.0005707149,0.1039141630,0.0014583362,0.0604147442,0.0006178877,0.6792417652,0.0016650491,80,96
contrastive_mechanism_memory,seen_corpus,4,0.6868489583,0.0121132535,0.7086792423,0.0132541500,0.6021171375,0.0017206182,0.1231899805,0.0017164287,0.5662170257,0.0029986596,0.0604563424,0.0014875612,0.2509028146,0.0005767228,0.1038619927,0.0014365457,0.0606201772,0.0005946235,0.6788332722,0.0017263200,80,96
contrastive_mechanism_memory,seen_corpus,5,0.6865885417,0.0105776412,0.7083858408,0.0108490542,0.6024227750,0.0016972599,0.1231531680,0.0017340011,0.5659916891,0.0030305501,0.0605054030,0.0014252138,0.2510254479,0.0005580417,0.1037268922,0.0013691907,0.0607565757,0.0005767102,0.6787304319,0.0016747868,80,96
contrastive_mechanism_memory,seen_corpus,6,0.6837239583,0.0120909087,0.7056239701,0.0127977658,0.6022031500,0.0017566945,0.1232414180,0.0017013871,0.5662872379,0.0030754780,0.0603099430,0.0014636693,0.2511845396,0.0005769797,0.1035880435,0.0013788829,0.0605948252,0.0006238828,0.6788782169,0.0016252568,80,96
contrastive_mechanism_memory,seen_corpus,7,0.6803385417,0.0106608680,0.7019191481,0.0111159234,0.6021586125,0.0017223649,0.1238299180,0.0017039697,0.5665652779,0.0030018105,0.0604590255,0.0013859299,0.2510507729,0.0005876138,0.1038722213,0.0013751428,0.0604410787,0.0006197846,0.6785097439,0.0017430686,80,96
contrastive_mechanism_memory,seen_corpus,8,0.6962239583,0.0126256724,0.7180545397,0.0132381927,0.6022891625,0.0016536688,0.1236680430,0.0017700887,0.5666944935,0.0029068028,0.0602837443,0.0013883440,0.2509473646,0.0005735786,0.1039252111,0.0013374285,0.0604254012,0.0006654002,0.6786005004,0.0017397192,80,96
contrastive_mechanism_memory,seen_corpus,9,0.6774739583,0.0121897852,0.6992674281,0.0128257296,0.6020695375,0.0016715196,0.1233811055,0.0018160141,0.5671782613,0.0029324985,0.0603479586,0.0014438063,0.2514038896,0.0005996257,0.1041662910,0.0013420379,0.0605577977,0.0006899804,0.6785706967,0.0017462079,80,96
contrastive_mechanism_memory,sparse_corpus,0,0.6369791667,0.0115659601,0.6293783969,0.0126480900,0.5841276750,0.0015606722,0.1423443666,0.0018729401,0.5530671122,0.0029274442,0.0697512182,0.0014856629,0.2609812542,0.0006175937,0.1269465385,0.0014563121,0.0718521774,0.0005813810,0.6442287520,0.0017095897,80,96
contrastive_mechanism_memory,sparse_corpus,1,0.6575520833,0.0118324785,0.6501405431,0.0130598923,0.5840971375,0.0015546268,0.1425676791,0.0018757185,0.5530217587,0.0030317921,0.0692994125,0.0014614074,0.2608182208,0.0006196728,0.1270280039,0.0014833118,0.0718486629,0.0006278247,0.6441914603,0.0016653001,80,96
contrastive_mechanism_memory,sparse_corpus,2,0.6423177083,0.0136086847,0.6350544389,0.0145325361,0.5844167750,0.0016301945,0.1422907416,0.0019764645,0.5533440890,0.0030774917,0.0693820832,0.0014228339,0.2609313771,0.0006237621,0.1270803398,0.0014933003,0.0717621069,0.0006741076,0.6440120975,0.0016655690,80,96
contrastive_mechanism_memory,sparse_corpus,3,0.6380208333,0.0125631241,0.6303927359,0.0137682032,0.5842111500,0.0015845224,0.1425140541,0.0019262265,0.5532987356,0.0031340709,0.0695280088,0.0013994334,0.2610414833,0.0006734102,0.1274619552,0.0014873076,0.0717585924,0.0006844016,0.6438607488,0.0016295859,80,96
contrastive_mechanism_memory,sparse_corpus,4,0.6425781250,0.0120491058,0.6348880684,0.0134531074,0.5847058750,0.0016135308,0.1424872416,0.0019479015,0.5529119615,0.0031160378,0.0697972007,0.0014105667,0.2610276313,0.0006587165,0.1270380606,0.0014810818,0.0718261134,0.0007304509,0.6441806355,0.0016525963,80,96
contrastive_mechanism_memory,sparse_corpus,5,0.6494791667,0.0131660501,0.6419293250,0.0139344669,0.5848504250,0.0015329163,0.1427105541,0.0019325859,0.5532167831,0.0030068259,0.0695914888,0.0014134492,0.2607558542,0.0006674711,0.1273133228,0.0014806109,0.0715224489,0.0007192984,0.6439572508,0.0015536831,80,96
contrastive_mechanism_memory,sparse_corpus,6,0.6467447917,0.0109212424,0.6394359553,0.0120797298,0.5853451500,0.0015606452,0.1425586791,0.0018929187,0.5531845612,0.0029750590,0.0694579138,0.0014538129,0.2608440854,0.0006468500,0.1270775185,0.0014667796,0.0715129314,0.0007233997,0.6440845413,0.0015757886,80,96
contrastive_mechanism_memory,sparse_corpus,7,0.6472656250,0.0109245635,0.6396507013,0.0119597936,0.5858398750,0.0016040519,0.1429070541,0.0018422724,0.5527846556,0.0029725964,0.0696759500,0.0015070050,0.2607366688,0.0006377842,0.1271709936,0.0014403416,0.0715114179,0.0006617164,0.6441818168,0.0015445946,80,96
contrastive_mechanism_memory,sparse_corpus,8,0.6437500000,0.0114703318,0.6364728402,0.0126248159,0.5861595125,0.0017261154,0.1425050541,0.0017251812,0.5532864506,0.0029992148,0.0698390788,0.0015145639,0.2607608000,0.0006129596,0.1268142713,0.0013730189,0.0715729359,0.0006573465,0.6443101078,0.0015781741,80,96
contrastive_mechanism_memory,sparse_corpus,9,0.6486979167,0.0122681580,0.6417183362,0.0131452106,0.5863040625,0.0017582276,0.1423531791,0.0017815190,0.5534293162,0.0029486342,0.0697923350,0.0015325247,0.2605163667,0.0005412170,0.1265753154,0.0013878623,0.0718635684,0.0006614360,0.6442092843,0.0016096115,80,96
contrastive_mechanism_memory,stale_memory,0,0.6395833333,0.0115574030,0.6241141199,0.0125126961,0.5799420625,0.0017447689,0.1509308064,0.0017209819,0.5509496193,0.0030728729,0.0713000939,0.0014426691,0.2640472458,0.0006034687,0.1304750931,0.0015012387,0.0760678129,0.0006753845,0.6300845666,0.0015778557,80,96
contrastive_mechanism_memory,stale_memory,1,0.6363281250,0.0122908178,0.6208348273,0.0135448162,0.5797294375,0.0017283118,0.1510240564,0.0017926168,0.5512519930,0.0029780853,0.0712650902,0.0014916851,0.2640647313,0.0005697971,0.1306404967,0.0014607461,0.0762092924,0.0007002941,0.6298364116,0.0016927874,80,96
contrastive_mechanism_memory,stale_memory,2,0.6371093750,0.0150033170,0.6216342364,0.0164453630,0.5800420750,0.0018096806,0.1508671814,0.0017980590,0.5510378587,0.0030266432,0.0712899964,0.0015244100,0.2642508188,0.0006067597,0.1305037917,0.0014362914,0.0760466199,0.0006718061,0.6302455851,0.0017150317,80,96
contrastive_mechanism_memory,stale_memory,3,0.6348958333,0.0130695132,0.6192977078,0.0138901656,0.5800045375,0.0018248580,0.1507103064,0.0018384210,0.5508237243,0.0029495934,0.0714438464,0.0014581863,0.2644037958,0.0005697310,0.1304671368,0.0013699683,0.0762591349,0.0006659976,0.6302265446,0.0017611308,80,96
contrastive_mechanism_memory,stale_memory,4,0.6329427083,0.0139830243,0.6174658214,0.0152572386,0.5804922625,0.0017087764,0.1508035564,0.0017623278,0.5511260980,0.0028848292,0.0713854052,0.0015297153,0.2645531271,0.0005952227,0.1303323903,0.0013052866,0.0762505394,0.0006466906,0.6303345676,0.0016891023,80,96
contrastive_mechanism_memory,stale_memory,5,0.6260416667,0.0115173862,0.6103246029,0.0123587434,0.5804547250,0.0016979333,0.1510218689,0.0017664301,0.5508988321,0.0029928260,0.0715748558,0.0014914606,0.2646216542,0.0005959441,0.1301127551,0.0013684137,0.0763189824,0.0006350387,0.6302930159,0.0016875498,80,96
contrastive_mechanism_memory,stale_memory,6,0.6473958333,0.0124978552,0.6321749828,0.0135327312,0.5798919250,0.0016780349,0.1506148689,0.0017558765,0.5512187146,0.0029178371,0.0711369033,0.0015040134,0.2644446833,0.0006411243,0.1301552822,0.0013752503,0.0763023829,0.0005930472,0.6302469619,0.0016591672,80,96
contrastive_mechanism_memory,stale_memory,7,0.6381510417,0.0115696305,0.6226561236,0.0125951738,0.5793291250,0.0015892630,0.1507081189,0.0017727378,0.5509958258,0.0029210079,0.0712097121,0.0015147380,0.2645460229,0.0006358809,0.1302300905,0.0013902275,0.0759936374,0.0005590429,0.6301708929,0.0016879763,80,96
contrastive_mechanism_memory,stale_memory,8,0.6450520833,0.0121427902,0.6295001718,0.0134648609,0.5799919375,0.0015953873,0.1508013689,0.0018761671,0.5504227621,0.0029490832,0.0711419708,0.0015288440,0.2643462833,0.0006680714,0.1305113019,0.0014024511,0.0760600794,0.0005273932,0.6302929229,0.0017131520,80,96
contrastive_mechanism_memory,stale_memory,9,0.6286458333,0.0111418981,0.6130102798,0.0122768219,0.5803045750,0.0016022521,0.1508946189,0.0018327203,0.5507251358,0.0029253557,0.0712686483,0.0014711634,0.2646229208,0.0006443101,0.1304766054,0.0013835810,0.0762015589,0.0005630024,0.6300867889,0.0017392526,80,96
contrastive_mechanism_memory,visually_aliased,0,0.6308593750,0.0124912237,0.6183825491,0.0139792166,0.5821395875,0.0017162089,0.1442599281,0.0020542832,0.5497750175,0.0027419947,0.0719627762,0.0015016556,0.2622555062,0.0006482487,0.1313792964,0.0014032795,0.0731769388,0.0006298844,0.6403431213,0.0016972122,80,96
contrastive_mechanism_memory,visually_aliased,1,0.6252604167,0.0148997894,0.6130647970,0.0158351052,0.5824802250,0.0016137646,0.1441230531,0.0019661501,0.5502885331,0.0026864153,0.0720408887,0.0015096946,0.2621677292,0.0006000468,0.1311463438,0.0014026588,0.0734017738,0.0006296905,0.6401690348,0.0016125997,80,96
contrastive_mechanism_memory,visually_aliased,2,0.6352864583,0.0134112072,0.6233132277,0.0148827838,0.5819454250,0.0016063145,0.1442363031,0.0019869579,0.5504431194,0.0027937510,0.0714050350,0.0015515532,0.2621613521,0.0006253744,0.1314313575,0.0013775634,0.0731803858,0.0007020294,0.6401100058,0.0015910678,80,96
contrastive_mechanism_memory,visually_aliased,3,0.6298177083,0.0135406624,0.6177927666,0.0150179948,0.5824611500,0.0015040220,0.1440994281,0.0018456844,0.5502562850,0.0030225306,0.0714808037,0.0015808898,0.2622218271,0.0006320554,0.1317112611,0.0014314672,0.0731801083,0.0006915068,0.6400499763,0.0014681117,80,96
contrastive_mechanism_memory,visually_aliased,4,0.6316406250,0.0149980408,0.6196869121,0.0165680812,0.5824516125,0.0015367822,0.1443377406,0.0018660116,0.5505815816,0.0031138741,0.0713015106,0.0015784206,0.2621051813,0.0006388162,0.1318987799,0.0014123426,0.0731858338,0.0006529161,0.6398253646,0.0015502661,80,96
contrastive_mechanism_memory,visually_aliased,5,0.6279947917,0.0124772234,0.6157058386,0.0135900905,0.5826171625,0.0016211546,0.1447011156,0.0018968707,0.5505523260,0.0031878424,0.0713794843,0.0015114944,0.2622902104,0.0005586232,0.1321983583,0.0014055610,0.0732685978,0.0006057327,0.6397073061,0.0016206863,80,96
contrastive_mechanism_memory,visually_aliased,6,0.6402343750,0.0104695282,0.6283000939,0.0119181507,0.5826076250,0.0016862427,0.1445642406,0.0018919181,0.5510658416,0.0032471411,0.0711365031,0.0015039458,0.2621027687,0.0005929347,0.1323656057,0.0013378118,0.0734183953,0.0006092611,0.6399054056,0.0016360645,80,96
contrastive_mechanism_memory,visually_aliased,7,0.6338541667,0.0115830552,0.6216673300,0.0130301279,0.5824230000,0.0017037952,0.1444273656,0.0018061797,0.5507039197,0.0031517284,0.0713037156,0.0014906591,0.2623260792,0.0006146714,0.1324485609,0.0013242052,0.0730429303,0.0006396756,0.6400894981,0.0016154559,80,96
contrastive_mechanism_memory,visually_aliased,8,0.6368489583,0.0140653268,0.6248289165,0.0155513645,0.5827636375,0.0016495586,0.1446656781,0.0017908117,0.5505039538,0.0030883146,0.0711783662,0.0015201755,0.2620429521,0.0006469644,0.1320452343,0.0013726503,0.0731987308,0.0006526974,0.6403931503,0.0015844242,80,96
contrastive_mechanism_memory,visually_aliased,9,0.6372395833,0.0120665071,0.6249556283,0.0133314261,0.5827541000,0.0016545994,0.1447789281,0.0017303789,0.5501332775,0.0029241863,0.0713912875,0.0014566568,0.2620213958,0.0006266213,0.1320395528,0.0013808668,0.0732774928,0.0006717467,0.6402760923,0.0016399075,80,96
failure_aware_active_retrieval,combined_stress,0,0.6373697917,0.0122634194,0.6279576156,0.0137140492,0.6002401750,0.0016702756,0.1341098811,0.0017304763,0.5833332842,0.0029838230,0.0682119354,0.0015214615,0.3089999854,0.0006781472,0.1267019955,0.0014159473,0.0715180431,0.0005935729,0.6185717711,0.0016335001,80,96
failure_aware_active_retrieval,combined_stress,1,0.6330729167,0.0125551153,0.6233069160,0.0136781675,0.6002376375,0.0016944130,0.1347283811,0.0017328566,0.5829519242,0.0029007336,0.0683975242,0.0015600230,0.3085968292,0.0006513581,0.1267232425,0.0014129039,0.0714578141,0.0006571389,0.6187291081,0.0015699905,80,96
failure_aware_active_retrieval,combined_stress,2,0.6337239583,0.0119713994,0.6242287403,0.0133399135,0.6007603625,0.0017578345,0.1339711936,0.0016768511,0.5826187132,0.0028379089,0.0683977523,0.0015572251,0.3085746271,0.0006869577,0.1269818669,0.0014130434,0.0713005366,0.0007082977,0.6188109074,0.0015890980,80,96
failure_aware_active_retrieval,combined_stress,3,0.6462239583,0.0133320403,0.6370303402,0.0141889730,0.6005827375,0.0017069870,0.1342145061,0.0017262319,0.5826006598,0.0026936210,0.0680296217,0.0014806032,0.3082364646,0.0006828624,0.1265794909,0.0012734165,0.0714594171,0.0006880838,0.6188766986,0.0016426844,80,96
failure_aware_active_retrieval,combined_stress,4,0.6480468750,0.0123095854,0.6388197059,0.0136527943,0.6005802000,0.0017482231,0.1344578186,0.0018103077,0.5827576938,0.0027446812,0.0680787911,0.0015582674,0.3081978562,0.0006989755,0.1263740633,0.0012295859,0.0713181476,0.0006587692,0.6192566469,0.0016815892,80,96
failure_aware_active_retrieval,combined_stress,5,0.6473958333,0.0115316939,0.6383384849,0.0126627247,0.6007527500,0.0016969933,0.1340758186,0.0017116489,0.5825864388,0.0028631930,0.0679786448,0.0014821407,0.3081938833,0.0006472293,0.1265466059,0.0012352851,0.0716170981,0.0006383600,0.6187876709,0.0016921022,80,96
failure_aware_active_retrieval,combined_stress,6,0.6462239583,0.0118217086,0.6371933816,0.0126276003,0.6007502125,0.0016903112,0.1339439436,0.0017910839,0.5831067795,0.0028385486,0.0681304948,0.0014682822,0.3082722396,0.0005981928,0.1267179554,0.0013302686,0.0716199006,0.0006948543,0.6189900304,0.0016656077,80,96
failure_aware_active_retrieval,combined_stress,7,0.6385416667,0.0133713433,0.6294392081,0.0145965031,0.6007476750,0.0016840116,0.1339371311,0.0017095285,0.5829223929,0.0028649997,0.0682582117,0.0014919946,0.3082916667,0.0006293952,0.1265074178,0.0014263086,0.0717747791,0.0006541050,0.6190848361,0.0016260140,80,96
failure_aware_active_retrieval,combined_stress,8,0.6281250000,0.0119546183,0.6185562835,0.0130810986,0.6005700500,0.0015620553,0.1341804436,0.0016657743,0.5827292520,0.0028188456,0.0685276936,0.0014560007,0.3086495250,0.0005976647,0.1265083934,0.0013328614,0.0716335096,0.0006294781,0.6189505274,0.0016691850,80,96
failure_aware_active_retrieval,combined_stress,9,0.6389322917,0.0140756394,0.6294919242,0.0152321724,0.6010927750,0.0015451389,0.1340485686,0.0016703055,0.5825492426,0.0028141615,0.0683888811,0.0014496489,0.3087102479,0.0006659076,0.1265922992,0.0014286310,0.0714862371,0.0006652066,0.6187947079,0.0015952195,80,96
failure_aware_active_retrieval,cross_embodiment,0,0.6589843750,0.0135931667,0.6675109070,0.0147983149,0.6115097875,0.0017055318,0.1212618240,0.0018007473,0.5904766987,0.0027980543,0.0631087839,0.0015498498,0.3020418187,0.0005676645,0.1137565515,0.0014567998,0.0634528892,0.0006420912,0.6433538236,0.0016279181,80,96
failure_aware_active_retrieval,cross_embodiment,1,0.6542968750,0.0141417881,0.6627431467,0.0149114110,0.6116893375,0.0015732827,0.1215101365,0.0017711384,0.5899402077,0.0027082832,0.0630533783,0.0015903990,0.3019472812,0.0005057499,0.1134677824,0.0013583819,0.0636148497,0.0006412705,0.6429516388,0.0016859116,80,96
failure_aware_active_retrieval,cross_embodiment,2,0.6561197917,0.0115909887,0.6644920562,0.0127720815,0.6111685375,0.0015509876,0.1215083240,0.0017076479,0.5902879087,0.0027672613,0.0630133514,0.0015352459,0.3020617479,0.0005377269,0.1137521422,0.0013273607,0.0635476957,0.0005893097,0.6430086836,0.0016764769,80,96
failure_aware_active_retrieval,cross_embodiment,3,0.6565104167,0.0147261392,0.6648341889,0.0161709643,0.6113480875,0.0016709389,0.1217566365,0.0016984270,0.5904517677,0.0029288134,0.0629415771,0.0015281384,0.3021212292,0.0006758919,0.1138509668,0.0013048431,0.0635595812,0.0006739477,0.6425064488,0.0015992734,80,96
failure_aware_active_retrieval,cross_embodiment,4,0.6540364583,0.0112162005,0.6624365569,0.0122563910,0.6111774625,0.0015964201,0.1215046990,0.0017039448,0.5906331355,0.0029928656,0.0630364227,0.0014436589,0.3022208146,0.0006277965,0.1137268650,0.0012619719,0.0635634627,0.0006594568,0.6427065651,0.0016165856,80,96
failure_aware_active_retrieval,cross_embodiment,5,0.6549479167,0.0117092056,0.6632160969,0.0126719536,0.6115321000,0.0017143689,0.1215028865,0.0016492786,0.5904555740,0.0030291129,0.0632379146,0.0014606331,0.3021229292,0.0005757230,0.1139206296,0.0012467418,0.0637214212,0.0006468166,0.6427335948,0.0016755874,80,96
failure_aware_active_retrieval,cross_embodiment,6,0.6587239583,0.0134247248,0.6667809320,0.0148261265,0.6115365625,0.0016556602,0.1218762615,0.0016227304,0.5900897933,0.0030028458,0.0631889946,0.0015119120,0.3021350146,0.0006792853,0.1138345155,0.0012528218,0.0638853827,0.0006361112,0.6428101493,0.0016979791,80,96
failure_aware_active_retrieval,cross_embodiment,7,0.6558593750,0.0116926827,0.6642013345,0.0128319523,0.6117161125,0.0016839656,0.1217493865,0.0016990530,0.5907920465,0.0030447973,0.0632245883,0.0014769795,0.3020899938,0.0006433676,0.1137066656,0.0013819995,0.0638912652,0.0006155603,0.6427306258,0.0016714649,80,96
failure_aware_active_retrieval,cross_embodiment,8,0.6628906250,0.0124616197,0.6713023589,0.0133521031,0.6117205750,0.0016806113,0.1219976990,0.0016772404,0.5907808180,0.0029809709,0.0631083202,0.0014271635,0.3019064313,0.0006943600,0.1135084917,0.0014623376,0.0638281132,0.0006113805,0.6427146341,0.0017057926,80,96
failure_aware_active_retrieval,cross_embodiment,9,0.6548177083,0.0131942924,0.6631965610,0.0146957616,0.6119001250,0.0016518763,0.1218708240,0.0017483840,0.5909578087,0.0029333813,0.0632376639,0.0014617032,0.3020844021,0.0006998447,0.1135901965,0.0014711743,0.0636839207,0.0006474763,0.6430353106,0.0017288321,80,96
failure_aware_active_retrieval,heldout_mechanism,0,0.6725260417,0.0114786305,0.6874672007,0.0124699850,0.6151176000,0.0018015785,0.1176302901,0.0017515279,0.5937443948,0.0030303513,0.0611500016,0.0014586708,0.2994982104,0.0006106323,0.1083014639,0.0013767380,0.0603904196,0.0006252402,0.6519185406,0.0016875585,80,96
failure_aware_active_retrieval,heldout_mechanism,1,0.6713541667,0.0140566784,0.6866748955,0.0150852248,0.6154792375,0.0017646426,0.1173833526,0.0018440436,0.5939325877,0.0030538763,0.0609996472,0.0014394637,0.2995825667,0.0006254339,0.1078813143,0.0013954807,0.0606224936,0.0005966006,0.6516646878,0.0016831785,80,96
failure_aware_active_retrieval,heldout_mechanism,2,0.6632812500,0.0114552278,0.6785030534,0.0124291433,0.6156657875,0.0017984207,0.1173865401,0.0018271219,0.5934116761,0.0028388853,0.0608409453,0.0014756721,0.2997635375,0.0006409708,0.1079854341,0.0014213724,0.0607084946,0.0005976744,0.6518820706,0.0016866632,80,96
failure_aware_active_retrieval,heldout_mechanism,3,0.6645833333,0.0124677379,0.6798948147,0.0133997569,0.6160274250,0.0017212335,0.1173897276,0.0017469870,0.5934160270,0.0027058058,0.0609637184,0.0014623774,0.2995881458,0.0005993812,0.1077799493,0.0014280446,0.0607944956,0.0006017322,0.6521134603,0.0016341294,80,96
failure_aware_active_retrieval,heldout_mechanism,4,0.6755208333,0.0127279413,0.6908688105,0.0135792730,0.6158638000,0.0015783519,0.1175179776,0.0016578759,0.5935910883,0.0026633898,0.0608467709,0.0014019823,0.2994279333,0.0005797562,0.1079772194,0.0014648952,0.0608824976,0.0006190747,0.6518951253,0.0015478220,80,96
failure_aware_active_retrieval,heldout_mechanism,5,0.6712239583,0.0123210999,0.6861429176,0.0131938093,0.6157001750,0.0014836765,0.1177712901,0.0016634728,0.5930614223,0.0028595253,0.0608627216,0.0014299270,0.2997811521,0.0005631330,0.1080927525,0.0014580484,0.0607473881,0.0006565799,0.6518693866,0.0015584709,80,96
failure_aware_active_retrieval,heldout_mechanism,6,0.6614583333,0.0118971013,0.6764226969,0.0126859413,0.6158867250,0.0014849585,0.1172742276,0.0017639528,0.5932583695,0.0028341442,0.0612247334,0.0014261949,0.2998357458,0.0005377308,0.1081614396,0.0014138245,0.0608253851,0.0006404613,0.6518166343,0.0016601400,80,96
failure_aware_active_retrieval,heldout_mechanism,7,0.6700520833,0.0107543800,0.6849613161,0.0111772355,0.6155480125,0.0015543226,0.1172774151,0.0018008373,0.5929125455,0.0030432603,0.0609911441,0.0013633589,0.2998584208,0.0005120180,0.1083624579,0.0013944871,0.0606112361,0.0006212925,0.6518919461,0.0017206189,80,96
failure_aware_active_retrieval,heldout_mechanism,8,0.6701822917,0.0106382626,0.6853786293,0.0111849460,0.6162598250,0.0016022002,0.1175307276,0.0017902178,0.5934334045,0.0030873290,0.0609274072,0.0013988300,0.2996994354,0.0005251279,0.1080588815,0.0013733239,0.0607762766,0.0006407572,0.6522363923,0.0017165056,80,96
failure_aware_active_retrieval,heldout_mechanism,9,0.6760416667,0.0127097915,0.6916516038,0.0133646030,0.6160962000,0.0014987572,0.1169086026,0.0017768007,0.5934596414,0.0030449162,0.0606992647,0.0014456279,0.2996103167,0.0006144040,0.1081250136,0.0014289307,0.0607021976,0.0006475364,0.6517629298,0.0016684167,80,96
failure_aware_active_retrieval,heldout_object,0,0.6884114583,0.0116630311,0.7110202589,0.0121609453,0.6198508875,0.0016263168,0.1133910906,0.0015714406,0.5971721418,0.0028449706,0.0586828076,0.0013650689,0.2967487021,0.0006401666,0.1012812505,0.0014772095,0.0574092049,0.0006822417,0.6609893056,0.0016962185,80,96
failure_aware_active_retrieval,heldout_object,1,0.6744791667,0.0118665709,0.6972190275,0.0128920506,0.6205417000,0.0016521414,0.1127539656,0.0016906369,0.5970028162,0.0028131200,0.0589509401,0.0013716998,0.2970027042,0.0006740222,0.1011381278,0.0014660919,0.0574759609,0.0006329425,0.6613734981,0.0017359938,80,96
failure_aware_active_retrieval,heldout_object,2,0.6799479167,0.0117799652,0.7027103992,0.0128838550,0.6203570750,0.0016325720,0.1131173406,0.0017513933,0.5967984731,0.0028335619,0.0585647013,0.0014172331,0.2969850917,0.0006945308,0.1010406578,0.0014322423,0.0574086499,0.0006523382,0.6612274256,0.0017676118,80,96
failure_aware_active_retrieval,heldout_object,3,0.6733072917,0.0114233361,0.6960724340,0.0119084684,0.6206977125,0.0016951063,0.1129804656,0.0018161746,0.5967867262,0.0027125774,0.0586615638,0.0013616540,0.2971370104,0.0006143340,0.1010172599,0.0014385619,0.0575584474,0.0005983947,0.6615535891,0.0018119595,80,96
failure_aware_active_retrieval,heldout_object,4,0.6789062500,0.0116889099,0.7017479419,0.0126510388,0.6210383500,0.0017128413,0.1128435906,0.0018471523,0.5967749793,0.0027193429,0.0586881888,0.0014594493,0.2970425375,0.0005987208,0.1011939619,0.0013958725,0.0576332074,0.0006445380,0.6609793026,0.0017461256,80,96
failure_aware_active_retrieval,heldout_object,5,0.6858072917,0.0109589225,0.7087933863,0.0115746122,0.6201533750,0.0017103854,0.1127067156,0.0019672681,0.5969383200,0.0027535463,0.0586163388,0.0014645193,0.2968547979,0.0005353618,0.1009673124,0.0014083978,0.0576329299,0.0006214365,0.6611073671,0.0016684427,80,96
failure_aware_active_retrieval,heldout_object,6,0.6733072917,0.0112017843,0.6965562569,0.0116487940,0.6204940125,0.0016587667,0.1125698406,0.0018675237,0.5974518356,0.0027007165,0.0583684451,0.0014581864,0.2970137104,0.0005698187,0.1012346098,0.0013764140,0.0576326524,0.0006175503,0.6610333306,0.0016018249,80,96
failure_aware_active_retrieval,heldout_object,7,0.6746093750,0.0114579264,0.6979686497,0.0123263605,0.6201343000,0.0016132343,0.1124329656,0.0017792300,0.5976151762,0.0028083005,0.0581722638,0.0015187877,0.2969793937,0.0005903472,0.1015082103,0.0014309158,0.0577824499,0.0006443787,0.6611033661,0.0016126446,80,96
failure_aware_active_retrieval,heldout_object,8,0.6829427083,0.0106809559,0.7063597573,0.0114758317,0.6202998500,0.0014955859,0.1125462156,0.0017326086,0.5972445000,0.0030492450,0.0578670288,0.0014868811,0.2969216771,0.0005374075,0.1016025787,0.0014072183,0.0578612119,0.0006838602,0.6608002151,0.0015178084,80,96
failure_aware_active_retrieval,heldout_object,9,0.6729166667,0.0125898703,0.6959888822,0.0135014051,0.6202903125,0.0015273137,0.1129095906,0.0017769518,0.5975654193,0.0031906871,0.0580598463,0.0014683199,0.2970459542,0.0005459153,0.1019959040,0.0014089948,0.0576438259,0.0006901202,0.6606681496,0.0015283206,80,96
failure_aware_active_retrieval,seen_corpus,0,0.6919270833,0.0098851771,0.7240753394,0.0107646300,0.6271630250,0.0017419088,0.1079670815,0.0016383229,0.6018718021,0.0029453596,0.0556102082,0.0014731685,0.2936715958,0.0005562032,0.0935494762,0.0014416107,0.0538158733,0.0006573833,0.6720201171,0.0015661859,80,96
failure_aware_active_retrieval,seen_corpus,1,0.7003906250,0.0130206914,0.7329491847,0.0138693588,0.6273075750,0.0017229907,0.1079402690,0.0016472711,0.6021853781,0.0029217893,0.0552087876,0.0015036538,0.2936030562,0.0006193876,0.0934131253,0.0013721896,0.0537333193,0.0006507020,0.6721118899,0.0016479224,80,96
failure_aware_active_retrieval,seen_corpus,2,0.6953125000,0.0098833421,0.7277028410,0.0108795094,0.6269268625,0.0017517513,0.1077883940,0.0016357142,0.6019780687,0.0028606324,0.0554175501,0.0014720831,0.2937991375,0.0005828455,0.0931804725,0.0013168221,0.0540239518,0.0006536465,0.6717689454,0.0017178610,80,96
failure_aware_active_retrieval,seen_corpus,3,0.6908854167,0.0100045556,0.7230078841,0.0100544748,0.6265461500,0.0016959233,0.1080117065,0.0016054715,0.6017576278,0.0028565166,0.0554157445,0.0014194718,0.2939110667,0.0005631381,0.0932650895,0.0012910573,0.0540204373,0.0006536038,0.6719037396,0.0017121628,80,96
failure_aware_active_retrieval,seen_corpus,4,0.6976562500,0.0103046322,0.7297431969,0.0112682137,0.6268657875,0.0016737439,0.1079848940,0.0016430794,0.6013708537,0.0028450241,0.0552699051,0.0014436046,0.2937911875,0.0006093459,0.0937416449,0.0012928589,0.0540129208,0.0006324010,0.6720095194,0.0016900384,80,96
failure_aware_active_retrieval,seen_corpus,5,0.6852864583,0.0127878785,0.7175306391,0.0133425119,0.6268352500,0.0017625149,0.1080831440,0.0016861890,0.6020302275,0.0027951747,0.0551772013,0.0013789183,0.2939392771,0.0005683464,0.0936046974,0.0013451651,0.0540824428,0.0006042084,0.6717796314,0.0017192786,80,96
failure_aware_active_retrieval,seen_corpus,6,0.6994791667,0.0123278229,0.7321158356,0.0130634826,0.6257541875,0.0017296044,0.1076811440,0.0017302173,0.6020067600,0.0028319329,0.0547964676,0.0014128000,0.2937154917,0.0006082765,0.0933574798,0.0013825405,0.0540689233,0.0005937871,0.6718959164,0.0017417706,80,96
failure_aware_active_retrieval,seen_corpus,7,0.6950520833,0.0112881882,0.7272468762,0.0120273189,0.6253734750,0.0016072491,0.1076543315,0.0017738505,0.6016199859,0.0028149993,0.0550773032,0.0014777459,0.2939024583,0.0006045880,0.0936339352,0.0014616906,0.0542865193,0.0005785122,0.6719456681,0.0017434007,80,96
failure_aware_active_retrieval,seen_corpus,8,0.6932291667,0.0119849243,0.7254961170,0.0128178700,0.6251678500,0.0016460203,0.1076275190,0.0017908754,0.6019335618,0.0029392866,0.0548610388,0.0013808991,0.2941280042,0.0006264187,0.0937977342,0.0014759869,0.0541289278,0.0005432197,0.6721094769,0.0016758004,80,96
failure_aware_active_retrieval,seen_corpus,9,0.6903645833,0.0121547341,0.7224495646,0.0124365273,0.6249622250,0.0015681491,0.1079758940,0.0017724452,0.6020589187,0.0030949684,0.0549899376,0.0013422970,0.2939179083,0.0006271768,0.0938817547,0.0015095590,0.0541274143,0.0005648463,0.6716504744,0.0016784116,80,96
failure_aware_active_retrieval,sparse_corpus,0,0.6394531250,0.0121629725,0.6433351859,0.0128664975,0.6084965750,0.0013819261,0.1246586803,0.0017907898,0.5884532737,0.0028076111,0.0646035014,0.0013610264,0.3038235437,0.0005779935,0.1163933317,0.0014739049,0.0656427814,0.0006050936,0.6372064052,0.0017236197,80,96
failure_aware_active_retrieval,sparse_corpus,1,0.6615885417,0.0133594689,0.6656699662,0.0144590214,0.6084800375,0.0014281430,0.1247669303,0.0017747856,0.5886010349,0.0027933580,0.0642715914,0.0014441340,0.3037196729,0.0005915692,0.1164741432,0.0014936000,0.0654183134,0.0006650882,0.6370850872,0.0016027112,80,96
failure_aware_active_retrieval,sparse_corpus,2,0.6550781250,0.0145731486,0.6592399240,0.0158794504,0.6084635000,0.0015975673,0.1247501178,0.0018632600,0.5887531734,0.0028126023,0.0642214395,0.0015171806,0.3036416562,0.0006346341,0.1165492482,0.0015166160,0.0654919944,0.0006659462,0.6372714229,0.0016903043,80,96
failure_aware_active_retrieval,sparse_corpus,3,0.6472656250,0.0122776634,0.6513419653,0.0130552588,0.6082718750,0.0015740222,0.1247333053,0.0018480885,0.5889053118,0.0028843930,0.0642697626,0.0014594860,0.3038820187,0.0005856204,0.1165243031,0.0014792723,0.0656407129,0.0006840909,0.6370435517,0.0016458008,80,96
failure_aware_active_retrieval,sparse_corpus,4,0.6515625000,0.0121434692,0.6557791842,0.0128615552,0.6091307750,0.0015710871,0.1247164928,0.0018176271,0.5887072753,0.0028651118,0.0641751545,0.0014732639,0.3037277375,0.0006430815,0.1167057612,0.0014096741,0.0657894314,0.0007027509,0.6370998224,0.0016187823,80,96
failure_aware_active_retrieval,sparse_corpus,5,0.6545572917,0.0109889736,0.6586514226,0.0118805774,0.6089391500,0.0015620242,0.1249498053,0.0018657196,0.5888506593,0.0028300634,0.0643466051,0.0014594045,0.3036667229,0.0005815365,0.1164921294,0.0013594781,0.0657170394,0.0006831582,0.6370570437,0.0015372566,80,96
failure_aware_active_retrieval,sparse_corpus,6,0.6490885417,0.0129003372,0.6534475007,0.0134474887,0.6089226125,0.0016237674,0.1245578053,0.0017936337,0.5888408418,0.0029747790,0.0641764026,0.0015063568,0.3037992354,0.0005965910,0.1163531661,0.0013667936,0.0654845674,0.0006260693,0.6369657407,0.0015828645,80,96
failure_aware_active_retrieval,sparse_corpus,7,0.6516927083,0.0117005771,0.6556445441,0.0124642902,0.6090811625,0.0016770547,0.1249161803,0.0017821913,0.5882794987,0.0031028453,0.0642886014,0.0015062619,0.3037436896,0.0005982737,0.1166580971,0.0013639135,0.0655642514,0.0006508133,0.6371435722,0.0016020288,80,96
failure_aware_active_retrieval,sparse_corpus,8,0.6597656250,0.0116616172,0.6638785331,0.0123666829,0.6090646250,0.0017107622,0.1250244303,0.0017494220,0.5882521724,0.0032364793,0.0641347789,0.0015199656,0.3035365437,0.0005748007,0.1164419103,0.0013191718,0.0651897084,0.0007057855,0.6372223542,0.0015412060,80,96
failure_aware_active_retrieval,sparse_corpus,9,0.6490885417,0.0132185144,0.6530769822,0.0144680138,0.6097484375,0.0017555070,0.1251326803,0.0017280127,0.5887501087,0.0031553241,0.0643934939,0.0015405271,0.3038170104,0.0006089242,0.1166164687,0.0013210369,0.0652653904,0.0006735378,0.6369569642,0.0015899174,80,96
failure_aware_active_retrieval,stale_memory,0,0.6529947917,0.0135194572,0.6493449637,0.0147111841,0.6042067500,0.0016630606,0.1335143787,0.0016568850,0.5872726692,0.0027332168,0.0655545003,0.0015277080,0.3072170104,0.0006394795,0.1199576390,0.0013929084,0.0698931001,0.0006841853,0.6232783273,0.0016127006,80,96
failure_aware_active_retrieval,stale_memory,1,0.6479166667,0.0119435788,0.6441467940,0.0130896222,0.6047084750,0.0016628693,0.1331173787,0.0016687414,0.5862055017,0.0029548163,0.0657491040,0.0015157279,0.3071159417,0.0006233062,0.1200335830,0.0013348653,0.0698826606,0.0006742386,0.6236249853,0.0016247850,80,96
failure_aware_active_retrieval,stale_memory,2,0.6490885417,0.0134411733,0.6452911325,0.0140756238,0.6038095000,0.0019037723,0.1329705037,0.0017341658,0.5861801049,0.0029133016,0.0655485665,0.0014152332,0.3072275229,0.0006530268,0.1202020808,0.0013439930,0.0699512606,0.0006406201,0.6237445298,0.0017267631,80,96
failure_aware_active_retrieval,stale_memory,3,0.6477864583,0.0122311073,0.6434833533,0.0130633367,0.6036108750,0.0019190043,0.1333238787,0.0017537865,0.5857870242,0.0030215121,0.0658778028,0.0014082532,0.3073737396,0.0006666092,0.1200995581,0.0013561557,0.0700278646,0.0006319987,0.6237900373,0.0017586156,80,96
failure_aware_active_retrieval,stale_memory,4,0.6472656250,0.0118623668,0.6430176994,0.0129781161,0.6037624250,0.0018457356,0.1331770037,0.0017639300,0.5857616274,0.0031321265,0.0658578090,0.0013934429,0.3075090188,0.0006651831,0.1200679559,0.0013821100,0.0698713521,0.0006131326,0.6233933238,0.0017324000,80,96
failure_aware_active_retrieval,stale_memory,5,0.6529947917,0.0126264560,0.6490701110,0.0135888092,0.6040890625,0.0017582586,0.1326549412,0.0018035966,0.5857493621,0.0030871797,0.0657740896,0.0014505969,0.3074067229,0.0006560989,0.1202193338,0.0014161887,0.0700089866,0.0006393375,0.6233332785,0.0016832476,80,96
failure_aware_active_retrieval,stale_memory,6,0.6520833333,0.0126630010,0.6484345208,0.0134892482,0.6038904375,0.0016422488,0.1322579412,0.0018523526,0.5857327196,0.0030500634,0.0656685809,0.0014454560,0.3073223583,0.0006619825,0.1200762684,0.0014079321,0.0699985471,0.0006490115,0.6236239085,0.0016642585,80,96
failure_aware_active_retrieval,stale_memory,7,0.6509114583,0.0140618094,0.6473017688,0.0145752051,0.6038669000,0.0017767955,0.1319860037,0.0017877670,0.5857116999,0.0030129510,0.0657265890,0.0014333512,0.3073917146,0.0006511770,0.1201390096,0.0014390136,0.0699150711,0.0006340128,0.6237209418,0.0016489943,80,96
failure_aware_active_retrieval,stale_memory,8,0.6454427083,0.0126152202,0.6420349507,0.0135676863,0.6040184500,0.0016248082,0.1319641912,0.0018399148,0.5862071883,0.0029994318,0.0658044121,0.0014358042,0.3072961146,0.0006558998,0.1199035592,0.0015013255,0.0696104846,0.0006611071,0.6231166245,0.0016518222,80,96
failure_aware_active_retrieval,stale_memory,9,0.6488281250,0.0112308919,0.6455759014,0.0121628429,0.6038198250,0.0015714884,0.1320674412,0.0017063866,0.5866982996,0.0029961116,0.0658066521,0.0014091880,0.3070765563,0.0005919605,0.1197738655,0.0014887027,0.0698331616,0.0006284739,0.6228769895,0.0016046815,80,96
failure_aware_active_retrieval,visually_aliased,0,0.6359375000,0.0110932511,0.6352086555,0.0119143675,0.6065414750,0.0017334998,0.1266773223,0.0017930542,0.5851905587,0.0030356758,0.0661892376,0.0014101474,0.3051505125,0.0006115332,0.1210491494,0.0014370250,0.0668332547,0.0006478318,0.6332360287,0.0016169891,80,96
failure_aware_active_retrieval,visually_aliased,1,0.6468750000,0.0125583982,0.6464022264,0.0137405339,0.6067210250,0.0017924973,0.1263003223,0.0017571029,0.5853763037,0.0029633767,0.0661839976,0.0014762076,0.3050623375,0.0006242048,0.1211194410,0.0014300591,0.0669101727,0.0006662413,0.6334716627,0.0015967552,80,96
failure_aware_active_retrieval,visually_aliased,2,0.6566406250,0.0126934020,0.6561977849,0.0134204740,0.6063753125,0.0016801751,0.1262985098,0.0017237065,0.5853738297,0.0028047954,0.0659259644,0.0014951329,0.3050656063,0.0006223340,0.1214101040,0.0014536941,0.0669180562,0.0006381156,0.6335427144,0.0015372279,80,96
failure_aware_active_retrieval,visually_aliased,3,0.6411458333,0.0107244403,0.6409532718,0.0117097382,0.6062046875,0.0017014314,0.1256713848,0.0018075505,0.5859185040,0.0027800041,0.0661538844,0.0015244191,0.3050473333,0.0005432273,0.1214626792,0.0014451068,0.0667658597,0.0006584731,0.6335652419,0.0016237508,80,96
failure_aware_active_retrieval,visually_aliased,4,0.6492187500,0.0117395833,0.6492076499,0.0126406510,0.6063842375,0.0015696464,0.1259196973,0.0017780097,0.5857321881,0.0026821835,0.0658687913,0.0015804167,0.3047741500,0.0005309401,0.1212676570,0.0013928596,0.0668527827,0.0006456351,0.6332631072,0.0016706202,80,96
failure_aware_active_retrieval,visually_aliased,5,0.6447916667,0.0121255324,0.6444869567,0.0130749332,0.6060385250,0.0015146710,0.1261680098,0.0017355322,0.5857209597,0.0027490207,0.0658837357,0.0015367836,0.3049010792,0.0005255897,0.1215697332,0.0013694958,0.0667896307,0.0005924782,0.6333191514,0.0016715674,80,96
failure_aware_active_retrieval,visually_aliased,6,0.6430989583,0.0112575810,0.6428881493,0.0124398897,0.6060429875,0.0016647022,0.1261661973,0.0017052015,0.5860686606,0.0028635404,0.0658319526,0.0014776603,0.3050647646,0.0005878323,0.1214538930,0.0013146611,0.0667975142,0.0006774791,0.6328179172,0.0015760145,80,96
failure_aware_active_retrieval,visually_aliased,7,0.6541666667,0.0120480452,0.6540309872,0.0131158737,0.6058723625,0.0015864259,0.1262894473,0.0016348483,0.5860618093,0.0029736688,0.0657093113,0.0014528335,0.3048246917,0.0006650233,0.1214501126,0.0012904175,0.0668073987,0.0006622941,0.6328954722,0.0016058149,80,96
failure_aware_active_retrieval,visually_aliased,8,0.6450520833,0.0118625406,0.6448213069,0.0131053654,0.6062270000,0.0017029533,0.1259124473,0.0016559200,0.5858973793,0.0030104753,0.0660650088,0.0014999352,0.3049422083,0.0005930689,0.1215267073,0.0012547131,0.0669593542,0.0006509874,0.6331451132,0.0016535247,80,96
failure_aware_active_retrieval,visually_aliased,9,0.6424479167,0.0121156014,0.6419298072,0.0130359212,0.6064065500,0.0017031348,0.1262858223,0.0016300197,0.5858817737,0.0029197637,0.0662810076,0.0014975758,0.3049685792,0.0006225896,0.1215343401,0.0012902689,0.0671233157,0.0006404486,0.6330355747,0.0016997574,80,96
invariant_mechanism_alignment,combined_stress,0,0.6018229167,0.0135602841,0.5614282895,0.0150572367,0.5609384250,0.0017022817,0.1658162587,0.0019010714,0.5320250234,0.0031741316,0.0768928006,0.0015102894,0.2753100667,0.0006538478,0.1445147812,0.0013561929,0.0820427451,0.0005899788,0.5984117985,0.0016320544,80,96
invariant_mechanism_alignment,combined_stress,1,0.6059895833,0.0124114032,0.5658267925,0.0137258264,0.5607538000,0.0017210455,0.1659295087,0.0018573743,0.5323546972,0.0031684867,0.0767376031,0.0014796472,0.2750855708,0.0006118433,0.1442963933,0.0013637511,0.0821215071,0.0005893475,0.5987809835,0.0016293205,80,96
invariant_mechanism_alignment,combined_stress,2,0.5992187500,0.0125970716,0.5588722171,0.0139766751,0.5609193500,0.0016399742,0.1659176962,0.0018342284,0.5318133106,0.0030155950,0.0769956387,0.0014782099,0.2749391625,0.0006271128,0.1441881067,0.0014168173,0.0818230806,0.0006318782,0.5987854862,0.0016127913,80,96
invariant_mechanism_alignment,combined_stress,3,0.5950520833,0.0144201928,0.5543122501,0.0158349743,0.5609098125,0.0016487237,0.1662810712,0.0018020313,0.5319591425,0.0029338793,0.0771580250,0.0015164366,0.2752815583,0.0006540100,0.1443844836,0.0014484792,0.0819058446,0.0006808527,0.5987534707,0.0016447958,80,96
invariant_mechanism_alignment,combined_stress,4,0.6023437500,0.0133534505,0.5614946375,0.0147847245,0.5605501000,0.0016562002,0.1660191337,0.0017285535,0.5316015978,0.0029935791,0.0772955019,0.0014809768,0.2753134625,0.0006579167,0.1443616823,0.0014297641,0.0820536411,0.0007014879,0.5988310100,0.0016781611,80,96
invariant_mechanism_alignment,combined_stress,5,0.5936197917,0.0123619831,0.5526176997,0.0135887061,0.5601903875,0.0016194182,0.1662574462,0.0017220076,0.5317518069,0.0028617799,0.0776812400,0.0014514739,0.2751193604,0.0006802843,0.1438520026,0.0014472885,0.0817592166,0.0006356541,0.5987784842,0.0016934951,80,96
invariant_mechanism_alignment,combined_stress,6,0.6067708333,0.0144024582,0.5662982681,0.0159158480,0.5605310250,0.0017208322,0.1657453837,0.0018327139,0.5319282791,0.0028045333,0.0774706269,0.0014662394,0.2751442708,0.0007383000,0.1435081832,0.0014726051,0.0817529361,0.0006634864,0.5992272090,0.0017401275,80,96
invariant_mechanism_alignment,combined_stress,7,0.6139322917,0.0133759976,0.5731743202,0.0151219213,0.5605214875,0.0016565288,0.1659836962,0.0019454483,0.5310279631,0.0027925103,0.0774953900,0.0014670295,0.2750279229,0.0007132732,0.1434176130,0.0014583540,0.0818336991,0.0006071664,0.5989025472,0.0018013918,80,96
invariant_mechanism_alignment,combined_stress,8,0.6114583333,0.0141152081,0.5710249836,0.0156643332,0.5608621250,0.0017331255,0.1658468212,0.0020110338,0.5310162163,0.0026973515,0.0772171025,0.0015111798,0.2749714333,0.0007184167,0.1432941651,0.0014710576,0.0819834966,0.0006292151,0.5992287107,0.0018112623,80,96
invariant_mechanism_alignment,combined_stress,9,0.6058593750,0.0127349026,0.5653292512,0.0141081172,0.5612027625,0.0017123011,0.1659600712,0.0019906229,0.5311708025,0.0026812439,0.0772376862,0.0015014278,0.2752588437,0.0006601254,0.1433790788,0.0014158848,0.0822123336,0.0006359445,0.5988395167,0.0017881715,80,96
invariant_mechanism_alignment,cross_embodiment,0,0.6179687500,0.0121807527,0.5959377777,0.0134180489,0.5711228625,0.0016430834,0.1514992080,0.0019512210,0.5397104652,0.0030155140,0.0719955196,0.0015162454,0.2690139125,0.0006300330,0.1310734760,0.0014570206,0.0740893123,0.0005975784,0.6225750765,0.0016484790,80,96
invariant_mechanism_alignment,cross_embodiment,1,0.6299479167,0.0122574010,0.6078415333,0.0134218659,0.5712954125,0.0016747900,0.1519926455,0.0019140059,0.5395085699,0.0029628019,0.0718043477,0.0015003139,0.2688331167,0.0006395165,0.1310858648,0.0014229538,0.0741021198,0.0006547323,0.6226538743,0.0015785791,80,96
invariant_mechanism_alignment,cross_embodiment,2,0.6308593750,0.0139528038,0.6092534314,0.0153141508,0.5716430500,0.0017369790,0.1513605205,0.0018818592,0.5393460693,0.0028124932,0.0716585677,0.0015818139,0.2684320813,0.0006710769,0.1311469442,0.0014019277,0.0740969183,0.0006912029,0.6231143628,0.0015965889,80,96
invariant_mechanism_alignment,cross_embodiment,3,0.6376302083,0.0136510265,0.6158962649,0.0148515658,0.5714654250,0.0016763757,0.1517288955,0.0019091241,0.5387983762,0.0027101087,0.0715523914,0.0015292813,0.2680990896,0.0007001208,0.1310598795,0.0012986404,0.0741077248,0.0007060882,0.6228725003,0.0016188344,80,96
invariant_mechanism_alignment,cross_embodiment,4,0.6270833333,0.0129401867,0.6052454950,0.0143162372,0.5714628875,0.0017290701,0.1519722080,0.0019325034,0.5391304977,0.0027855100,0.0718242171,0.0015621750,0.2681586208,0.0006776007,0.1306512004,0.0012647988,0.0738914178,0.0006583593,0.6232524485,0.0016583245,80,96
invariant_mechanism_alignment,cross_embodiment,5,0.6279947917,0.0149317099,0.6062220143,0.0161889502,0.5716354375,0.0017081746,0.1517152705,0.0019076301,0.5391299530,0.0027237293,0.0719298127,0.0015945762,0.2680577354,0.0006877545,0.1308262980,0.0012303974,0.0741923693,0.0006387326,0.6227759688,0.0016843657,80,96
invariant_mechanism_alignment,cross_embodiment,6,0.6251302083,0.0135433411,0.6036215803,0.0147774984,0.5716329000,0.0016429834,0.1513332705,0.0019704067,0.5394839605,0.0028853111,0.0717944727,0.0015356099,0.2681597896,0.0006449803,0.1309893859,0.0012894762,0.0741911698,0.0006954410,0.6230933858,0.0016664793,80,96
invariant_mechanism_alignment,cross_embodiment,7,0.6200520833,0.0121330093,0.5984146759,0.0134081703,0.5716303625,0.0016680890,0.1514515205,0.0019567092,0.5398204593,0.0029262932,0.0720341439,0.0014885653,0.2682928333,0.0005853144,0.1308751502,0.0014217723,0.0744230868,0.0006734139,0.6232807378,0.0016552072,80,96
invariant_mechanism_alignment,cross_embodiment,8,0.6298177083,0.0110458453,0.6078933128,0.0121752043,0.5714527375,0.0015311981,0.1515697705,0.0018558536,0.5389313455,0.0028351867,0.0720066277,0.0014684172,0.2681430271,0.0005891140,0.1310831255,0.0014306912,0.0743548538,0.0006437805,0.6230538828,0.0016574674,80,96
invariant_mechanism_alignment,cross_embodiment,9,0.6270833333,0.0125573478,0.6052563832,0.0137008105,0.5719754625,0.0015527475,0.1513128330,0.0018532116,0.5391058883,0.0028692417,0.0721028108,0.0014830102,0.2684683708,0.0006229776,0.1309549215,0.0013820244,0.0742055803,0.0006488993,0.6229055670,0.0016500897,80,96
invariant_mechanism_alignment,heldout_mechanism,0,0.6429687500,0.0119412316,0.6285571100,0.0133764494,0.5761877250,0.0015163778,0.1465629117,0.0019667674,0.5423798281,0.0031193631,0.0696132288,0.0013952001,0.2661089250,0.0006789216,0.1249022941,0.0015275244,0.0708800416,0.0006314485,0.6321672433,0.0016645065,80,96
invariant_mechanism_alignment,heldout_mechanism,1,0.6242187500,0.0133879805,0.6093737538,0.0146343730,0.5758420125,0.0016100094,0.1466861617,0.0020302397,0.5423729768,0.0031236643,0.0701023438,0.0013868966,0.2661362250,0.0006461745,0.1249985637,0.0015499008,0.0708148886,0.0006374706,0.6318305913,0.0016538074,80,96
invariant_mechanism_alignment,heldout_mechanism,2,0.6438802083,0.0113471570,0.6293279722,0.0126450214,0.5758464750,0.0017273651,0.1466843492,0.0020172537,0.5418452403,0.0030789047,0.0695161107,0.0013753008,0.2659259146,0.0006259082,0.1249985314,0.0014606922,0.0709728471,0.0006528919,0.6318296070,0.0016268514,80,96
invariant_mechanism_alignment,heldout_mechanism,3,0.6393229167,0.0123773461,0.6247674900,0.0132893445,0.5760260250,0.0017871173,0.1465574742,0.0019393525,0.5420222309,0.0029895025,0.0695821732,0.0014575890,0.2662047417,0.0005975541,0.1249801862,0.0014454959,0.0711288046,0.0006447570,0.6320502335,0.0016049888,80,96
invariant_mechanism_alignment,heldout_mechanism,4,0.6401041667,0.0131850726,0.6257787689,0.0145002993,0.5765557500,0.0017814881,0.1463055367,0.0019046837,0.5422035987,0.0028814411,0.0693933126,0.0015486076,0.2662587542,0.0006239347,0.1253563344,0.0014493066,0.0711326861,0.0006399276,0.6323063778,0.0015755299,80,96
invariant_mechanism_alignment,heldout_mechanism,5,0.6304687500,0.0137822071,0.6161895094,0.0150150745,0.5755096875,0.0016923707,0.1458034742,0.0019737085,0.5425688084,0.0028355499,0.0696745932,0.0015498189,0.2661584500,0.0005685772,0.1253177178,0.0014552765,0.0711325656,0.0006894586,0.6322513665,0.0015946319,80,96
invariant_mechanism_alignment,heldout_mechanism,6,0.6404947917,0.0116845007,0.6264585721,0.0128830206,0.5756892375,0.0015616875,0.1458016617,0.0019653060,0.5423912468,0.0026298166,0.0694118726,0.0015778114,0.2658579229,0.0005486267,0.1253113823,0.0014183632,0.0711404491,0.0006309619,0.6320642893,0.0016626077,80,96
invariant_mechanism_alignment,heldout_mechanism,7,0.6364583333,0.0121581251,0.6223747021,0.0129737183,0.5760438750,0.0015172462,0.1460499742,0.0019223934,0.5423800184,0.0026831652,0.0692697107,0.0015430211,0.2659793833,0.0004962474,0.1254133585,0.0013768864,0.0709272221,0.0005969151,0.6320763115,0.0017127274,80,96
invariant_mechanism_alignment,heldout_mechanism,8,0.6451822917,0.0127136505,0.6312565266,0.0139538088,0.5753479875,0.0016559918,0.1460481617,0.0018928404,0.5425526318,0.0028782954,0.0689553901,0.0015095034,0.2659221979,0.0005979486,0.1254007199,0.0013536788,0.0709351056,0.0006819842,0.6315190493,0.0016239966,80,96
invariant_mechanism_alignment,heldout_mechanism,9,0.6451822917,0.0121784173,0.6309267497,0.0134791012,0.5753524500,0.0015758504,0.1462964742,0.0018302953,0.5425414034,0.0029883886,0.0691907969,0.0015112051,0.2659871479,0.0006494539,0.1256027461,0.0013349434,0.0710220286,0.0006659534,0.6315030575,0.0016089425,80,96
invariant_mechanism_alignment,heldout_object,0,0.6505208333,0.0114271245,0.6445122629,0.0122749244,0.5805207000,0.0017503304,0.1409259202,0.0017352907,0.5461565353,0.0029108518,0.0668765519,0.0013982023,0.2632294833,0.0006544964,0.1183845488,0.0014321403,0.0680800872,0.0005874541,0.6413612508,0.0017292736,80,96
invariant_mechanism_alignment,heldout_object,1,0.6608072917,0.0116043531,0.6550294764,0.0122131810,0.5806792500,0.0017070448,0.1407840452,0.0019018373,0.5463130509,0.0028342546,0.0665903394,0.0013852172,0.2631414229,0.0006314702,0.1187540971,0.0014380441,0.0679266547,0.0005977816,0.6408687473,0.0018051913,80,96
invariant_mechanism_alignment,heldout_object,2,0.6597656250,0.0106134341,0.6536797421,0.0118130174,0.5804876250,0.0016420241,0.1411424202,0.0019572422,0.5462769703,0.0028462833,0.0666931257,0.0013915548,0.2631369188,0.0006269424,0.1189495234,0.0014354546,0.0680063387,0.0005812984,0.6409185148,0.0018355050,80,96
invariant_mechanism_alignment,heldout_object,3,0.6597656250,0.0120564933,0.6539521252,0.0132783283,0.5806461750,0.0015496485,0.1407504202,0.0019094274,0.5462671528,0.0027990811,0.0667246357,0.0013941083,0.2631928688,0.0005995040,0.1185104102,0.0014833466,0.0680740167,0.0006050767,0.6411413688,0.0017811419,80,96
invariant_mechanism_alignment,heldout_object,4,0.6507812500,0.0104444960,0.6444051053,0.0116743536,0.5799292875,0.0014215053,0.1409837327,0.0019853259,0.5462354494,0.0028319286,0.0670366738,0.0014454334,0.2635246750,0.0005987620,0.1187001299,0.0015224056,0.0681516997,0.0006296486,0.6410565690,0.0016598562,80,96
invariant_mechanism_alignment,heldout_object,5,0.6550781250,0.0117014227,0.6490632183,0.0131860816,0.5802629250,0.0014849748,0.1408418577,0.0020244508,0.5465670525,0.0028013743,0.0668582738,0.0015054809,0.2632953563,0.0006032817,0.1187663767,0.0014883336,0.0680733047,0.0006185589,0.6411783725,0.0016489206,80,96
invariant_mechanism_alignment,heldout_object,6,0.6563802083,0.0121629725,0.6503153368,0.0132837494,0.5798962125,0.0015642168,0.1408250452,0.0020602653,0.5460188409,0.0028949074,0.0666674969,0.0014819786,0.2633330771,0.0006216270,0.1186539879,0.0014911674,0.0679969107,0.0006693077,0.6410365443,0.0017071758,80,96
invariant_mechanism_alignment,heldout_object,7,0.6587239583,0.0118595865,0.6529123877,0.0129695205,0.5802298500,0.0016210585,0.1408082327,0.0020261324,0.5465211544,0.0028311439,0.0664579700,0.0015148456,0.2632811771,0.0006451312,0.1189228897,0.0014313704,0.0682206667,0.0006737870,0.6410507940,0.0016035066,80,96
invariant_mechanism_alignment,heldout_object,8,0.6507812500,0.0124337025,0.6448836954,0.0134193565,0.5807385750,0.0015547618,0.1407914202,0.0020552477,0.5466732928,0.0028737087,0.0668838244,0.0015126488,0.2632982500,0.0006021788,0.1186978446,0.0013881360,0.0683693852,0.0006817610,0.6410790508,0.0015691404,80,96
invariant_mechanism_alignment,heldout_object,9,0.6579427083,0.0117039588,0.6521926898,0.0130411522,0.5805469500,0.0015502216,0.1407746077,0.0019879046,0.5468254312,0.0028375223,0.0666626163,0.0015319174,0.2633289771,0.0006172189,0.1186728996,0.0013259862,0.0683680287,0.0007103369,0.6410512795,0.0015286969,80,96
invariant_mechanism_alignment,seen_corpus,0,0.6709635417,0.0126582799,0.6748236405,0.0135202899,0.5858568250,0.0017211288,0.1348856480,0.0018705737,0.5513529773,0.0030091379,0.0635097141,0.0014489062,0.2600440229,0.0005954003,0.1106875506,0.0014396395,0.0643053704,0.0006817065,0.6516420571,0.0017088575,80,96
invariant_mechanism_alignment,seen_corpus,1,0.6651041667,0.0112068247,0.6688530913,0.0126672843,0.5861694625,0.0017666175,0.1346037105,0.0019227879,0.5509681326,0.0030012150,0.0637204347,0.0014674446,0.2602480417,0.0005643238,0.1106483406,0.0013707127,0.0644408469,0.0007047341,0.6521587844,0.0017167071,80,96
invariant_mechanism_alignment,seen_corpus,2,0.6761718750,0.0133258550,0.6800930054,0.0140515016,0.5863070125,0.0018230727,0.1345718980,0.0019137559,0.5509247086,0.0029799564,0.0634188641,0.0014680957,0.2602901188,0.0005525091,0.1107142907,0.0013254144,0.0642801754,0.0006744742,0.6521462471,0.0017638916,80,96
invariant_mechanism_alignment,seen_corpus,3,0.6678385417,0.0103239359,0.6718352382,0.0115596322,0.5864445625,0.0017107822,0.1345400855,0.0018873399,0.5512314595,0.0029169460,0.0636165872,0.0015154512,0.2603036604,0.0005877874,0.1103737376,0.0013309650,0.0644946914,0.0006679562,0.6522337599,0.0016948657,80,96
invariant_mechanism_alignment,seen_corpus,4,0.6734375000,0.0110108965,0.6771368939,0.0122104149,0.5864070250,0.0016962022,0.1347583980,0.0018928639,0.5510041936,0.0030250406,0.0636560754,0.0015258696,0.2604223000,0.0006071105,0.1106543524,0.0013725878,0.0644880969,0.0006488285,0.6520921581,0.0016952799,80,96
invariant_mechanism_alignment,seen_corpus,5,0.6643229167,0.0106508486,0.6681924273,0.0118353051,0.5858442250,0.0016789438,0.1344764605,0.0018327965,0.5513196989,0.0029487989,0.0635502022,0.0015347590,0.2605218167,0.0006373018,0.1106025361,0.0014535514,0.0645485359,0.0006348384,0.6520386004,0.0016639186,80,96
invariant_mechanism_alignment,seen_corpus,6,0.6695312500,0.0136427197,0.6732724061,0.0146709453,0.5856316000,0.0016853440,0.1345697105,0.0018485936,0.5507466351,0.0030118912,0.0635129297,0.0015257450,0.2602707375,0.0006828196,0.1106836475,0.0013993944,0.0645399404,0.0005909453,0.6520905954,0.0017035794,80,96
invariant_mechanism_alignment,seen_corpus,7,0.6718750000,0.0133693701,0.6755679368,0.0140809385,0.5859442375,0.0015932659,0.1345378980,0.0019606875,0.5503530361,0.0029385214,0.0634434279,0.0014895199,0.2602848750,0.0006292478,0.1108559508,0.0014160441,0.0642291939,0.0005570097,0.6521921151,0.0017183941,80,96
invariant_mechanism_alignment,seen_corpus,8,0.6720052083,0.0123272544,0.6757427382,0.0135806277,0.5862568750,0.0016020506,0.1347562105,0.0019078466,0.5508261201,0.0029570438,0.0635063160,0.0014532465,0.2602549646,0.0006642374,0.1108238093,0.0014290519,0.0642976369,0.0005211585,0.6518784274,0.0017332496,80,96
invariant_mechanism_alignment,seen_corpus,9,0.6868489583,0.0107823633,0.6909640224,0.0116308092,0.5855189875,0.0015049169,0.1347243980,0.0019572044,0.5507826961,0.0028587769,0.0629867016,0.0013937239,0.2597939521,0.0006182540,0.1107897094,0.0014007089,0.0644371154,0.0005596002,0.6518959051,0.0017022885,80,96
invariant_mechanism_alignment,sparse_corpus,0,0.6303385417,0.0140195321,0.6046517458,0.0153926766,0.5687529500,0.0014567307,0.1542837551,0.0018879943,0.5373012461,0.0029198895,0.0729237441,0.0015051468,0.2699493854,0.0006582683,0.1333568966,0.0014717284,0.0759448076,0.0005984539,0.6166833607,0.0015807438,80,96
invariant_mechanism_alignment,sparse_corpus,1,0.6227864583,0.0127620641,0.5971460317,0.0140255960,0.5689045000,0.0014707085,0.1545120676,0.0018772673,0.5379630676,0.0029086394,0.0729065010,0.0014552257,0.2699579896,0.0005932398,0.1335299078,0.0014795317,0.0760194106,0.0006350310,0.6166643359,0.0016431947,80,96
invariant_mechanism_alignment,sparse_corpus,2,0.6171875000,0.0142134595,0.5916760896,0.0157010565,0.5688809625,0.0015180099,0.1543651926,0.0018645133,0.5386380208,0.0029313302,0.0729779135,0.0014909296,0.2700142875,0.0006405647,0.1336857993,0.0014948914,0.0760880106,0.0006293532,0.6166538154,0.0015424426,80,96
invariant_mechanism_alignment,sparse_corpus,3,0.6144531250,0.0121466936,0.5886749931,0.0134423751,0.5688574250,0.0014726960,0.1548436301,0.0018889030,0.5387658254,0.0029432664,0.0731916104,0.0014794157,0.2700304812,0.0006623640,0.1334794785,0.0013836716,0.0760915781,0.0006167053,0.6165057262,0.0016419148,80,96
invariant_mechanism_alignment,sparse_corpus,4,0.6221354167,0.0130193300,0.5964539083,0.0142556398,0.5691840625,0.0014607635,0.1549468801,0.0019090336,0.5387316742,0.0027828336,0.0729664316,0.0014879598,0.2698258042,0.0005580099,0.1338594895,0.0013684877,0.0759390676,0.0006336015,0.6168083622,0.0016608670,80,96
invariant_mechanism_alignment,sparse_corpus,5,0.6255208333,0.0126541434,0.5993874112,0.0136616454,0.5689854375,0.0015599788,0.1554253176,0.0019040606,0.5381591289,0.0028910196,0.0730699722,0.0014801600,0.2698313583,0.0005515799,0.1338658750,0.0013312906,0.0758675976,0.0006451056,0.6166462659,0.0016246066,80,96
invariant_mechanism_alignment,sparse_corpus,6,0.6196614583,0.0117856678,0.5933077526,0.0130721144,0.5691369875,0.0016227598,0.1556536301,0.0018560089,0.5379455129,0.0027773053,0.0730972979,0.0015627179,0.2699663396,0.0005500509,0.1339545941,0.0013861511,0.0758671631,0.0006617652,0.6169273912,0.0016264186,80,96
invariant_mechanism_alignment,sparse_corpus,7,0.6230468750,0.0134877091,0.5968385525,0.0148005653,0.5696387125,0.0016240258,0.1558819426,0.0018072736,0.5382571595,0.0027074382,0.0728081422,0.0015520435,0.2701219687,0.0005751327,0.1340338585,0.0013809337,0.0760168036,0.0006884489,0.6170364304,0.0016070849,80,96
invariant_mechanism_alignment,sparse_corpus,8,0.6207031250,0.0110562898,0.5944830981,0.0119787996,0.5697902625,0.0016656954,0.1557350676,0.0018905846,0.5382317626,0.0028229803,0.0729710360,0.0014755155,0.2702077313,0.0005622652,0.1339022063,0.0014165088,0.0758602911,0.0006579633,0.6174401169,0.0016189908,80,96
invariant_mechanism_alignment,sparse_corpus,9,0.6223958333,0.0128691439,0.5961501795,0.0140609073,0.5690663750,0.0018417043,0.1553380676,0.0018651558,0.5373396826,0.0029982081,0.0728936897,0.0015211436,0.2700118708,0.0006200300,0.1338749488,0.0013800142,0.0761500016,0.0006508870,0.6175886759,0.0016849021,80,96
invariant_mechanism_alignment,stale_memory,0,0.6166666667,0.0123934550,0.5825934353,0.0138449652,0.5647778625,0.0017629619,0.1634873229,0.0018535658,0.5355477662,0.0028410178,0.0747489376,0.0015344580,0.2736336167,0.0006299703,0.1368268697,0.0013185585,0.0804106172,0.0006627082,0.6030394896,0.0017329093,80,96
invariant_mechanism_alignment,stale_memory,1,0.6236979167,0.0120970781,0.5895731992,0.0132132114,0.5643971500,0.0017067289,0.1635855729,0.0017835247,0.5353317024,0.0028346072,0.0745321276,0.0014930641,0.2735851292,0.0005830869,0.1370058301,0.0012826169,0.0804801392,0.0006546106,0.6031817876,0.0017286825,80,96
invariant_mechanism_alignment,stale_memory,2,0.6114583333,0.0120753861,0.5770027935,0.0134925027,0.5647167875,0.0016848185,0.1635587604,0.0018191164,0.5349449284,0.0028230161,0.0747284757,0.0015055648,0.2738064333,0.0006444747,0.1373823355,0.0012933837,0.0803975852,0.0006369833,0.6032875674,0.0017078210,80,96
invariant_mechanism_alignment,stale_memory,3,0.6195312500,0.0128202343,0.5855570355,0.0141310265,0.5646862500,0.0016645242,0.1636570104,0.0018609400,0.5356043021,0.0027735033,0.0743428407,0.0014639449,0.2735182500,0.0006068886,0.1372453880,0.0013519131,0.0805421447,0.0006091455,0.6031577294,0.0017013272,80,96
invariant_mechanism_alignment,stale_memory,4,0.6204427083,0.0126329838,0.5865767794,0.0137071521,0.5636051875,0.0017337170,0.1633800729,0.0019284564,0.5357515449,0.0028364456,0.0741348864,0.0014617036,0.2736304771,0.0006435368,0.1372008255,0.0014234942,0.0805306262,0.0005985799,0.6031664606,0.0017580320,80,96
invariant_mechanism_alignment,stale_memory,5,0.6231770833,0.0126169520,0.5890532546,0.0141445495,0.5630493875,0.0015979421,0.1632281979,0.0019485895,0.5351940606,0.0027920034,0.0742780614,0.0015210583,0.2736421458,0.0006225752,0.1372746258,0.0014701298,0.0804460712,0.0005678704,0.6032097091,0.0017586829,80,96
invariant_mechanism_alignment,stale_memory,6,0.6131510417,0.0123473021,0.5789512194,0.0136157225,0.5630188500,0.0016432062,0.1632013854,0.0019668495,0.5355076365,0.0029152917,0.0742844907,0.0014664656,0.2739825354,0.0006210226,0.1374384249,0.0014818949,0.0805886297,0.0005459330,0.6033875249,0.0016934605,80,96
invariant_mechanism_alignment,stale_memory,7,0.6144531250,0.0128023119,0.5802067023,0.0136724836,0.5628132250,0.0015677403,0.1635497604,0.0019478274,0.5356329934,0.0030711159,0.0742633520,0.0013936825,0.2736390687,0.0006632586,0.1375224453,0.0015121052,0.0805120787,0.0005739299,0.6030285724,0.0016798981,80,96
invariant_mechanism_alignment,stale_memory,8,0.6177083333,0.0129197828,0.5835840924,0.0141245569,0.5631328625,0.0016259462,0.1631477604,0.0020600248,0.5354344384,0.0030832000,0.0741545307,0.0014285487,0.2737935208,0.0006621820,0.1377786293,0.0015000733,0.0803484842,0.0006388118,0.6029567634,0.0016730685,80,96
invariant_mechanism_alignment,stale_memory,9,0.6265625000,0.0128105844,0.5924833708,0.0141515922,0.5631023250,0.0016202600,0.1633710729,0.0020207411,0.5359143474,0.0031404483,0.0742888501,0.0014326248,0.2737195125,0.0006617279,0.1374504400,0.0014534775,0.0803449697,0.0006565250,0.6028194216,0.0016291091,80,96
invariant_mechanism_alignment,visually_aliased,0,0.6076822917,0.0128200735,0.5766895440,0.0141779747,0.5661685500,0.0017887059,0.1568473941,0.0019455182,0.5349659437,0.0031348473,0.0749226113,0.0014779142,0.2719499604,0.0005664875,0.1384613457,0.0014739189,0.0773995633,0.0006335665,0.6133708904,0.0017106574,80,96
invariant_mechanism_alignment,visually_aliased,1,0.6028645833,0.0147592453,0.5718601726,0.0162470348,0.5663411000,0.0017068790,0.1568405816,0.0020088926,0.5351317321,0.0031391819,0.0750738032,0.0015490971,0.2717792083,0.0006398939,0.1386447050,0.0015151301,0.0771792543,0.0005820068,0.6131795531,0.0017308838,80,96
invariant_mechanism_alignment,visually_aliased,2,0.6080729167,0.0114874256,0.5769126841,0.0125757349,0.5658133000,0.0015915364,0.1573340191,0.0019981507,0.5347547493,0.0030483136,0.0748544313,0.0014429838,0.2716181667,0.0006034343,0.1384601454,0.0014727779,0.0771920618,0.0005655805,0.6130022229,0.0016913338,80,96
invariant_mechanism_alignment,visually_aliased,3,0.6194010417,0.0122410793,0.5884045598,0.0135826931,0.5658107625,0.0016351089,0.1570770816,0.0019604455,0.5351043796,0.0029979757,0.0747725270,0.0014902349,0.2716715979,0.0006576882,0.1387289898,0.0014607579,0.0773429383,0.0006006694,0.6129119361,0.0016536495,80,96
invariant_mechanism_alignment,visually_aliased,4,0.6165364583,0.0123170844,0.5853933144,0.0131762627,0.5659833125,0.0016676954,0.1575705191,0.0019231462,0.5352526593,0.0030101253,0.0747735051,0.0014824780,0.2716235771,0.0006300312,0.1387350755,0.0014267768,0.0774307833,0.0006566789,0.6127906339,0.0015728112,80,96
invariant_mechanism_alignment,visually_aliased,5,0.6207031250,0.0141864908,0.5899509229,0.0156653940,0.5663309500,0.0017289528,0.1569383941,0.0018904510,0.5349150712,0.0028335425,0.0747192063,0.0016026847,0.2712520063,0.0006865962,0.1387993065,0.0014089302,0.0773505443,0.0006962134,0.6132511224,0.0015904455,80,96
invariant_mechanism_alignment,visually_aliased,6,0.6225260417,0.0107695100,0.5914791596,0.0121260426,0.5661533250,0.0016715142,0.1574318316,0.0018679965,0.5341879134,0.0026923607,0.0746358095,0.0015256167,0.2709882854,0.0006952195,0.1388211500,0.0013381155,0.0773633518,0.0007102326,0.6129017061,0.0016409028,80,96
invariant_mechanism_alignment,visually_aliased,7,0.6144531250,0.0134994402,0.5835200781,0.0151015376,0.5661507875,0.0017242718,0.1575500816,0.0019407766,0.5346994996,0.0027776452,0.0747793120,0.0015850853,0.2709381437,0.0007061161,0.1384036127,0.0012869852,0.0772200813,0.0006583660,0.6133892081,0.0016522602,80,96
invariant_mechanism_alignment,visually_aliased,8,0.6199218750,0.0135360342,0.5891944043,0.0148364147,0.5664984250,0.0017612824,0.1572931441,0.0019143573,0.5348740425,0.0027613414,0.0748028763,0.0015742088,0.2708484937,0.0007069570,0.1384755087,0.0012400925,0.0774459953,0.0006438232,0.6129267354,0.0016842812,80,96
invariant_mechanism_alignment,visually_aliased,9,0.6102864583,0.0119837892,0.5795003828,0.0131022994,0.5664958875,0.0016634907,0.1571612691,0.0019370368,0.5348691206,0.0028686086,0.0748069201,0.0015213519,0.2710453396,0.0006192888,0.1386563129,0.0012969127,0.0776739103,0.0006466873,0.6133291949,0.0016986571,80,96
language_episode_retrieval,combined_stress,0,0.3901041667,0.0175949724,0.1444017476,0.0203270913,0.3933378625,0.0015923505,0.4113286254,0.0034425761,0.3571300406,0.0030301067,0.1372844413,0.0017921327,0.1879181042,0.0006581188,0.2257366474,0.0014762764,0.1507679180,0.0007332031,0.5656006615,0.0016558159,80,96
language_episode_retrieval,combined_stress,1,0.3932291667,0.0163941953,0.1476379524,0.0191634998,0.3938325875,0.0016599516,0.4111767504,0.0033423362,0.3574479937,0.0029889640,0.1373455475,0.0017642193,0.1879243042,0.0006865726,0.2259947899,0.0014856929,0.1507584005,0.0007358620,0.5658280020,0.0016364993,80,96
language_episode_retrieval,combined_stress,2,0.4088541667,0.0205919755,0.1634643903,0.0236442092,0.3938020500,0.0017670989,0.4111499379,0.0034180975,0.3574113947,0.0029528781,0.1371153707,0.0018534505,0.1876804667,0.0007642531,0.2260648421,0.0015252097,0.1506758465,0.0006649553,0.5658057177,0.0017211412,80,96
language_episode_retrieval,combined_stress,3,0.3889322917,0.0198364444,0.1432999751,0.0228071759,0.3930711625,0.0017569292,0.4109980629,0.0034280427,0.3573791728,0.0028563335,0.1373662082,0.0018359751,0.1880843604,0.0007226320,0.2257289877,0.0013768409,0.1508164040,0.0006737281,0.5657349092,0.0017898207,80,96
language_episode_retrieval,combined_stress,4,0.3902343750,0.0175688771,0.1441910766,0.0202572953,0.3928655375,0.0017033494,0.4112213754,0.0033542916,0.3568085569,0.0028664277,0.1374113525,0.0017583868,0.1881911187,0.0007042564,0.2260200079,0.0013930435,0.1510380020,0.0006880989,0.5655835605,0.0018527612,80,96
language_episode_retrieval,combined_stress,5,0.3972656250,0.0204287572,0.1515241628,0.0233585807,0.3933602625,0.0016873389,0.4111945629,0.0033419230,0.3567719578,0.0028496153,0.1371107507,0.0018027388,0.1879925562,0.0007808342,0.2260900601,0.0013675833,0.1509554480,0.0006887684,0.5656032972,0.0017946377,80,96
language_episode_retrieval,combined_stress,6,0.3899739583,0.0176247248,0.1441607312,0.0202009310,0.3935048125,0.0016466946,0.4115429379,0.0034501519,0.3568973147,0.0027706701,0.1370191869,0.0017040143,0.1881445896,0.0007004117,0.2259739805,0.0014289655,0.1508788970,0.0006452643,0.5655725087,0.0017916664,80,96
language_episode_retrieval,combined_stress,7,0.4014322917,0.0192183434,0.1557172879,0.0220817676,0.3924237500,0.0016784979,0.4115161254,0.0034668795,0.3572108906,0.0027723310,0.1367889725,0.0017404660,0.1880341229,0.0007663049,0.2260377296,0.0014828115,0.1510214555,0.0006369620,0.5655662325,0.0018413907,80,96
language_episode_retrieval,combined_stress,8,0.3970052083,0.0175352455,0.1511431370,0.0203321003,0.3922181250,0.0016045994,0.4111141254,0.0034851192,0.3566621606,0.0027459708,0.1369685075,0.0017147427,0.1881460521,0.0006984752,0.2261001168,0.0015076491,0.1510829735,0.0006070965,0.5655524525,0.0018466757,80,96
language_episode_retrieval,combined_stress,9,0.3953125000,0.0186998434,0.1496429704,0.0217204049,0.3914872375,0.0016200517,0.4107121254,0.0035403552,0.3571639556,0.0028460148,0.1367986738,0.0017738092,0.1883697750,0.0007467358,0.2262436444,0.0015587831,0.1509944165,0.0005806662,0.5657968015,0.0017795129,80,96
language_episode_retrieval,cross_embodiment,0,0.4476562500,0.0168680101,0.2296909488,0.0194982785,0.4035934375,0.0014733894,0.3805394485,0.0034810395,0.3663385818,0.0028422357,0.1302191364,0.0017012325,0.1806975625,0.0006308718,0.2124677807,0.0014326125,0.1429566062,0.0006432269,0.5903984081,0.0017344826,80,96
language_episode_retrieval,cross_embodiment,1,0.4502604167,0.0147126966,0.2320156377,0.0173044224,0.4037449875,0.0015350095,0.3810178860,0.0034759200,0.3657660365,0.0028514310,0.1301116270,0.0017198608,0.1807890917,0.0005929698,0.2123741162,0.0014746296,0.1426600237,0.0006515054,0.5902643258,0.0017185036,80,96
language_episode_retrieval,cross_embodiment,2,0.4539062500,0.0157803420,0.2353788300,0.0184697867,0.4037214500,0.0015822352,0.3814963235,0.0034719562,0.3655436662,0.0028007903,0.1299103301,0.0017640659,0.1810161125,0.0006171927,0.2125742986,0.0014599760,0.1426635912,0.0006571814,0.5904163866,0.0017258877,80,96
language_episode_retrieval,cross_embodiment,3,0.4523437500,0.0163267701,0.2339649094,0.0189964696,0.4036979125,0.0016388565,0.3815995735,0.0033595945,0.3660347774,0.0028057233,0.1299265951,0.0017531064,0.1809408625,0.0006543989,0.2123445548,0.0014961203,0.1425861182,0.0006782026,0.5904909086,0.0017072751,80,96
language_episode_retrieval,cross_embodiment,4,0.4542968750,0.0158417413,0.2358634889,0.0184210921,0.4038494625,0.0016789074,0.3815777610,0.0034109547,0.3658299159,0.0027597159,0.1300208995,0.0017481081,0.1808163938,0.0006811927,0.2124218608,0.0014790951,0.1427317567,0.0007059561,0.5908870913,0.0017174770,80,96
language_episode_retrieval,cross_embodiment,5,0.4524739583,0.0164758373,0.2340458539,0.0191487047,0.4038259250,0.0017975921,0.3811807610,0.0034282814,0.3651129234,0.0029661775,0.1299317970,0.0017208437,0.1809699021,0.0007429996,0.2123914516,0.0014626536,0.1427213172,0.0007073301,0.5911917283,0.0017565555,80,96
language_episode_retrieval,cross_embodiment,6,0.4522135417,0.0163224015,0.2335808989,0.0190329265,0.4031020375,0.0018591207,0.3810338860,0.0034864067,0.3647373515,0.0029646584,0.1299071158,0.0016901003,0.1811015354,0.0007565044,0.2125662525,0.0014700867,0.1428649547,0.0006683426,0.5913252798,0.0018418855,80,96
language_episode_retrieval,cross_embodiment,7,0.4582031250,0.0164343522,0.2392793029,0.0192167127,0.4032535875,0.0019019225,0.3812621985,0.0035179591,0.3641735606,0.0031017037,0.1301713851,0.0016920251,0.1810706313,0.0007726824,0.2122610748,0.0014283754,0.1426394077,0.0006580784,0.5914063051,0.0018620351,80,96
language_episode_retrieval,cross_embodiment,8,0.4563802083,0.0179666290,0.2374642150,0.0204886585,0.4035802250,0.0018353256,0.3812403860,0.0034634393,0.3641437865,0.0030888631,0.1300335083,0.0017068824,0.1812991771,0.0007622499,0.2124352792,0.0014341915,0.1427850462,0.0006397442,0.5910160948,0.0018165610,80,96
language_episode_retrieval,cross_embodiment,9,0.4592447917,0.0162190336,0.2408722484,0.0187805523,0.4037317750,0.0017384319,0.3805932610,0.0035226835,0.3643109859,0.0030615796,0.1299925970,0.0016827072,0.1810118729,0.0007197487,0.2121775990,0.0015173078,0.1428456422,0.0006795773,0.5909495463,0.0017731481,80,96
language_episode_retrieval,heldout_mechanism,0,0.4792968750,0.0155305929,0.2722109751,0.0180879492,0.4077768250,0.0016490005,0.3687087014,0.0035193259,0.3687179505,0.0028536513,0.1270070028,0.0016122566,0.1781472437,0.0007044581,0.2063883185,0.0015304354,0.1396344367,0.0006067455,0.5999300739,0.0019325098,80,96
language_episode_retrieval,heldout_mechanism,1,0.4838541667,0.0142616378,0.2770725495,0.0168594794,0.4079353750,0.0015562390,0.3681916389,0.0034719625,0.3685374226,0.0027590871,0.1268726897,0.0016210457,0.1782144292,0.0006429466,0.2062468001,0.0015479541,0.1397751512,0.0006191733,0.6001604317,0.0018785151,80,96
language_episode_retrieval,heldout_mechanism,2,0.4829427083,0.0159981382,0.2758005914,0.0189037886,0.4072184875,0.0014278334,0.3685500139,0.0035467281,0.3686764295,0.0028411402,0.1269731322,0.0017058123,0.1782831396,0.0006643499,0.2064390749,0.0015886410,0.1397047602,0.0006488360,0.6000681282,0.0017557655,80,96
language_episode_retrieval,heldout_mechanism,3,0.4792968750,0.0160814064,0.2724054908,0.0183739156,0.4075521250,0.0014921613,0.3682830764,0.0036391163,0.3690124098,0.0028077856,0.1269289466,0.0016779714,0.1783150938,0.0006681971,0.2064996151,0.0015577975,0.1397744392,0.0006403012,0.6002974854,0.0017186820,80,96
language_episode_retrieval,heldout_mechanism,4,0.4783854167,0.0154722221,0.2713700284,0.0177912161,0.4073605000,0.0015879652,0.3683913264,0.0036291220,0.3684598211,0.0029054715,0.1267867678,0.0017055088,0.1783838042,0.0006443764,0.2063929329,0.0015585899,0.1397000462,0.0007050038,0.6000621104,0.0018053006,80,96
language_episode_retrieval,heldout_mechanism,5,0.4808593750,0.0182844805,0.2740362821,0.0210784860,0.4075190500,0.0016291603,0.3683745139,0.0035926407,0.3689621345,0.0028424273,0.1267249722,0.0017946639,0.1782550438,0.0007116201,0.2065617847,0.0014871903,0.1398487647,0.0006917503,0.6001624032,0.0017112666,80,96
language_episode_retrieval,heldout_mechanism,6,0.4848958333,0.0162787276,0.2781926621,0.0189921534,0.4080277750,0.0015624738,0.3683577014,0.0036223335,0.3691142730,0.0028856409,0.1268601641,0.0017502543,0.1781794458,0.0006796877,0.2063367396,0.0014352900,0.1399224457,0.0007024424,0.6000906099,0.0016665925,80,96
language_episode_retrieval,heldout_mechanism,7,0.4761718750,0.0166405455,0.2693373935,0.0192820941,0.4078361500,0.0015560322,0.3685910139,0.0036327570,0.3692576570,0.0028506392,0.1268673647,0.0017954083,0.1783575313,0.0006541659,0.2062231578,0.0014457838,0.1399250912,0.0007315193,0.6000478312,0.0016297789,80,96
language_episode_retrieval,heldout_mechanism,8,0.4830729167,0.0147368845,0.2762197079,0.0173529084,0.4078196125,0.0016185893,0.3684491389,0.0035546458,0.3688889101,0.0030407927,0.1267921647,0.0017532541,0.1782418292,0.0006538046,0.2065021109,0.0014412527,0.1399217337,0.0006729998,0.6000415707,0.0016616611,80,96
language_episode_retrieval,heldout_mechanism,9,0.4834635417,0.0159256202,0.2765230974,0.0185628962,0.4079781625,0.0016734416,0.3685573889,0.0035073193,0.3683363214,0.0032341324,0.1268516610,0.0017843727,0.1780671979,0.0006802537,0.2062953787,0.0013979944,0.1396222282,0.0006496189,0.6000343097,0.0016382986,80,96
language_episode_retrieval,heldout_object,0,0.5079427083,0.0150156210,0.3136633203,0.0173156706,0.4128348250,0.0017084427,0.3551447959,0.0034490060,0.3731469496,0.0030399444,0.1234213670,0.0017220004,0.1755083271,0.0007005044,0.1993161207,0.0015165715,0.1364931142,0.0006672940,0.6098718982,0.0017492498,80,96
language_episode_retrieval,heldout_object,1,0.5048177083,0.0145729223,0.3105708893,0.0169781040,0.4122720250,0.0016898526,0.3547377959,0.0034152614,0.3729415696,0.0029425694,0.1234240395,0.0017056656,0.1755239896,0.0007081291,0.1993681026,0.0014589314,0.1365515522,0.0006522501,0.6099258942,0.0017652488,80,96
language_episode_retrieval,heldout_object,2,0.5191406250,0.0148041719,0.3249908852,0.0173531492,0.4120594000,0.0016177481,0.3548310459,0.0034762055,0.3725435934,0.0029797635,0.1230726295,0.0016995515,0.1752953813,0.0007112801,0.1994460624,0.0015185133,0.1366930317,0.0006676911,0.6098778392,0.0017813155,80,96
language_episode_retrieval,heldout_object,3,0.5154947917,0.0154987090,0.3212096989,0.0180550333,0.4123720375,0.0016062440,0.3549242959,0.0035094168,0.3724957921,0.0029518345,0.1231947320,0.0016667071,0.1753933729,0.0007608545,0.1995177191,0.0014900843,0.1364593237,0.0005903457,0.6099718552,0.0017799752,80,96
language_episode_retrieval,heldout_object,4,0.5003906250,0.0181068651,0.3059836214,0.0204817050,0.4126846750,0.0016131435,0.3550175459,0.0034977535,0.3727981659,0.0029053119,0.1235230845,0.0016609489,0.1754266687,0.0007264112,0.1994830226,0.0014614538,0.1363006532,0.0005538106,0.6096656712,0.0018028628,80,96
language_episode_retrieval,heldout_object,5,0.5121093750,0.0159494160,0.3179536728,0.0184782848,0.4121218750,0.0014647874,0.3549857334,0.0035859921,0.3725796543,0.0029058900,0.1229846826,0.0016442381,0.1752345188,0.0006892421,0.1995521242,0.0014774019,0.1363650942,0.0005450241,0.6098972560,0.0018039001,80,96
language_episode_retrieval,heldout_object,6,0.5089843750,0.0156711638,0.3148532301,0.0176643820,0.4126096000,0.0015455591,0.3547037959,0.0035457485,0.3725449846,0.0029465063,0.1232212220,0.0016208044,0.1751751438,0.0006791586,0.1997067111,0.0014700145,0.1365005707,0.0006077809,0.6098276902,0.0017258479,80,96
language_episode_retrieval,heldout_object,7,0.5087239583,0.0148974376,0.3147932084,0.0173407030,0.4125720625,0.0014700270,0.3545469209,0.0035283214,0.3732062878,0.0029218179,0.1232648782,0.0016943183,0.1751507021,0.0007010691,0.1997543483,0.0014906315,0.1365630107,0.0006661106,0.6100087497,0.0017419635,80,96
language_episode_retrieval,heldout_object,8,0.4966145833,0.0163792024,0.3021528644,0.0191862932,0.4123594375,0.0015280788,0.3548902959,0.0035727665,0.3727995571,0.0029809449,0.1235568332,0.0017047600,0.1755172583,0.0007548077,0.1995435713,0.0015646563,0.1364833797,0.0006304310,0.6098456372,0.0016906945,80,96
language_episode_retrieval,heldout_object,9,0.5153645833,0.0155071381,0.3212172560,0.0178026712,0.4126720750,0.0016147541,0.3548584834,0.0035205029,0.3731063081,0.0029747026,0.1232670563,0.0016758398,0.1753017083,0.0007066050,0.1998033182,0.0015260398,0.1363977457,0.0006838196,0.6096470070,0.0017034907,80,96
language_episode_retrieval,seen_corpus,0,0.5514322917,0.0146289359,0.3725417399,0.0169510409,0.4180208000,0.0015527690,0.3384834285,0.0033991821,0.3776895425,0.0028797649,0.1193571212,0.0017014341,0.1715606729,0.0006614999,0.1906669425,0.0014917132,0.1324841099,0.0006887425,0.6213925083,0.0017127047,80,96
language_episode_retrieval,seen_corpus,1,0.5417968750,0.0174352855,0.3626416762,0.0195608529,0.4179622625,0.0016059584,0.3383115535,0.0034478684,0.3771047581,0.0029408850,0.1196345150,0.0016669882,0.1718085562,0.0006655741,0.1904241843,0.0014813192,0.1326123474,0.0007277727,0.6214607378,0.0017193367,80,96
language_episode_retrieval,seen_corpus,2,0.5423177083,0.0137504362,0.3633538877,0.0158454408,0.4180788125,0.0015846001,0.3381396785,0.0035318868,0.3773954113,0.0028587262,0.1194289462,0.0016632048,0.1719892896,0.0006186608,0.1905658681,0.0015101833,0.1325154724,0.0006766808,0.6212428243,0.0017642223,80,96
language_episode_retrieval,seen_corpus,3,0.5492187500,0.0168523624,0.3703275909,0.0193234633,0.4181953625,0.0017383066,0.3385931160,0.0035269333,0.3776641784,0.0029098523,0.1191523056,0.0017252376,0.1718555875,0.0007195420,0.1906360350,0.0014796684,0.1325786774,0.0006292035,0.6211874920,0.0018391635,80,96
language_episode_retrieval,seen_corpus,4,0.5505208333,0.0142440531,0.3716294611,0.0161394879,0.4181368250,0.0018001480,0.3385463035,0.0035156882,0.3777753669,0.0031117230,0.1190164662,0.0016164176,0.1721004208,0.0006727691,0.1907865771,0.0014394847,0.1327839534,0.0006378018,0.6212482178,0.0018249818,80,96
language_episode_retrieval,seen_corpus,5,0.5533854167,0.0131523921,0.3747991524,0.0156049563,0.4172028500,0.0017707891,0.3381243035,0.0034796882,0.3782498619,0.0030792006,0.1187512012,0.0017076453,0.1721733042,0.0007322272,0.1908136461,0.0014173450,0.1326080389,0.0006449054,0.6209612698,0.0017671189,80,96
language_episode_retrieval,seen_corpus,6,0.5501302083,0.0133105028,0.3716484072,0.0155641398,0.4176695750,0.0016994128,0.3380774910,0.0034237332,0.3783610503,0.0029951616,0.1186973931,0.0016428156,0.1721817896,0.0007344654,0.1909641882,0.0014071595,0.1327382774,0.0006457948,0.6212641165,0.0017211682,80,96
language_episode_retrieval,seen_corpus,7,0.5464843750,0.0149306055,0.3677238945,0.0172200596,0.4179612125,0.0016764681,0.3385309285,0.0034492707,0.3782796425,0.0030189725,0.1186856337,0.0016641454,0.1722707813,0.0007176199,0.1912407582,0.0013672903,0.1326514074,0.0006767516,0.6212227913,0.0017280654,80,96
language_episode_retrieval,seen_corpus,8,0.5563802083,0.0145627354,0.3779392574,0.0167761102,0.4180777625,0.0016441621,0.3384841160,0.0033775884,0.3782157434,0.0030549090,0.1183951069,0.0016493089,0.1720951521,0.0007052090,0.1909942518,0.0014937002,0.1326315709,0.0006442501,0.6210974240,0.0017885045,80,96
language_episode_retrieval,seen_corpus,9,0.5432291667,0.0142902821,0.3643226159,0.0168102781,0.4181943125,0.0016143774,0.3389375535,0.0034046228,0.3781343356,0.0031024788,0.1187045162,0.0016854290,0.1719420292,0.0006854942,0.1914709219,0.0014970997,0.1326947759,0.0006530652,0.6209420418,0.0017625852,80,96
language_episode_retrieval,sparse_corpus,0,0.4407552083,0.0176088132,0.2161486600,0.0203256261,0.4010523750,0.0016354617,0.3878893817,0.0035516194,0.3637735116,0.0028896190,0.1313652755,0.0017493393,0.1831051146,0.0007527841,0.2156620490,0.0015092325,0.1449618726,0.0007060072,0.5848216271,0.0018646840,80,96
language_episode_retrieval,sparse_corpus,1,0.4425781250,0.0156511595,0.2181632348,0.0182543257,0.4010078375,0.0014908351,0.3879776317,0.0035882864,0.3640690604,0.0028860684,0.1313105530,0.0016572026,0.1826733188,0.0006683627,0.2157233003,0.0015273970,0.1445750096,0.0007278345,0.5846832691,0.0017980593,80,96
language_episode_retrieval,sparse_corpus,2,0.4401041667,0.0181906555,0.2155732479,0.0206814867,0.4009633000,0.0015521485,0.3880658817,0.0035919873,0.3638393466,0.0028882797,0.1312581367,0.0017318278,0.1829019792,0.0006781235,0.2155939064,0.0015397678,0.1444882966,0.0007325739,0.5843448111,0.0017185845,80,96
language_episode_retrieval,sparse_corpus,3,0.4515625000,0.0145555154,0.2270753720,0.0171949037,0.4005685875,0.0016039115,0.3882791942,0.0035616920,0.3639554307,0.0029439632,0.1311888061,0.0016709479,0.1826354375,0.0006505950,0.2154639160,0.0015186557,0.1444035846,0.0007205617,0.5846711853,0.0016771490,80,96
language_episode_retrieval,sparse_corpus,4,0.4429687500,0.0162668722,0.2183698734,0.0188521113,0.4008742250,0.0014777648,0.3879922567,0.0035604560,0.3630384985,0.0030690822,0.1313703580,0.0016560151,0.1824245125,0.0007355787,0.2155301086,0.0015426537,0.1443108686,0.0006939863,0.5847834526,0.0016410625,80,96
language_episode_retrieval,sparse_corpus,5,0.4423177083,0.0165401629,0.2174744359,0.0193462750,0.4010047750,0.0016060754,0.3883306317,0.0035585321,0.3628000304,0.0030638666,0.1316027880,0.0016752659,0.1821774271,0.0007405296,0.2155121779,0.0015780477,0.1443031951,0.0006920263,0.5848441941,0.0016542996,80,96
language_episode_retrieval,sparse_corpus,6,0.4406250000,0.0163009965,0.2160286135,0.0191538249,0.4009602375,0.0016962241,0.3879186317,0.0035168614,0.3632881754,0.0029881901,0.1317264042,0.0017098518,0.1822450750,0.0007670909,0.2153473513,0.0014868399,0.1443585531,0.0006577628,0.5852361011,0.0016749286,80,96
language_episode_retrieval,sparse_corpus,7,0.4490885417,0.0146588873,0.2245683405,0.0173238717,0.4014409625,0.0016801774,0.3877567567,0.0034513251,0.3627170410,0.0029615085,0.1316096792,0.0016898190,0.1822455729,0.0007072778,0.2153128973,0.0014361316,0.1442678381,0.0006542967,0.5848546216,0.0016969989,80,96
language_episode_retrieval,sparse_corpus,8,0.4450520833,0.0175577285,0.2206169452,0.0202631789,0.4010462500,0.0016770017,0.3875948817,0.0034002958,0.3628462566,0.0028965475,0.1316429167,0.0017679974,0.1821959583,0.0007328671,0.2151657871,0.0014879217,0.1444772731,0.0006321258,0.5851034571,0.0017008137,80,96
language_episode_retrieval,sparse_corpus,9,0.4460937500,0.0149121788,0.2216780493,0.0176166941,0.4011768000,0.0016914067,0.3874330067,0.0034454806,0.3628003848,0.0028329746,0.1316597855,0.0017166270,0.1823003625,0.0006590136,0.2152219284,0.0015401377,0.1446867081,0.0006711024,0.5847940136,0.0017484447,80,96
language_episode_retrieval,stale_memory,0,0.4171875000,0.0172581265,0.1820763057,0.0200176534,0.3955702750,0.0016891372,0.4004042318,0.0035998378,0.3609223869,0.0029517183,0.1339300087,0.0017438051,0.1863570625,0.0006473413,0.2185396875,0.0015358755,0.1492099877,0.0007312205,0.5704976181,0.0017019874,80,96
language_episode_retrieval,stale_memory,1,0.4188802083,0.0181586977,0.1835398193,0.0210511799,0.3956938250,0.0016146732,0.4004874818,0.0035904973,0.3605107606,0.0030469315,0.1340243550,0.0017471640,0.1864493521,0.0006300843,0.2186094430,0.0015822423,0.1491952322,0.0006904241,0.5705691071,0.0017275062,80,96
language_episode_retrieval,stale_memory,2,0.4265625000,0.0171276951,0.1914166398,0.0201143365,0.3951170250,0.0018032999,0.4003206068,0.0034729172,0.3606331513,0.0030384293,0.1338433050,0.0017849147,0.1862326750,0.0007382290,0.2186583306,0.0015669857,0.1493265497,0.0006691361,0.5705995756,0.0017208169,80,96
language_episode_retrieval,stale_memory,3,0.4264322917,0.0159779241,0.1915654931,0.0187569035,0.3955907500,0.0017644472,0.4002787943,0.0033781500,0.3609262522,0.0029642090,0.1335114844,0.0016720900,0.1865005604,0.0007012744,0.2186097232,0.0014952896,0.1490846807,0.0005936370,0.5704064323,0.0016801751,80,96
language_episode_retrieval,stale_memory,4,0.4312500000,0.0170222430,0.1965859062,0.0196662077,0.3957143000,0.0017849323,0.3998617943,0.0033674885,0.3612324847,0.0029182462,0.1335145631,0.0016722577,0.1866241375,0.0007112441,0.2187440960,0.0014604676,0.1490619212,0.0006344799,0.5706079863,0.0017311998,80,96
language_episode_retrieval,stale_memory,5,0.4214843750,0.0188020038,0.1865139834,0.0216700528,0.3958378500,0.0017613173,0.3999450443,0.0034312226,0.3611710334,0.0027915306,0.1336650844,0.0016902621,0.1868768437,0.0007719955,0.2191076984,0.0014520196,0.1491972407,0.0006567633,0.5704793753,0.0017561212,80,96
language_episode_retrieval,stale_memory,6,0.4217447917,0.0167779103,0.1869694180,0.0194179747,0.3961364875,0.0017088396,0.4000282943,0.0034490636,0.3614597572,0.0029018935,0.1333349869,0.0017224687,0.1869141479,0.0006687421,0.2193649476,0.0014395291,0.1491074477,0.0006011075,0.5704648213,0.0018212956,80,96
language_episode_retrieval,stale_memory,7,0.4218750000,0.0165483604,0.1871694187,0.0192953431,0.3957347750,0.0015746804,0.4001115443,0.0034683034,0.3613983059,0.0030063450,0.1331573081,0.0017549913,0.1866531250,0.0007543821,0.2194284000,0.0014918591,0.1491677297,0.0005935190,0.5701941393,0.0018543675,80,96
language_episode_retrieval,stale_memory,8,0.4217447917,0.0152671792,0.1869597246,0.0182782284,0.3960334125,0.0014963969,0.4004449193,0.0034762268,0.3613281003,0.0031280067,0.1331519006,0.0018023154,0.1865458229,0.0007445841,0.2194032156,0.0014720006,0.1493070512,0.0006532698,0.5701645778,0.0018190024,80,96
language_episode_retrieval,stale_memory,9,0.4350260417,0.0181024935,0.2006962790,0.0207591159,0.3963320500,0.0014298357,0.4002780443,0.0034613805,0.3616255784,0.0030903025,0.1329451069,0.0017789966,0.1861757229,0.0007550512,0.2193489016,0.0014872624,0.1492882937,0.0006637406,0.5704651813,0.0017706059,80,96
language_episode_retrieval,visually_aliased,0,0.4126302083,0.0171530677,0.1801255788,0.0200174527,0.3983309500,0.0014574901,0.3957862947,0.0034637258,0.3605892572,0.0029254123,0.1341523719,0.0017184514,0.1839229271,0.0007153972,0.2203431766,0.0015478523,0.1461430857,0.0006284185,0.5799993483,0.0016978233,80,96
language_episode_retrieval,visually_aliased,1,0.4247395833,0.0190910482,0.1925879936,0.0218557000,0.3984825000,0.0014718539,0.3955143572,0.0034808071,0.3610935000,0.0029399025,0.1339713175,0.0017374675,0.1839564208,0.0007404634,0.2203964631,0.0015528188,0.1462096847,0.0006686049,0.5799102886,0.0017185679,80,96
language_episode_retrieval,visually_aliased,2,0.4182291667,0.0175619541,0.1859249013,0.0201716731,0.3984589625,0.0015196687,0.3958677322,0.0034475597,0.3615758569,0.0029397868,0.1341691913,0.0017035138,0.1841005167,0.0007534515,0.2201781325,0.0014329845,0.1462862887,0.0006225328,0.5798697531,0.0016971727,80,96
language_episode_retrieval,visually_aliased,3,0.4169270833,0.0166911278,0.1843578803,0.0195748676,0.3982603375,0.0014685348,0.3962211072,0.0035246657,0.3615329512,0.0028764947,0.1341982775,0.0017266420,0.1838715458,0.0006490980,0.2206696067,0.0014387013,0.1465129677,0.0006407672,0.5800153106,0.0017388291,80,96
language_episode_retrieval,visually_aliased,4,0.4221354167,0.0160093944,0.1894040253,0.0186611355,0.3984118875,0.0015274359,0.3963243572,0.0034844357,0.3609735375,0.0028202565,0.1341677050,0.0017203715,0.1840016542,0.0006380672,0.2205588224,0.0014403550,0.1460603072,0.0006542575,0.5798036896,0.0017130132,80,96
language_episode_retrieval,visually_aliased,5,0.4188802083,0.0167649326,0.1859048687,0.0196446837,0.3985634375,0.0015609708,0.3968027947,0.0034805245,0.3607511672,0.0028506472,0.1340155894,0.0017959987,0.1841001771,0.0006200460,0.2207590048,0.0014572186,0.1461389122,0.0006746255,0.5800698073,0.0017386959,80,96
language_episode_retrieval,visually_aliased,6,0.4053385417,0.0170979940,0.1722602073,0.0197981252,0.3987149875,0.0016235035,0.3970311072,0.0033918367,0.3610628137,0.0027866719,0.1341811963,0.0017700803,0.1841926354,0.0006818823,0.2206381692,0.0014547543,0.1459884027,0.0006839758,0.5803509326,0.0016765203,80,96
language_episode_retrieval,visually_aliased,7,0.4180989583,0.0171540290,0.1851093577,0.0200094807,0.3986914500,0.0016395062,0.3971343572,0.0033701814,0.3613788375,0.0027606290,0.1341647613,0.0017672655,0.1840669396,0.0007325718,0.2206116770,0.0014825710,0.1462110797,0.0007187640,0.5804254546,0.0017073743,80,96
language_episode_retrieval,visually_aliased,8,0.4188802083,0.0165391660,0.1858658137,0.0193636204,0.3986679125,0.0017691874,0.3966122947,0.0034234893,0.3603160472,0.0029802394,0.1340950669,0.0017766807,0.1841089521,0.0007252903,0.2206819144,0.0014481797,0.1461986392,0.0007084911,0.5808376453,0.0017300333,80,96
language_episode_retrieval,visually_aliased,9,0.4218750000,0.0182467689,0.1887827484,0.0208690557,0.3981191125,0.0018503484,0.3965904822,0.0034381449,0.3601111856,0.0029396523,0.1339455088,0.0017214460,0.1841950125,0.0007640810,0.2207592204,0.0014351241,0.1462692402,0.0006735969,0.5808776501,0.0018350405,80,96
learned_expected_utility_retrieval,combined_stress,0,0.6371093750,0.0130621621,0.6159021098,0.0144553606,0.5825376750,0.0017203576,0.1468558169,0.0018400906,0.5591092514,0.0029465681,0.0721393634,0.0015647572,0.2895516062,0.0005720712,0.1335521952,0.0014691809,0.0756139781,0.0006347587,0.6365177150,0.0017313873,80,96
learned_expected_utility_retrieval,combined_stress,1,0.6372395833,0.0131844473,0.6158051498,0.0143614148,0.5823880500,0.0015924709,0.1469940669,0.0018366493,0.5589477877,0.0029562604,0.0722236472,0.0015346842,0.2896987708,0.0005848743,0.1335638728,0.0015242104,0.0759332526,0.0006430576,0.6364079500,0.0015894337,80,96
learned_expected_utility_retrieval,combined_stress,2,0.6338541667,0.0109929117,0.6119307598,0.0120527014,0.5818882500,0.0015307761,0.1473824419,0.0017934402,0.5579021320,0.0027880710,0.0722386459,0.0014700500,0.2897450792,0.0005853856,0.1334026215,0.0014020592,0.0756562291,0.0006535239,0.6363552135,0.0016015853,80,96
learned_expected_utility_retrieval,combined_stress,3,0.6411458333,0.0126071465,0.6195704360,0.0137681193,0.5822638875,0.0015341593,0.1470204419,0.0017682179,0.5582834395,0.0029748267,0.0721590059,0.0014237181,0.2897919833,0.0006060680,0.1333820180,0.0014401105,0.0758924621,0.0006140421,0.6368177345,0.0016008112,80,96
learned_expected_utility_retrieval,combined_stress,4,0.6407552083,0.0132254980,0.6188618592,0.0146321708,0.5819391750,0.0016180875,0.1471586919,0.0017542422,0.5577718008,0.0028983043,0.0723277022,0.0014614985,0.2896462896,0.0006902533,0.1335000487,0.0013499398,0.0759866241,0.0005840743,0.6367940125,0.0016324300,80,96
learned_expected_utility_retrieval,combined_stress,5,0.6304687500,0.0142434743,0.6089185369,0.0156655794,0.5824899000,0.0016776887,0.1466716294,0.0018383046,0.5579823980,0.0028735891,0.0721805266,0.0015212298,0.2898642500,0.0006976670,0.1335769402,0.0014245420,0.0758456686,0.0006220784,0.6370779442,0.0017076199,80,96
learned_expected_utility_retrieval,combined_stress,6,0.6352864583,0.0130371438,0.6139427086,0.0141861124,0.5826904500,0.0016786277,0.1463096294,0.0017867381,0.5583637055,0.0029681590,0.0721454178,0.0014864586,0.2898707521,0.0006717028,0.1339565366,0.0013931386,0.0757817516,0.0006377578,0.6370262082,0.0017005625,80,96
learned_expected_utility_retrieval,combined_stress,7,0.6463541667,0.0119959257,0.6252598039,0.0131975090,0.5828910000,0.0016733585,0.1463228169,0.0017570470,0.5585567939,0.0029577041,0.0720240722,0.0015080972,0.2898647917,0.0007087413,0.1335560045,0.0013775666,0.0757238376,0.0006227359,0.6371520610,0.0017171966,80,96
learned_expected_utility_retrieval,combined_stress,8,0.6436197917,0.0118732041,0.6225898634,0.0130045762,0.5832666375,0.0017127857,0.1463360044,0.0018505599,0.5582246198,0.0029347117,0.0717009391,0.0014814171,0.2899019854,0.0006559162,0.1338652770,0.0014033754,0.0755158486,0.0006537862,0.6365915707,0.0016916304,80,96
learned_expected_utility_retrieval,combined_stress,9,0.6440104167,0.0128243493,0.6227572877,0.0139036867,0.5829419250,0.0015759717,0.1467243794,0.0018300909,0.5582294892,0.0029764742,0.0718730816,0.0015020966,0.2895952792,0.0006202944,0.1338852163,0.0014803719,0.0753138626,0.0006574496,0.6364527912,0.0016838530,80,96
learned_expected_utility_retrieval,cross_embodiment,0,0.6630208333,0.0118253694,0.6596613909,0.0130353115,0.5934206250,0.0015252002,0.1337210585,0.0018665858,0.5655258630,0.0026822073,0.0668481241,0.0014514984,0.2828177958,0.0006325533,0.1206861321,0.0015140811,0.0678287494,0.0006395604,0.6608649865,0.0016338892,80,96
learned_expected_utility_retrieval,cross_embodiment,1,0.6667968750,0.0116080469,0.6636601081,0.0126475489,0.5936281750,0.0015137789,0.1337392460,0.0017899910,0.5653756014,0.0027847162,0.0665612285,0.0013849423,0.2828418813,0.0006037075,0.1203960552,0.0014317017,0.0676988779,0.0006790845,0.6608950492,0.0016923514,80,96
learned_expected_utility_retrieval,cross_embodiment,2,0.6639322917,0.0124059218,0.6605422627,0.0137518456,0.5934855500,0.0016196528,0.1336323710,0.0017915636,0.5652297170,0.0028412574,0.0666852597,0.0014132190,0.2830339729,0.0006041212,0.1208006218,0.0014038716,0.0677170804,0.0006381555,0.6607045017,0.0016838455,80,96
learned_expected_utility_retrieval,cross_embodiment,3,0.6641927083,0.0130206914,0.6608888946,0.0137616819,0.5940432750,0.0016938252,0.1335254960,0.0018836466,0.5656090951,0.0029012503,0.0668280785,0.0013992937,0.2831823146,0.0006194651,0.1207955336,0.0014894422,0.0678853579,0.0006000680,0.6609701822,0.0017045982,80,96
learned_expected_utility_retrieval,cross_embodiment,4,0.6541666667,0.0130821235,0.6508716367,0.0142198236,0.5935504750,0.0017430838,0.1331684960,0.0019052312,0.5658221401,0.0028967575,0.0670635072,0.0014974256,0.2830244417,0.0006060937,0.1209822838,0.0014263264,0.0678245209,0.0006768381,0.6608666782,0.0017251107,80,96
learned_expected_utility_retrieval,cross_embodiment,5,0.6600260417,0.0122211272,0.6568876160,0.0136485384,0.5939331125,0.0017958393,0.1333117460,0.0018838385,0.5660176764,0.0030417947,0.0668229035,0.0015629221,0.2831694354,0.0006189748,0.1208917104,0.0013834067,0.0677716879,0.0006694893,0.6608031942,0.0016699617,80,96
learned_expected_utility_retrieval,cross_embodiment,6,0.6536458333,0.0125893464,0.6505393884,0.0137785487,0.5939655750,0.0017527693,0.1332048710,0.0018039607,0.5665721420,0.0030712629,0.0670852535,0.0015720953,0.2834107458,0.0006592557,0.1205833206,0.0014317320,0.0678649279,0.0006753067,0.6606266537,0.0016502123,80,96
learned_expected_utility_retrieval,cross_embodiment,7,0.6653645833,0.0121894132,0.6622740072,0.0129414696,0.5934727750,0.0017609035,0.1335982460,0.0017496925,0.5664087489,0.0030828051,0.0668317272,0.0014746183,0.2830234833,0.0006575116,0.1205104636,0.0014181141,0.0679661719,0.0006487196,0.6603780772,0.0015750849,80,96
learned_expected_utility_retrieval,cross_embodiment,8,0.6614583333,0.0134774667,0.6582137600,0.0147802685,0.5935052375,0.0017603397,0.1337414960,0.0017459697,0.5664291976,0.0031279187,0.0669169797,0.0014949172,0.2831551208,0.0006951750,0.1205230918,0.0014025493,0.0679883764,0.0006443325,0.6604866792,0.0016048161,80,96
learned_expected_utility_retrieval,cross_embodiment,9,0.6555989583,0.0108797951,0.6521404135,0.0117673188,0.5940629625,0.0017826272,0.1338847460,0.0017515794,0.5662745589,0.0031468238,0.0672625010,0.0014580132,0.2830889896,0.0005798431,0.1205388715,0.0014296518,0.0677104309,0.0006286841,0.6604372022,0.0016761126,80,96
learned_expected_utility_retrieval,heldout_mechanism,0,0.6735677083,0.0134379834,0.6771607062,0.0141648196,0.5975033875,0.0015728897,0.1289726529,0.0017060765,0.5687823371,0.0028673981,0.0649185420,0.0014610623,0.2805196646,0.0006212647,0.1149521373,0.0014402111,0.0648769224,0.0006147460,0.6697060618,0.0017233785,80,96
learned_expected_utility_retrieval,heldout_mechanism,1,0.6695312500,0.0112296072,0.6731718214,0.0122361285,0.5980681125,0.0015655710,0.1288707779,0.0017538462,0.5688183653,0.0028854368,0.0650670170,0.0014297314,0.2804310125,0.0006551810,0.1150575044,0.0013944050,0.0648231674,0.0006065254,0.6699760023,0.0017215439,80,96
learned_expected_utility_retrieval,heldout_mechanism,2,0.6798177083,0.0115980993,0.6835718480,0.0124870505,0.5984577500,0.0015444761,0.1290190279,0.0018113456,0.5684954640,0.0030403345,0.0647500757,0.0014500784,0.2804419896,0.0006728710,0.1149804879,0.0014557099,0.0648484519,0.0006583812,0.6698167283,0.0017244102,80,96
learned_expected_utility_retrieval,heldout_mechanism,3,0.6713541667,0.0125442100,0.6754098706,0.0136081716,0.5977968625,0.0016082085,0.1287920904,0.0019389097,0.5688860443,0.0029838547,0.0644442213,0.0014337151,0.2804153167,0.0006669466,0.1149737953,0.0014303956,0.0650178084,0.0006125580,0.6698960736,0.0017432220,80,96
learned_expected_utility_retrieval,heldout_mechanism,4,0.6683593750,0.0115508027,0.6724514161,0.0124217229,0.5978363250,0.0016205668,0.1286902154,0.0019393594,0.5690971600,0.0029161982,0.0645739463,0.0014424127,0.2805371938,0.0006066306,0.1147758608,0.0013442705,0.0648890159,0.0006631894,0.6699238931,0.0017557323,80,96
learned_expected_utility_retrieval,heldout_mechanism,5,0.6735677083,0.0122410793,0.6779227844,0.0128921380,0.5984010500,0.0016589188,0.1284632779,0.0018243003,0.5691375653,0.0029173823,0.0643221482,0.0014523559,0.2806943021,0.0006078805,0.1148755213,0.0014740424,0.0646831849,0.0006224008,0.6700012373,0.0016701293,80,96
learned_expected_utility_retrieval,heldout_mechanism,6,0.6712239583,0.0112347085,0.6753672347,0.0121934069,0.5977401625,0.0016526294,0.1283614029,0.0018943028,0.5689985059,0.0028943367,0.0645151920,0.0014699382,0.2808070646,0.0006622580,0.1147839400,0.0014586258,0.0647795049,0.0006268764,0.6697729288,0.0015692673,80,96
learned_expected_utility_retrieval,heldout_mechanism,7,0.6670572917,0.0114475602,0.6710070419,0.0126415468,0.5983048875,0.0017286761,0.1286347154,0.0018948098,0.5697217525,0.0028590837,0.0647673113,0.0014910119,0.2810203854,0.0006450878,0.1151939706,0.0014307180,0.0645816779,0.0006220266,0.6695201081,0.0015963021,80,96
learned_expected_utility_retrieval,heldout_mechanism,8,0.6739583333,0.0109947115,0.6778267580,0.0122089594,0.5986945250,0.0017883892,0.1289080279,0.0018816158,0.5692193865,0.0027373711,0.0647451745,0.0014914007,0.2807035708,0.0006169078,0.1152258623,0.0014181436,0.0646840009,0.0006575511,0.6694533803,0.0016438062,80,96
learned_expected_utility_retrieval,heldout_mechanism,9,0.6722656250,0.0126335059,0.6763907549,0.0136317256,0.5983838125,0.0017473282,0.1286810904,0.0017763567,0.5692597918,0.0027754290,0.0645425576,0.0014349716,0.2804320313,0.0006375995,0.1153255228,0.0013722899,0.0647783199,0.0006625897,0.6694606896,0.0015819366,80,96
learned_expected_utility_retrieval,heldout_object,0,0.6859375000,0.0102862140,0.6976054061,0.0108254331,0.6017368750,0.0017245571,0.1243655049,0.0017921569,0.5727736873,0.0029549689,0.0617494103,0.0014517290,0.2779803625,0.0005711675,0.1086201213,0.0013552811,0.0617506581,0.0006371956,0.6789735697,0.0016209638,80,96
learned_expected_utility_retrieval,heldout_object,1,0.6911458333,0.0108722526,0.7028763660,0.0123108259,0.6022806000,0.0017231076,0.1242486299,0.0018223758,0.5722639780,0.0028611810,0.0616463916,0.0014766894,0.2779033583,0.0005938448,0.1087226367,0.0013897845,0.0619127756,0.0006113472,0.6792307302,0.0015913635,80,96
learned_expected_utility_retrieval,heldout_object,2,0.6783854167,0.0118603164,0.6902056493,0.0128357797,0.6019488875,0.0016237786,0.1236315049,0.0017799125,0.5722970398,0.0028786610,0.0619818678,0.0014341199,0.2779278417,0.0006177229,0.1084927210,0.0013744828,0.0617667391,0.0005940248,0.6795479207,0.0016536076,80,96
learned_expected_utility_retrieval,heldout_object,3,0.6710937500,0.0142703064,0.6827947994,0.0151989480,0.6023175250,0.0016312251,0.1238898174,0.0017681579,0.5728247239,0.0028030743,0.0622801872,0.0014529513,0.2780258375,0.0006244686,0.1083933468,0.0014462726,0.0618598221,0.0005729335,0.6790682130,0.0016890495,80,96
learned_expected_utility_retrieval,heldout_object,4,0.6846354167,0.0122574010,0.6966625177,0.0130168505,0.6026861625,0.0016053352,0.1240230674,0.0017856533,0.5731816976,0.0027301101,0.0618946022,0.0014297018,0.2777571292,0.0006381750,0.1086916175,0.0014511644,0.0619509041,0.0005940889,0.6789962090,0.0016463859,80,96
learned_expected_utility_retrieval,heldout_object,5,0.6890625000,0.0093666603,0.7012574215,0.0101954277,0.6028797125,0.0016323870,0.1236560674,0.0016989667,0.5730309176,0.0028226226,0.0617881372,0.0013637856,0.2778411375,0.0006357932,0.1087764165,0.0014967409,0.0617338321,0.0006003321,0.6787401130,0.0017182004,80,96
learned_expected_utility_retrieval,heldout_object,6,0.6884114583,0.0106954575,0.7003722930,0.0116770984,0.6023729125,0.0016739176,0.1236642549,0.0016758385,0.5728670061,0.0028676406,0.0620244541,0.0013840038,0.2777711271,0.0006443447,0.1087782854,0.0014878641,0.0617478756,0.0005985775,0.6788056777,0.0016934904,80,96
learned_expected_utility_retrieval,heldout_object,7,0.6783854167,0.0123185904,0.6899010268,0.0128453658,0.6022162875,0.0016811810,0.1240476299,0.0017390318,0.5726899630,0.0029612983,0.0621556341,0.0014032641,0.2781325167,0.0006058149,0.1087972740,0.0014160997,0.0619179971,0.0005913377,0.6786766452,0.0017308851,80,96
learned_expected_utility_retrieval,heldout_object,8,0.6735677083,0.0114906907,0.6850996250,0.0121668002,0.6025849250,0.0017041574,0.1240558174,0.0018467879,0.5727011389,0.0030367845,0.0623919135,0.0014002612,0.2779707646,0.0006075242,0.1085958913,0.0013757099,0.0618570031,0.0006660581,0.6786121450,0.0017440606,80,96
learned_expected_utility_retrieval,heldout_object,9,0.6769531250,0.0119881914,0.6887824181,0.0128117692,0.6020781250,0.0015479943,0.1239389424,0.0019260023,0.5734170420,0.0030401849,0.0622466697,0.0014599379,0.2780693562,0.0005824426,0.1082761457,0.0013951494,0.0619440831,0.0007222087,0.6786852135,0.0017490860,80,96
learned_expected_utility_retrieval,seen_corpus,0,0.6977864583,0.0105107107,0.7189056288,0.0107270327,0.6076734250,0.0016450703,0.1187377135,0.0017969557,0.5782059425,0.0030104025,0.0588984962,0.0014318830,0.2751725396,0.0005788869,0.1006802401,0.0014460449,0.0580147534,0.0006871172,0.6893206112,0.0015729680,80,96
learned_expected_utility_retrieval,seen_corpus,1,0.6903645833,0.0117967501,0.7115855320,0.0125526117,0.6081961500,0.0017379700,0.1183557135,0.0017821834,0.5775094250,0.0028733983,0.0588451874,0.0015192746,0.2751132833,0.0006023828,0.1007621875,0.0014183383,0.0581636289,0.0007079836,0.6897800992,0.0015942429,80,96
learned_expected_utility_retrieval,seen_corpus,2,0.7007812500,0.0122950095,0.7218789097,0.0131895559,0.6080185250,0.0016732210,0.1185990260,0.0017437926,0.5767910216,0.0027313702,0.0587396693,0.0015247628,0.2746542125,0.0006368627,0.1008726678,0.0013943828,0.0580223594,0.0006716055,0.6896457904,0.0015999538,80,96
learned_expected_utility_retrieval,seen_corpus,3,0.7003906250,0.0119316655,0.7216882087,0.0128028222,0.6080159875,0.0017266730,0.1187172760,0.0018176014,0.5774776953,0.0028128688,0.0587448906,0.0015107327,0.2744965188,0.0006691709,0.1007521289,0.0012920342,0.0581792389,0.0006527848,0.6899331924,0.0016558271,80,96
learned_expected_utility_retrieval,seen_corpus,4,0.6971354167,0.0105563024,0.7186212375,0.0111629946,0.6081885375,0.0017088451,0.1187104635,0.0018246064,0.5776434838,0.0027454229,0.0587929199,0.0014914594,0.2743789292,0.0006228419,0.1003351881,0.0012537629,0.0583341174,0.0006353146,0.6894417052,0.0016820991,80,96
learned_expected_utility_retrieval,seen_corpus,5,0.6880208333,0.0113750592,0.7094107152,0.0121648294,0.6081860000,0.0016472357,0.1183284635,0.0018177404,0.5774722288,0.0029070888,0.0590702299,0.0015145058,0.2744184083,0.0006501265,0.1005077307,0.0012215408,0.0584079554,0.0006832996,0.6898591722,0.0016996855,80,96
learned_expected_utility_retrieval,seen_corpus,6,0.7005208333,0.0112737177,0.7223628274,0.0118999640,0.6081834625,0.0016724410,0.1181965885,0.0018458005,0.5779925694,0.0029381181,0.0587508737,0.0014545901,0.2742303208,0.0005894209,0.1004789802,0.0013236933,0.0585608329,0.0006497536,0.6899614817,0.0016516077,80,96
learned_expected_utility_retrieval,seen_corpus,7,0.7003906250,0.0112546512,0.7216774490,0.0123807068,0.6080058375,0.0015379610,0.1184399010,0.0017606510,0.5769239910,0.0028569557,0.0588351993,0.0014752476,0.2744441687,0.0005914694,0.1005957637,0.0014102393,0.0582694884,0.0006466415,0.6898271729,0.0016615662,80,96
learned_expected_utility_retrieval,seen_corpus,8,0.6815104167,0.0125540646,0.7026540234,0.0134685967,0.6085285625,0.0015594050,0.1183080260,0.0017753413,0.5774443316,0.0028946338,0.0593808368,0.0014616460,0.2746203667,0.0005896541,0.1006670632,0.0014040530,0.0580471784,0.0006553035,0.6896713534,0.0016384130,80,96
learned_expected_utility_retrieval,seen_corpus,9,0.6955729167,0.0126597453,0.7165719860,0.0135760223,0.6087011125,0.0015416894,0.1186764010,0.0017444986,0.5770717260,0.0029660489,0.0592184481,0.0014564926,0.2747105542,0.0005945020,0.1005768470,0.0014150825,0.0579829474,0.0006191517,0.6895575549,0.0016053047,80,96
learned_expected_utility_retrieval,sparse_corpus,0,0.6546875000,0.0119142748,0.6472635625,0.0127711505,0.5909857875,0.0018057541,0.1368234487,0.0018784187,0.5647914693,0.0029562718,0.0682184664,0.0014736462,0.2845405500,0.0006028241,0.1235169087,0.0013763090,0.0698866177,0.0006030769,0.6550119561,0.0017139052,80,96
learned_expected_utility_retrieval,sparse_corpus,1,0.6430989583,0.0127571535,0.6354713828,0.0136454777,0.5911723375,0.0017010436,0.1365765112,0.0018134110,0.5639291371,0.0026917689,0.0682556120,0.0014663000,0.2849208146,0.0006419613,0.1234158185,0.0013915761,0.0698185417,0.0006413594,0.6552443463,0.0016630513,80,96
learned_expected_utility_retrieval,sparse_corpus,2,0.6576822917,0.0128703930,0.6502798536,0.0139531428,0.5908336250,0.0014477517,0.1369548862,0.0017521396,0.5640954440,0.0026874579,0.0677903983,0.0014872056,0.2847845979,0.0006356240,0.1231242519,0.0014250845,0.0698355082,0.0006496662,0.6550970468,0.0015935050,80,96
learned_expected_utility_retrieval,sparse_corpus,3,0.6467447917,0.0120140217,0.6390750617,0.0132319623,0.5908450875,0.0014184162,0.1370831362,0.0017048129,0.5644455927,0.0027794566,0.0682923133,0.0014702537,0.2847055229,0.0006143903,0.1232183205,0.0014785038,0.0699235102,0.0006515575,0.6549927688,0.0015761159,80,96
learned_expected_utility_retrieval,sparse_corpus,4,0.6575520833,0.0140354304,0.6498912723,0.0149286740,0.5908565500,0.0015080217,0.1367111362,0.0018277806,0.5637627252,0.0028617607,0.0680676545,0.0014399766,0.2847722458,0.0006017550,0.1236086221,0.0014774339,0.0696283207,0.0006316650,0.6548184558,0.0016420269,80,96
learned_expected_utility_retrieval,sparse_corpus,5,0.6541666667,0.0125992966,0.6465386041,0.0135281354,0.5908680125,0.0015588286,0.1367143237,0.0017952463,0.5637670762,0.0029811123,0.0681247277,0.0014052668,0.2848125542,0.0005624940,0.1233030872,0.0014139504,0.0697893592,0.0006169442,0.6550218316,0.0017068375,80,96
learned_expected_utility_retrieval,sparse_corpus,6,0.6600260417,0.0119758061,0.6523740453,0.0127775902,0.5915798250,0.0016072436,0.1367175112,0.0018549893,0.5639465146,0.0030693829,0.0682405070,0.0014207888,0.2847234354,0.0005532127,0.1237948007,0.0014202692,0.0697252852,0.0006619298,0.6552812353,0.0017409149,80,96
learned_expected_utility_retrieval,sparse_corpus,7,0.6503906250,0.0109553109,0.6431636632,0.0117663259,0.5914162000,0.0015039537,0.1364705737,0.0019059252,0.5643097949,0.0030870450,0.0679423464,0.0014246214,0.2849262813,0.0005044430,0.1232714495,0.0013967578,0.0698072842,0.0006752035,0.6550854116,0.0017344665,80,96
learned_expected_utility_retrieval,sparse_corpus,8,0.6486979167,0.0111470766,0.6414080422,0.0124319660,0.5919529250,0.0016139149,0.1365988237,0.0018032404,0.5646599437,0.0030378737,0.0681277802,0.0014607049,0.2848678542,0.0005553480,0.1235656181,0.0014138013,0.0695951362,0.0006472642,0.6550231546,0.0016776467,80,96
learned_expected_utility_retrieval,sparse_corpus,9,0.6496093750,0.0115781785,0.6423760333,0.0127133122,0.5916142125,0.0017296821,0.1363518862,0.0018041179,0.5641477865,0.0030731856,0.0679399258,0.0014980459,0.2847729688,0.0006117324,0.1236583247,0.0014420440,0.0695270602,0.0006940421,0.6550134238,0.0016383799,80,96
learned_expected_utility_retrieval,stale_memory,0,0.6518229167,0.0139760947,0.6367416132,0.0151599953,0.5857871875,0.0016806362,0.1447247373,0.0017618008,0.5623853192,0.0028066110,0.0693086441,0.0015639837,0.2879993417,0.0005871224,0.1271413274,0.0013253816,0.0739573033,0.0006568129,0.6406491908,0.0015897805,80,96
learned_expected_utility_retrieval,stale_memory,1,0.6442708333,0.0118142091,0.6288468025,0.0130226237,0.5856165625,0.0016058850,0.1448479873,0.0017036289,0.5622033804,0.0029910744,0.0694461216,0.0014994187,0.2882450583,0.0005936083,0.1273407986,0.0013333677,0.0741923003,0.0006310444,0.6406266958,0.0016221488,80,96
learned_expected_utility_retrieval,stale_memory,2,0.6471354167,0.0126930447,0.6320148519,0.0135180125,0.5859712000,0.0017244840,0.1445960498,0.0017371889,0.5623847483,0.0029727204,0.0693698360,0.0014425148,0.2881948667,0.0006311125,0.1272166968,0.0012843635,0.0742712193,0.0006324801,0.6408688330,0.0016700341,80,96
learned_expected_utility_retrieval,stale_memory,3,0.6473958333,0.0102733819,0.6318153309,0.0114511369,0.5859756625,0.0016656901,0.1449694248,0.0016993413,0.5621940551,0.0029540149,0.0696093097,0.0014654443,0.2883312083,0.0005899643,0.1274275811,0.0012470439,0.0743601433,0.0006295377,0.6408453375,0.0016795398,80,96
learned_expected_utility_retrieval,stale_memory,4,0.6468750000,0.0132981401,0.6313800429,0.0145136205,0.5859801250,0.0016890442,0.1450926748,0.0017435956,0.5625373789,0.0029958000,0.0696952622,0.0014860923,0.2881033000,0.0006197444,0.1273174475,0.0012851914,0.0743700278,0.0006176341,0.6410369495,0.0017353847,80,96
learned_expected_utility_retrieval,stale_memory,5,0.6537760417,0.0118762589,0.6385401509,0.0126824288,0.5861596750,0.0016907000,0.1450908623,0.0017494627,0.5627099923,0.0030588090,0.0694887916,0.0014614183,0.2880716354,0.0006328680,0.1271047089,0.0013817603,0.0741527988,0.0006460309,0.6406497723,0.0017176347,80,96
learned_expected_utility_retrieval,stale_memory,6,0.6449218750,0.0125667657,0.6296483815,0.0134321357,0.5863392250,0.0016607542,0.1449639873,0.0017655158,0.5627118954,0.0029686934,0.0696321979,0.0014236732,0.2882605438,0.0006745469,0.1269894653,0.0014493385,0.0738585313,0.0006249429,0.6410704988,0.0017269878,80,96
learned_expected_utility_retrieval,stale_memory,7,0.6531250000,0.0126775766,0.6380297905,0.0136106657,0.5861686000,0.0015666728,0.1448371123,0.0018609730,0.5627137986,0.0029829844,0.0694685729,0.0014296821,0.2881356125,0.0006532053,0.1269742717,0.0014766790,0.0739394513,0.0006350956,0.6411630613,0.0016874321,80,96
learned_expected_utility_retrieval,stale_memory,8,0.6544270833,0.0122455573,0.6387999702,0.0136303079,0.5859979750,0.0015564955,0.1450854248,0.0018979195,0.5620022201,0.0030903996,0.0697555797,0.0014203842,0.2881072958,0.0006863926,0.1271889042,0.0015164381,0.0738762993,0.0006698302,0.6410330125,0.0016816388,80,96
learned_expected_utility_retrieval,stale_memory,9,0.6533854167,0.0114736376,0.6378465353,0.0126906971,0.5858273500,0.0016296470,0.1453337373,0.0019389755,0.5619909917,0.0030999363,0.0696345491,0.0013479341,0.2881117917,0.0006682073,0.1265905303,0.0015360341,0.0738881848,0.0006533226,0.6411030638,0.0016801254,80,96
learned_expected_utility_retrieval,visually_aliased,0,0.6419270833,0.0125519630,0.6294861186,0.0135414364,0.5882212250,0.0015165347,0.1390554292,0.0018132883,0.5615872625,0.0029299333,0.0700888550,0.0014607787,0.2858751458,0.0006192501,0.1283190236,0.0013475254,0.0709587044,0.0006073923,0.6514019222,0.0016889066,80,96
learned_expected_utility_retrieval,visually_aliased,1,0.6442708333,0.0124237524,0.6319303766,0.0134512997,0.5879035125,0.0016525298,0.1385733667,0.0017708873,0.5611043347,0.0027212371,0.0699427982,0.0014483212,0.2859943208,0.0006615089,0.1283125735,0.0014275865,0.0710459414,0.0006204134,0.6512198790,0.0016691629,80,96
learned_expected_utility_retrieval,visually_aliased,2,0.6468750000,0.0141394851,0.6345579553,0.0156047791,0.5879359750,0.0014788668,0.1387166167,0.0017439789,0.5612998709,0.0027912743,0.0699859007,0.0014938410,0.2858097000,0.0006723486,0.1283220501,0.0014887063,0.0712182209,0.0006285942,0.6513284810,0.0016388263,80,96
learned_expected_utility_retrieval,visually_aliased,3,0.6522135417,0.0138133679,0.6400264265,0.0151786006,0.5881435250,0.0015166208,0.1387348042,0.0018268873,0.5611496094,0.0026052864,0.0698209550,0.0014866663,0.2856618354,0.0006560020,0.1283321232,0.0015186628,0.0710883494,0.0006431254,0.6511584437,0.0016664329,80,96
learned_expected_utility_retrieval,visually_aliased,4,0.6466145833,0.0125277684,0.6345993162,0.0134528036,0.5885261625,0.0015357545,0.1387529917,0.0018110591,0.5609993478,0.0027905947,0.0696277719,0.0013947600,0.2857421333,0.0006083084,0.1280420464,0.0014400025,0.0709584779,0.0006840294,0.6511024635,0.0016892736,80,96
learned_expected_utility_retrieval,visually_aliased,5,0.6433593750,0.0125722753,0.6310538290,0.0135759938,0.5882084500,0.0016109277,0.1385210542,0.0017977438,0.5608578406,0.0028454154,0.0698251175,0.0013789044,0.2860147312,0.0006053110,0.1284409063,0.0014106841,0.0710497169,0.0006307758,0.6511055127,0.0016977862,80,96
learned_expected_utility_retrieval,visually_aliased,6,0.6484375000,0.0137511857,0.6362220283,0.0150106428,0.5887661750,0.0016836395,0.1384141792,0.0018907413,0.5610621312,0.0028839225,0.0698812175,0.0014313168,0.2860205875,0.0006463481,0.1286390697,0.0014555026,0.0711429569,0.0006045663,0.6511710932,0.0016996586,80,96
learned_expected_utility_retrieval,visually_aliased,7,0.6444010417,0.0127984474,0.6322665411,0.0141219391,0.5886235500,0.0016866430,0.1380571792,0.0019125646,0.5612751762,0.0029876864,0.0700838713,0.0014846166,0.2859289354,0.0006172917,0.1287257699,0.0014630071,0.0711571574,0.0006875855,0.6510956032,0.0017157424,80,96
learned_expected_utility_retrieval,visually_aliased,8,0.6470052083,0.0112707556,0.6349531492,0.0120860940,0.5886560125,0.0017898979,0.1382004292,0.0018909863,0.5614707125,0.0030239329,0.0699018613,0.0014975032,0.2860444646,0.0006095951,0.1286351965,0.0014117325,0.0710292869,0.0006742541,0.6511041552,0.0017103627,80,96
learned_expected_utility_retrieval,visually_aliased,9,0.6437500000,0.0123561461,0.6317715431,0.0130446284,0.5886884750,0.0017449234,0.1380935542,0.0018117235,0.5620251781,0.0030534362,0.0700329238,0.0015163084,0.2862420250,0.0006105644,0.1285269067,0.0014028582,0.0711225269,0.0006800536,0.6509276147,0.0016505940,80,96
model_predictive_retrieval_arbitration,combined_stress,0,0.6481770833,0.0128202343,0.6411279770,0.0139044115,0.5941023625,0.0016005414,0.1380330335,0.0017617030,0.5698861363,0.0029272108,0.0693869748,0.0014340227,0.2815697583,0.0006393559,0.1277469361,0.0014410712,0.0733690510,0.0006812679,0.6530685070,0.0016733542,80,96
model_predictive_retrieval_arbitration,combined_stress,1,0.6412760417,0.0123691837,0.6341173480,0.0134979436,0.5943309125,0.0015742670,0.1380662210,0.0017935434,0.5695812623,0.0030696993,0.0695274292,0.0014128857,0.2815272104,0.0006610996,0.1276724172,0.0014965710,0.0736986445,0.0006949988,0.6533114497,0.0016867025,80,96
model_predictive_retrieval_arbitration,combined_stress,2,0.6532552083,0.0109272800,0.6462342337,0.0119466455,0.5945594625,0.0015422798,0.1383495335,0.0017377437,0.5697928963,0.0029558604,0.0693455486,0.0013848914,0.2812203396,0.0006575813,0.1277999569,0.0014686155,0.0738071275,0.0006804762,0.6531391850,0.0016255748,80,96
model_predictive_retrieval_arbitration,combined_stress,3,0.6473958333,0.0132509385,0.6405216059,0.0142130077,0.5949631000,0.0015737558,0.1380075335,0.0018191849,0.5702015038,0.0029704336,0.0694409898,0.0014741739,0.2813132833,0.0006737752,0.1280959119,0.0014724949,0.0736054555,0.0006807593,0.6530184460,0.0016366063,80,96
model_predictive_retrieval_arbitration,combined_stress,4,0.6528645833,0.0125645677,0.6459385908,0.0139093629,0.5951916500,0.0015930149,0.1382908460,0.0017926776,0.5700629629,0.0029770483,0.0693762967,0.0015782476,0.2812476333,0.0006017065,0.1280296547,0.0014437558,0.0737139385,0.0006922755,0.6531463312,0.0016419191,80,96
model_predictive_retrieval_arbitration,combined_stress,5,0.6434895833,0.0125551153,0.6362958876,0.0138701191,0.5952451125,0.0015966436,0.1381989710,0.0017717705,0.5694122910,0.0029587137,0.0693274155,0.0015885678,0.2816899458,0.0006037695,0.1281558325,0.0013709220,0.0736663435,0.0007252053,0.6531826707,0.0017141600,80,96
model_predictive_retrieval_arbitration,combined_stress,6,0.6565104167,0.0119191177,0.6495903616,0.0130996060,0.5949484000,0.0016792986,0.1382321585,0.0017770039,0.5696326795,0.0029107728,0.0689592011,0.0015102961,0.2815185667,0.0005583158,0.1281719089,0.0013949207,0.0737708245,0.0007222293,0.6531834925,0.0015872863,80,96
model_predictive_retrieval_arbitration,combined_stress,7,0.6486979167,0.0116334810,0.6413002694,0.0127059363,0.5944766000,0.0017395415,0.1383904085,0.0017414064,0.5691483407,0.0028192053,0.0691998536,0.0014883934,0.2817889292,0.0005897836,0.1281062482,0.0013133653,0.0732770065,0.0006336860,0.6531628035,0.0016348391,80,96
model_predictive_retrieval_arbitration,combined_stress,8,0.6463541667,0.0122192719,0.6391438246,0.0133937169,0.5943549750,0.0017428684,0.1380484085,0.0017092040,0.5692067732,0.0027344287,0.0691569761,0.0015434796,0.2817576167,0.0006058962,0.1281083565,0.0013448418,0.0733754845,0.0006146466,0.6532001435,0.0016458967,80,96
model_predictive_retrieval_arbitration,combined_stress,9,0.6384114583,0.0113883512,0.6310415798,0.0123854247,0.5945835250,0.0017200561,0.1380815960,0.0017024360,0.5696022491,0.0028887804,0.0695412930,0.0015079801,0.2818797271,0.0006447569,0.1281212813,0.0012940579,0.0733298905,0.0006108294,0.6533430362,0.0016446459,80,96
model_predictive_retrieval_arbitration,cross_embodiment,0,0.6796875000,0.0129253971,0.6904458271,0.0142096214,0.6052990000,0.0016710086,0.1255890775,0.0017069478,0.5769424323,0.0028429031,0.0639526354,0.0015194023,0.2748169625,0.0006504854,0.1149796447,0.0014506446,0.0655792377,0.0006024106,0.6771784753,0.0016298108,80,96
model_predictive_retrieval_arbitration,cross_embodiment,1,0.6664062500,0.0106941085,0.6776411341,0.0117399049,0.6058847250,0.0016336240,0.1248768900,0.0018091004,0.5773709963,0.0028754082,0.0638586073,0.0014805349,0.2750168125,0.0006552922,0.1150624821,0.0014011000,0.0656747927,0.0006152670,0.6771985646,0.0016473047,80,96
model_predictive_retrieval_arbitration,cross_embodiment,2,0.6686197917,0.0120900904,0.6795414804,0.0133006649,0.6061202750,0.0016038610,0.1254153275,0.0017703343,0.5775807010,0.0028923525,0.0640234417,0.0015272955,0.2749997354,0.0006160904,0.1153055871,0.0013842055,0.0657903577,0.0006151979,0.6771156024,0.0017075945,80,96
model_predictive_retrieval_arbitration,cross_embodiment,3,0.6765625000,0.0109736954,0.6875769586,0.0118803354,0.6063558250,0.0016969047,0.1255785775,0.0017839949,0.5776284498,0.0029169931,0.0639088129,0.0014666419,0.2750525250,0.0006064218,0.1150344739,0.0013971036,0.0657498447,0.0006386336,0.6771552013,0.0017120700,80,96
model_predictive_retrieval_arbitration,cross_embodiment,4,0.6651041667,0.0118142091,0.6756478842,0.0127526660,0.6058910250,0.0016412347,0.1257418275,0.0018029558,0.5776761985,0.0030491207,0.0643685154,0.0014717465,0.2750017417,0.0005612739,0.1153636607,0.0013500142,0.0659344442,0.0006232256,0.6767385723,0.0015950573,80,96
model_predictive_retrieval_arbitration,cross_embodiment,5,0.6864583333,0.0116653282,0.6970563873,0.0133060331,0.6054262250,0.0016561952,0.1257800150,0.0018169956,0.5775532370,0.0029650889,0.0641538010,0.0015501319,0.2747917333,0.0006009379,0.1154901924,0.0013419050,0.0656668177,0.0006645174,0.6771298471,0.0016255146,80,96
model_predictive_retrieval_arbitration,cross_embodiment,6,0.6713541667,0.0104629507,0.6814544126,0.0116288213,0.6049614250,0.0016998025,0.1260683275,0.0017709709,0.5768962585,0.0031441588,0.0642376579,0.0014586258,0.2750921417,0.0005817727,0.1154374921,0.0013728283,0.0655532682,0.0007063226,0.6772059643,0.0016084200,80,96
model_predictive_retrieval_arbitration,cross_embodiment,7,0.6632812500,0.0119897387,0.6734583250,0.0130825624,0.6048468000,0.0016416212,0.1261065150,0.0017840415,0.5771234720,0.0031103902,0.0643275185,0.0014855069,0.2751440375,0.0005946017,0.1149574207,0.0013353093,0.0656608292,0.0006785638,0.6773251031,0.0015812215,80,96
model_predictive_retrieval_arbitration,cross_embodiment,8,0.6653645833,0.0110901292,0.6754673029,0.0117861999,0.6047321750,0.0016351635,0.1260196400,0.0017484713,0.5770048876,0.0030662903,0.0645259623,0.0014169305,0.2750537458,0.0005533211,0.1148781458,0.0013856852,0.0656913517,0.0007096423,0.6772516456,0.0015974624,80,96
model_predictive_retrieval_arbitration,cross_embodiment,9,0.6733072917,0.0110117575,0.6841567753,0.0119248802,0.6047926375,0.0016133251,0.1254325150,0.0016767633,0.5776041620,0.0030464601,0.0641336948,0.0014053785,0.2749564604,0.0005900064,0.1146633883,0.0014302122,0.0656388327,0.0006897603,0.6774223101,0.0016227728,80,96
model_predictive_retrieval_arbitration,heldout_mechanism,0,0.6860677083,0.0116435046,0.7044378003,0.0123207107,0.6096816250,0.0017613094,0.1204365235,0.0016720045,0.5810381767,0.0029763040,0.0618230879,0.0013562185,0.2722554521,0.0006055461,0.1091836064,0.0013814765,0.0625243444,0.0006547423,0.6862391386,0.0016465180,80,96
model_predictive_retrieval_arbitration,heldout_mechanism,1,0.6898437500,0.0120128207,0.7081711615,0.0129638928,0.6100992625,0.0017316042,0.1204797110,0.0017456603,0.5810971276,0.0030460843,0.0617780548,0.0014845791,0.2724446125,0.0006407795,0.1094111387,0.0013521351,0.0627850604,0.0006137977,0.6860043583,0.0017048207,80,96
model_predictive_retrieval_arbitration,heldout_mechanism,2,0.6761718750,0.0124877911,0.6940361739,0.0130051687,0.6099916375,0.0018074990,0.1208980860,0.0017534620,0.5807927720,0.0031185538,0.0620733473,0.0014227692,0.2725778938,0.0006226281,0.1092618940,0.0013698410,0.0626765919,0.0006453048,0.6858050958,0.0016840873,80,96
model_predictive_retrieval_arbitration,heldout_mechanism,3,0.6856770833,0.0126847281,0.7035388859,0.0139455909,0.6102341875,0.0017153704,0.1213164610,0.0017208007,0.5803133289,0.0030325664,0.0618764148,0.0014989934,0.2721615833,0.0006344747,0.1092158508,0.0013693872,0.0627181984,0.0006805293,0.6855337973,0.0016469568,80,96
model_predictive_retrieval_arbitration,heldout_mechanism,4,0.6800781250,0.0109934741,0.6973169326,0.0117731148,0.6094262125,0.0015009209,0.1216097735,0.0017620059,0.5801884379,0.0029397551,0.0621677154,0.0014465945,0.2724819938,0.0005973858,0.1094579479,0.0014054044,0.0626077289,0.0006336893,0.6855861606,0.0016418378,80,96
model_predictive_retrieval_arbitration,heldout_mechanism,5,0.6838541667,0.0108357929,0.7014559337,0.0118194355,0.6103691125,0.0014982821,0.1212777735,0.0017578375,0.5807857829,0.0029571352,0.0621714566,0.0014438218,0.2725210792,0.0005927282,0.1096589057,0.0013854845,0.0625622919,0.0006367358,0.6861162626,0.0016018633,80,96
model_predictive_retrieval_arbitration,heldout_mechanism,6,0.6815104167,0.0113627311,0.6994075648,0.0121551597,0.6104365750,0.0015517135,0.1213209610,0.0017285629,0.5810198214,0.0029368439,0.0619364298,0.0014372562,0.2724207292,0.0005698113,0.1093830365,0.0014127023,0.0626729329,0.0006699950,0.6864537683,0.0016350706,80,96
model_predictive_retrieval_arbitration,heldout_mechanism,7,0.6816406250,0.0136614104,0.6995019720,0.0145264223,0.6101538625,0.0015968567,0.1212390860,0.0017502377,0.5810831495,0.0029692873,0.0618732298,0.0014107960,0.2727359688,0.0006072529,0.1093047122,0.0014420075,0.0627815729,0.0006597347,0.6865706638,0.0016245787,80,96
model_predictive_retrieval_arbitration,heldout_mechanism,8,0.6821614583,0.0102405470,0.7000148785,0.0111506021,0.6103964125,0.0016098945,0.1212822735,0.0017330641,0.5807919254,0.0028917131,0.0618117529,0.0013905024,0.2726705521,0.0005615946,0.1093384476,0.0013961118,0.0628922139,0.0006615792,0.6863218766,0.0016339408,80,96
model_predictive_retrieval_arbitration,heldout_mechanism,9,0.6746093750,0.0117982526,0.6920318214,0.0128425582,0.6101137000,0.0014684697,0.1214505235,0.0018086969,0.5799710617,0.0027735709,0.0619043429,0.0014539041,0.2727181563,0.0006193335,0.1094873944,0.0013566877,0.0630048559,0.0006510454,0.6861236146,0.0016843238,80,96
model_predictive_retrieval_arbitration,heldout_object,0,0.6903645833,0.0117013170,0.7154171250,0.0126135894,0.6144658375,0.0015709665,0.1171483910,0.0016217130,0.5839582988,0.0029697801,0.0597279249,0.0014436083,0.2696149708,0.0005936781,0.1028447282,0.0014683896,0.0597302468,0.0006562138,0.6955861635,0.0016318470,80,96
model_predictive_retrieval_arbitration,heldout_object,1,0.6972656250,0.0130313246,0.7227803991,0.0136507444,0.6146873875,0.0016365368,0.1169264535,0.0016874207,0.5838304416,0.0027780161,0.0592989330,0.0014216555,0.2694512313,0.0005846420,0.1026514925,0.0014794149,0.0599777208,0.0006487151,0.6953396038,0.0016345003,80,96
model_predictive_retrieval_arbitration,heldout_object,2,0.6888020833,0.0112963653,0.7140385517,0.0121599609,0.6150840250,0.0016647309,0.1168295785,0.0017162645,0.5833480323,0.0027653297,0.0596054830,0.0013998764,0.2697277083,0.0006357280,0.1025703165,0.0014661209,0.0598520083,0.0006064571,0.6955997973,0.0017194577,80,96
model_predictive_retrieval_arbitration,heldout_object,3,0.6851562500,0.0129685712,0.7103728128,0.0138375988,0.6146052250,0.0016748650,0.1167327035,0.0016936049,0.5837410604,0.0027448211,0.0596002017,0.0014740447,0.2699367375,0.0006266347,0.1026734826,0.0013625091,0.0595762208,0.0006881343,0.6957899558,0.0017547055,80,96
model_predictive_retrieval_arbitration,heldout_object,4,0.6934895833,0.0115011971,0.7188235583,0.0128060458,0.6146516875,0.0017060960,0.1163857035,0.0017571970,0.5836175804,0.0027377636,0.0595118617,0.0015031900,0.2698279833,0.0006403561,0.1030748402,0.0013569941,0.0595215438,0.0006454892,0.6956369428,0.0017278751,80,96
model_predictive_retrieval_arbitration,heldout_object,5,0.6859375000,0.0125242142,0.7116112129,0.0137883978,0.6145230625,0.0017069679,0.1161637660,0.0018081021,0.5843651607,0.0028123533,0.0594180636,0.0014760181,0.2697915500,0.0006555842,0.1030659466,0.0013395115,0.0593938303,0.0006307772,0.6952623190,0.0017514743,80,96
model_predictive_retrieval_arbitration,heldout_object,6,0.6994791667,0.0118532239,0.7253753990,0.0130275015,0.6138691750,0.0016775158,0.1160668910,0.0018383248,0.5847581888,0.0027849094,0.0591034074,0.0015266728,0.2696849167,0.0006288995,0.1032691627,0.0013636684,0.0591930803,0.0006082422,0.6950382705,0.0017210130,80,96
model_predictive_retrieval_arbitration,heldout_object,7,0.6906250000,0.0117879410,0.7162874979,0.0129415037,0.6144409000,0.0016386728,0.1164702660,0.0018253683,0.5840831832,0.0029914769,0.0590768186,0.0015382964,0.2696667125,0.0005625861,0.1032139647,0.0013756076,0.0592254468,0.0006542459,0.6951824060,0.0016813566,80,96
model_predictive_retrieval_arbitration,heldout_object,8,0.6938802083,0.0124682338,0.7194733110,0.0132406923,0.6144873625,0.0016615883,0.1166235160,0.0018024367,0.5841172819,0.0030549054,0.0591149024,0.0014900676,0.2696290521,0.0006364598,0.1032347971,0.0014403213,0.0594789238,0.0006179034,0.6947992780,0.0016531583,80,96
model_predictive_retrieval_arbitration,heldout_object,9,0.6832031250,0.0125955990,0.7086927676,0.0136408632,0.6148840000,0.0017180900,0.1169018285,0.0018287131,0.5846722660,0.0031164821,0.0592624467,0.0014909364,0.2697864438,0.0006495399,0.1033519315,0.0014136381,0.0597344018,0.0006256856,0.6949369103,0.0015750430,80,96
model_predictive_retrieval_arbitration,seen_corpus,0,0.7024739583,0.0116836540,0.7373200759,0.0124676583,0.6202524125,0.0016835742,0.1112802150,0.0016988490,0.5890739050,0.0029728254,0.0562659588,0.0013916346,0.2665891521,0.0005818717,0.0953142794,0.0013255974,0.0561513334,0.0006620347,0.7062501301,0.0016587002,80,96
model_predictive_retrieval_arbitration,seen_corpus,1,0.7106770833,0.0114908700,0.7456458973,0.0123076127,0.6202778750,0.0016437961,0.1114184650,0.0018097461,0.5892626162,0.0029789128,0.0562799675,0.0014339582,0.2665482583,0.0005386621,0.0948194038,0.0014346076,0.0560203829,0.0006460109,0.7060543221,0.0016518101,80,96
model_predictive_retrieval_arbitration,seen_corpus,2,0.7096354167,0.0122110376,0.7445640762,0.0133700494,0.6199531625,0.0016566742,0.1114316525,0.0017879286,0.5892806172,0.0029789403,0.0563015532,0.0015105110,0.2664116792,0.0005831803,0.0949222733,0.0014609150,0.0558874314,0.0006336774,0.7062382039,0.0016569234,80,96
model_predictive_retrieval_arbitration,seen_corpus,3,0.7066406250,0.0122491587,0.7413510200,0.0130558765,0.6198035375,0.0015953924,0.1115699025,0.0017837622,0.5891191534,0.0029870454,0.0562169744,0.0014956419,0.2666776312,0.0005360891,0.0951340509,0.0014842058,0.0562067059,0.0006408779,0.7060283889,0.0016823659,80,96
model_predictive_retrieval_arbitration,seen_corpus,4,0.7088541667,0.0089400876,0.7433278596,0.0097747452,0.6196539125,0.0015545482,0.1119582775,0.0017422791,0.5882485853,0.0028574926,0.0560561544,0.0014376847,0.2667205917,0.0005651076,0.0947695480,0.0014379911,0.0560797574,0.0006311099,0.7060036664,0.0015658306,80,96
model_predictive_retrieval_arbitration,seen_corpus,5,0.6997395833,0.0128294913,0.7341102611,0.0140695980,0.6195042875,0.0015260851,0.1117213400,0.0017296508,0.5884504281,0.0030050744,0.0564306563,0.0014468846,0.2667720708,0.0006082244,0.0947578026,0.0014332428,0.0561679164,0.0006130628,0.7061165126,0.0015896139,80,96
model_predictive_retrieval_arbitration,seen_corpus,6,0.7026041667,0.0121760138,0.7368152355,0.0129424899,0.6193546625,0.0015837961,0.1118595900,0.0016775525,0.5882889643,0.0029150490,0.0564657213,0.0013834634,0.2667308792,0.0006045995,0.0948695302,0.0013672607,0.0563371159,0.0005935462,0.7062068476,0.0015972064,80,96
model_predictive_retrieval_arbitration,seen_corpus,7,0.7091145833,0.0121536487,0.7436923062,0.0130891556,0.6199053875,0.0016550722,0.1116226525,0.0017363246,0.5883157197,0.0029216470,0.0561837857,0.0013983920,0.2665636083,0.0006488641,0.0950610364,0.0013580420,0.0562001624,0.0005946909,0.7064757719,0.0016823195,80,96
model_predictive_retrieval_arbitration,seen_corpus,8,0.7085937500,0.0124866357,0.7435597233,0.0132561213,0.6199308500,0.0016739661,0.1110105275,0.0017344018,0.5888808690,0.0029061464,0.0560771869,0.0014364650,0.2667198875,0.0006473504,0.0952259681,0.0013889132,0.0562072809,0.0006421950,0.7064250364,0.0016799337,80,96
model_predictive_retrieval_arbitration,seen_corpus,9,0.7183593750,0.0112616814,0.7533941800,0.0120125197,0.6201314000,0.0016711294,0.1111487775,0.0016996014,0.5887194053,0.0029899873,0.0559129957,0.0014680101,0.2667321563,0.0006612053,0.0950375457,0.0013533127,0.0560012929,0.0006245874,0.7065433854,0.0017264667,80,96
model_predictive_retrieval_arbitration,sparse_corpus,0,0.6705729167,0.0138461853,0.6768154414,0.0146733085,0.6027421875,0.0015739225,0.1287239205,0.0016519381,0.5750344028,0.0028569818,0.0656622244,0.0014482141,0.2763483042,0.0005840248,0.1177633072,0.0014035386,0.0674352752,0.0005932724,0.6715441898,0.0017350060,80,96
model_predictive_retrieval_arbitration,sparse_corpus,1,0.6595052083,0.0112038449,0.6656157041,0.0125355327,0.6033069125,0.0015663040,0.1289972330,0.0016390493,0.5752323868,0.0028780957,0.0656633751,0.0014536284,0.2765832021,0.0006327345,0.1179826925,0.0014109079,0.0675375982,0.0006350438,0.6715915190,0.0017142685,80,96
model_predictive_retrieval_arbitration,sparse_corpus,2,0.6610677083,0.0139106693,0.6672147872,0.0153392417,0.6033463750,0.0015730294,0.1287702955,0.0017573970,0.5749226172,0.0030008711,0.0657023144,0.0014844022,0.2764912021,0.0007128217,0.1179886062,0.0014101247,0.0675568797,0.0006100218,0.6715267923,0.0017309972,80,96
model_predictive_retrieval_arbitration,sparse_corpus,3,0.6527343750,0.0115536573,0.6589657888,0.0125449560,0.6030356625,0.0016074392,0.1286684205,0.0018801968,0.5751337328,0.0029727683,0.0656279832,0.0014656571,0.2766878188,0.0006776023,0.1177906717,0.0014191430,0.0675781622,0.0006681739,0.6715265978,0.0017394745,80,96
model_predictive_retrieval_arbitration,sparse_corpus,4,0.6727864583,0.0112162005,0.6795849046,0.0123430047,0.6030751250,0.0016201710,0.1285665455,0.0019056695,0.5753448484,0.0029068479,0.0649676769,0.0014472510,0.2763369646,0.0006560652,0.1179929373,0.0014169332,0.0675244072,0.0006687999,0.6715544173,0.0017528575,80,96
model_predictive_retrieval_arbitration,sparse_corpus,5,0.6640625000,0.0117604926,0.6709402804,0.0127116807,0.6034647625,0.0016547813,0.1283396080,0.0018100778,0.5755603412,0.0029226871,0.0651167351,0.0014206530,0.2765390500,0.0006052310,0.1178893462,0.0013388560,0.0674686512,0.0006094865,0.6716177545,0.0016683981,80,96
model_predictive_retrieval_arbitration,sparse_corpus,6,0.6555989583,0.0109281853,0.6622072338,0.0119544389,0.6029789625,0.0016524860,0.1282377330,0.0018773953,0.5754212818,0.0028689783,0.0652698601,0.0014782798,0.2768875646,0.0006082944,0.1178978149,0.0014761771,0.0674899337,0.0006298980,0.6714034530,0.0015679773,80,96
model_predictive_retrieval_arbitration,sparse_corpus,7,0.6671875000,0.0111879759,0.6739514601,0.0122012923,0.6035436875,0.0017282629,0.1283859830,0.0018392246,0.5759738181,0.0028484149,0.0653046688,0.0014649686,0.2768052750,0.0006548262,0.1179050905,0.0014574013,0.0672150682,0.0006546359,0.6711581360,0.0015945520,80,96
model_predictive_retrieval_arbitration,sparse_corpus,8,0.6721354167,0.0111233840,0.6786590886,0.0122281152,0.6039333250,0.0017878830,0.1287843580,0.0018386333,0.5756421625,0.0027715199,0.0652514051,0.0014672302,0.2768159542,0.0006335668,0.1181396372,0.0014361211,0.0674694672,0.0006475026,0.6711839545,0.0016635162,80,96
model_predictive_retrieval_arbitration,sparse_corpus,9,0.6598958333,0.0129437541,0.6665121779,0.0140990341,0.6036226125,0.0017478059,0.1284323580,0.0017212409,0.5756869450,0.0027192081,0.0653799526,0.0014902989,0.2766920708,0.0006246038,0.1181335411,0.0013789291,0.0675617852,0.0006568983,0.6710987175,0.0015798928,80,96
model_predictive_retrieval_arbitration,stale_memory,0,0.6641927083,0.0118873609,0.6628918500,0.0133031689,0.5978604250,0.0015251857,0.1366998820,0.0017719144,0.5729424766,0.0026584916,0.0666565480,0.0014657914,0.2797669896,0.0006424712,0.1215664801,0.0015091260,0.0719430931,0.0006406724,0.6572832911,0.0016663941,80,96
model_predictive_retrieval_arbitration,stale_memory,1,0.6631510417,0.0127788494,0.6620179744,0.0135044030,0.5978928875,0.0015085657,0.1367180695,0.0017209003,0.5729673026,0.0027782627,0.0664563711,0.0013591401,0.2798585229,0.0006007247,0.1212732517,0.0014298517,0.0718132216,0.0006841332,0.6575994968,0.0016894124,80,96
model_predictive_retrieval_arbitration,stale_memory,2,0.6625000000,0.0108083675,0.6611726256,0.0117309694,0.5979253500,0.0016199416,0.1366111945,0.0017843070,0.5728214182,0.0028328013,0.0665405586,0.0013520545,0.2800196250,0.0005758711,0.1216778182,0.0014051302,0.0719064616,0.0006387219,0.6574229563,0.0016836610,80,96
model_predictive_retrieval_arbitration,stale_memory,3,0.6566406250,0.0119879163,0.6553438385,0.0126127117,0.5983079875,0.0016856228,0.1363792570,0.0018348647,0.5732051735,0.0028954413,0.0667847792,0.0013755754,0.2802536438,0.0005762600,0.1216670234,0.0014878863,0.0718476256,0.0006532002,0.6574820336,0.0016569609,80,96
model_predictive_retrieval_arbitration,stale_memory,4,0.6666666667,0.0120019722,0.6656064865,0.0130789167,0.5979902750,0.0017441078,0.1361473195,0.0018532947,0.5732387538,0.0029714612,0.0666680249,0.0014640972,0.2798150417,0.0005994665,0.1218626318,0.0014261328,0.0719388646,0.0006645298,0.6574850828,0.0017355382,80,96
model_predictive_retrieval_arbitration,stale_memory,5,0.6602864583,0.0125104815,0.6592320310,0.0137384898,0.5981978250,0.0017928667,0.1361655070,0.0018585207,0.5734386673,0.0030789343,0.0666389792,0.0015508942,0.2801313896,0.0006368789,0.1217663518,0.0013830867,0.0719590681,0.0006703350,0.6575151456,0.0016727853,80,96
model_predictive_retrieval_arbitration,stale_memory,6,0.6533854167,0.0139675976,0.6523427064,0.0148153082,0.5982302875,0.0017997217,0.1363087570,0.0017483964,0.5739843785,0.0031400694,0.0667781380,0.0015360773,0.2803799917,0.0006372086,0.1213693253,0.0014322170,0.0720563101,0.0006748052,0.6572235476,0.0016488971,80,96
model_predictive_retrieval_arbitration,stale_memory,7,0.6601562500,0.0124411267,0.6590765000,0.0134801002,0.5979125750,0.0017613164,0.1367021320,0.0016943519,0.5739960729,0.0030761756,0.0666887117,0.0015086923,0.2800620000,0.0006945975,0.1212933166,0.0014228206,0.0720825166,0.0006412785,0.6570890281,0.0015727273,80,96
model_predictive_retrieval_arbitration,stale_memory,8,0.6622395833,0.0117114585,0.6610790241,0.0125226073,0.5979450375,0.0017602128,0.1368453820,0.0016906099,0.5740165216,0.0031211701,0.0667411892,0.0014420758,0.2799597083,0.0006416983,0.1214059948,0.0013996301,0.0720296836,0.0006442550,0.6570975801,0.0015570165,80,96
model_predictive_retrieval_arbitration,stale_memory,9,0.6639322917,0.0118289593,0.6625365639,0.0125386430,0.5983276750,0.0017794543,0.1369886320,0.0016964837,0.5735117079,0.0031154106,0.0669507730,0.0014403501,0.2799379229,0.0005961495,0.1213280277,0.0014146809,0.0719018131,0.0006283099,0.6571341461,0.0016733786,80,96
model_predictive_retrieval_arbitration,visually_aliased,0,0.6600260417,0.0125512733,0.6619509205,0.0136961918,0.6009190375,0.0016134103,0.1302762280,0.0017721066,0.5724452220,0.0028265917,0.0673984297,0.0014334377,0.2776051479,0.0006658427,0.1225614663,0.0014358597,0.0688999496,0.0006253235,0.6673875993,0.0017458334,80,96
model_predictive_retrieval_arbitration,visually_aliased,1,0.6544270833,0.0122185971,0.6562864196,0.0136012158,0.6008044125,0.0016383146,0.1303144155,0.0017709837,0.5719720855,0.0027221619,0.0671436091,0.0014733690,0.2775473708,0.0006703768,0.1228944012,0.0014368161,0.0688574356,0.0005861502,0.6674066881,0.0017262734,80,96
model_predictive_retrieval_arbitration,visually_aliased,2,0.6516927083,0.0123691837,0.6538314383,0.0134967080,0.6006897875,0.0017028390,0.1299774155,0.0016996418,0.5727376930,0.0027179506,0.0671111128,0.0014524112,0.2777496396,0.0006674574,0.1228880052,0.0014384661,0.0688089186,0.0005386039,0.6674482881,0.0016964820,80,96
model_predictive_retrieval_arbitration,visually_aliased,3,0.6587239583,0.0137547525,0.6607981354,0.0151441318,0.6002249875,0.0016448758,0.1301406655,0.0017139537,0.5726103542,0.0027744048,0.0670128903,0.0015414158,0.2777401521,0.0006960016,0.1227200936,0.0014221779,0.0688434431,0.0006071597,0.6674318591,0.0016228281,80,96
model_predictive_retrieval_arbitration,visually_aliased,4,0.6613281250,0.0122413487,0.6639097057,0.0131723141,0.6006356250,0.0016251525,0.1296786030,0.0017520033,0.5728550764,0.0028564218,0.0667254710,0.0014805372,0.2777176062,0.0006463139,0.1227174458,0.0014056351,0.0689430001,0.0006188786,0.6675229838,0.0016444024,80,96
model_predictive_retrieval_arbitration,visually_aliased,5,0.6510416667,0.0127118670,0.6532887919,0.0138279138,0.6008711750,0.0015965302,0.1299669155,0.0017767942,0.5730735355,0.0028754621,0.0670227591,0.0015198950,0.2778755292,0.0005966991,0.1229491376,0.0013916389,0.0691296006,0.0006318041,0.6673549791,0.0017035877,80,96
model_predictive_retrieval_arbitration,visually_aliased,6,0.6558593750,0.0117601772,0.6581001890,0.0131317081,0.6009316375,0.0017002887,0.1301301655,0.0017904672,0.5732963717,0.0029355802,0.0670394178,0.0015013706,0.2780471063,0.0006185556,0.1226748728,0.0014044278,0.0690140501,0.0006421381,0.6675806711,0.0017052279,80,96
model_predictive_retrieval_arbitration,visually_aliased,7,0.6600260417,0.0129444866,0.6620886953,0.0142502032,0.6008170125,0.0016922331,0.1302934155,0.0018108910,0.5731690330,0.0030311953,0.0671428328,0.0015244458,0.2777775729,0.0005828342,0.1230072111,0.0013565853,0.0691986496,0.0006266549,0.6670920061,0.0016401245,80,96
model_predictive_retrieval_arbitration,visually_aliased,8,0.6680989583,0.0120990884,0.6699201709,0.0132744902,0.6001771250,0.0016508437,0.1304566655,0.0017778991,0.5730416942,0.0029464090,0.0671759353,0.0015116907,0.2776784646,0.0005661191,0.1232394995,0.0013264316,0.0689330241,0.0006303121,0.6673617201,0.0016202271,80,96
model_predictive_retrieval_arbitration,visually_aliased,9,0.6565104167,0.0117631563,0.6578876005,0.0127418036,0.5998874125,0.0016863130,0.1306199155,0.0017789373,0.5723890930,0.0031258491,0.0673378316,0.0014921629,0.2780046917,0.0005536225,0.1230810425,0.0013786329,0.0688925111,0.0006995798,0.6674593481,0.0016076695,80,96
no_retrieval_controller,combined_stress,0,0.3313802083,0.0132658314,0.1747501849,0.0147260065,0.2784049750,0.0016390397,0.2489223940,0.0020382025,0.2956563212,0.0028304004,0.1217874863,0.0014864528,0.0866833521,0.0006728330,0.2113880439,0.0014251092,0.1311659683,0.0007095170,0.0000000000,0.0000000000,80,96
no_retrieval_controller,combined_stress,1,0.3315104167,0.0141589466,0.1751237172,0.0160156017,0.2780032625,0.0016847832,0.2485053940,0.0021445777,0.2959625537,0.0028183945,0.1219499776,0.0015651229,0.0865724042,0.0006695354,0.2110221668,0.0013711990,0.1312932838,0.0006868364,0.0000000000,0.0000000000,80,96
no_retrieval_controller,combined_stress,2,0.3334635417,0.0120101782,0.1767521421,0.0134869984,0.2776015500,0.0017281115,0.2487137065,0.0021211748,0.2957216378,0.0028765464,0.1219733532,0.0015144202,0.0867360854,0.0006325281,0.2111945273,0.0013786575,0.1312805293,0.0006962349,0.0000000000,0.0000000000,80,96
no_retrieval_controller,combined_stress,3,0.3282552083,0.0122628815,0.1714364864,0.0137677655,0.2770247500,0.0016951453,0.2487969565,0.0021531996,0.2956601865,0.0029002111,0.1219668057,0.0015157485,0.0867749146,0.0005991621,0.2110578797,0.0013408320,0.1313408113,0.0007151598,0.0000000000,0.0000000000,80,96
no_retrieval_controller,combined_stress,4,0.3311197917,0.0120222537,0.1745831550,0.0132284453,0.2774984750,0.0016752611,0.2485050190,0.0021953428,0.2954367793,0.0029463800,0.1220137951,0.0014655684,0.0867007229,0.0005600176,0.2105070638,0.0014767757,0.1313200528,0.0006765664,0.0000000000,0.0000000000,80,96
no_retrieval_controller,combined_stress,5,0.3334635417,0.0120376051,0.1766648113,0.0137090189,0.2774469375,0.0016533466,0.2487133315,0.0021401308,0.2951958634,0.0029681313,0.1221051770,0.0015331401,0.0869339729,0.0005978343,0.2103792744,0.0014779241,0.1314573733,0.0006557680,0.0000000000,0.0000000000,80,96
no_retrieval_controller,combined_stress,6,0.3268229167,0.0118269031,0.1700325836,0.0134578352,0.2770452250,0.0017921952,0.2484213940,0.0020746495,0.2956728062,0.0029997391,0.1223232601,0.0015098994,0.0870678917,0.0005682863,0.2104161522,0.0015212665,0.1312115023,0.0005812196,0.0000000000,0.0000000000,80,96
no_retrieval_controller,combined_stress,7,0.3322916667,0.0130932104,0.1757071512,0.0146185477,0.2775189500,0.0017547475,0.2485046440,0.0020244464,0.2954362675,0.0029353297,0.1220494876,0.0015081898,0.0868822042,0.0006381011,0.2103827062,0.0014084482,0.1311967468,0.0006189204,0.0000000000,0.0000000000,80,96
no_retrieval_controller,combined_stress,8,0.3289062500,0.0137236990,0.1726479241,0.0151953880,0.2776425000,0.0017751917,0.2480876440,0.0019462695,0.2957425000,0.0028883835,0.1218250351,0.0014783968,0.0871206250,0.0006437788,0.2104170290,0.0014383106,0.1314741373,0.0006117686,0.0000000000,0.0000000000,80,96
no_retrieval_controller,combined_stress,9,0.3333333333,0.0119799704,0.1769205827,0.0132434630,0.2775909625,0.0017195798,0.2481708940,0.0019752505,0.2958561362,0.0028074909,0.1218701626,0.0014603040,0.0873247083,0.0006167988,0.2105773798,0.0014068582,0.1312342693,0.0005865914,0.0000000000,0.0000000000,80,96
no_retrieval_controller,cross_embodiment,0,0.3657552083,0.0126910635,0.2286475138,0.0136121145,0.2883815125,0.0014823021,0.2329755850,0.0022212325,0.3031909045,0.0030917569,0.1161337847,0.0014586644,0.0803430396,0.0006036171,0.1978573650,0.0014587980,0.1229472844,0.0006909941,0.0000000000,0.0000000000,80,96
no_retrieval_controller,cross_embodiment,1,0.3583333333,0.0132384891,0.2210946516,0.0145691420,0.2883369750,0.0016199767,0.2330638350,0.0021402470,0.3029611908,0.0029681636,0.1163205059,0.0014506198,0.0800406708,0.0006716973,0.1979280711,0.0014759195,0.1230106464,0.0006671934,0.0000000000,0.0000000000,80,96
no_retrieval_controller,cross_embodiment,2,0.3562500000,0.0120589890,0.2189120112,0.0134717663,0.2882924375,0.0017079816,0.2331520850,0.0021159333,0.3030816520,0.0030234676,0.1165612084,0.0014539257,0.0798886750,0.0006686440,0.1978924241,0.0014960436,0.1230740084,0.0006344955,0.0000000000,0.0000000000,80,96
no_retrieval_controller,cross_embodiment,3,0.3524739583,0.0112675365,0.2153142059,0.0124804542,0.2889482500,0.0017022715,0.2328651475,0.0020960699,0.3032152448,0.0028975284,0.1166560416,0.0014394698,0.0799854896,0.0006650119,0.1978396572,0.0014196776,0.1229812924,0.0006293278,0.0000000000,0.0000000000,80,96
no_retrieval_controller,cross_embodiment,4,0.3618489583,0.0114723082,0.2247852298,0.0126656347,0.2885535375,0.0016382858,0.2324531475,0.0020192224,0.3026528648,0.0029080858,0.1165054016,0.0015005849,0.0799732271,0.0006323357,0.1977937901,0.0013700065,0.1231867254,0.0006077823,0.0000000000,0.0000000000,80,96
no_retrieval_controller,cross_embodiment,5,0.3583333333,0.0131835718,0.2215951029,0.0145409126,0.2888591750,0.0017048839,0.2321662100,0.0020689015,0.3031366327,0.0028329317,0.1165955472,0.0015481827,0.0799163208,0.0006558287,0.1975346201,0.0014407715,0.1233941594,0.0006459950,0.0000000000,0.0000000000,80,96
no_retrieval_controller,cross_embodiment,6,0.3537760417,0.0131877923,0.2167993055,0.0144832569,0.2886395500,0.0016178837,0.2325045850,0.0020788948,0.3032483395,0.0028284575,0.1165981397,0.0015417810,0.0800991104,0.0005899209,0.1976104362,0.0014689464,0.1234615234,0.0006260307,0.0000000000,0.0000000000,80,96
no_retrieval_controller,cross_embodiment,7,0.3600260417,0.0119736030,0.2232088831,0.0134205495,0.2885950125,0.0016538457,0.2323427100,0.0020494205,0.3033775551,0.0029197740,0.1163711835,0.0015402140,0.0802806729,0.0006034858,0.1976634260,0.0014530647,0.1237459959,0.0006249127,0.0000000000,0.0000000000,80,96
no_retrieval_controller,cross_embodiment,8,0.3528645833,0.0124464270,0.2160098948,0.0139494609,0.2887255625,0.0016797862,0.2321808350,0.0019459170,0.3036818583,0.0030237276,0.1166107460,0.0015412706,0.0805749583,0.0005973858,0.1975131641,0.0013729261,0.1238053559,0.0005723813,0.0000000000,0.0000000000,80,96
no_retrieval_controller,cross_embodiment,9,0.3606770833,0.0125361892,0.2239683288,0.0135486334,0.2888561125,0.0017301708,0.2323941475,0.0019831588,0.3032726798,0.0030027136,0.1161568153,0.0014912387,0.0805095333,0.0006067727,0.1973926284,0.0014248561,0.1239457564,0.0005801663,0.0000000000,0.0000000000,80,96
no_retrieval_controller,heldout_mechanism,0,0.3679687500,0.0131594108,0.2388123371,0.0144271752,0.2927339500,0.0016534019,0.2265824415,0.0020022621,0.3067746195,0.0029055266,0.1139794584,0.0015668327,0.0780520375,0.0006508186,0.1920975167,0.0014509499,0.1206850166,0.0006354833,0.0000000000,0.0000000000,80,96
no_retrieval_controller,heldout_mechanism,1,0.3712239583,0.0100010527,0.2419274476,0.0108840304,0.2925213250,0.0016047153,0.2266756915,0.0020609289,0.3065517308,0.0029637297,0.1140523797,0.0014822108,0.0779033396,0.0006295417,0.1921723250,0.0013986422,0.1203012336,0.0005375496,0.0000000000,0.0000000000,80,96
no_retrieval_controller,heldout_mechanism,2,0.3770833333,0.0120644572,0.2479218629,0.0136066016,0.2928339625,0.0016007372,0.2267689415,0.0020938681,0.3063288420,0.0029493686,0.1138533134,0.0015421009,0.0777181833,0.0006747567,0.1921470832,0.0014536424,0.1202176006,0.0005205027,0.0000000000,0.0000000000,80,96
no_retrieval_controller,heldout_mechanism,3,0.3756510417,0.0129348020,0.2464874251,0.0143696135,0.2926213375,0.0014898696,0.2267371290,0.0021045339,0.3066355930,0.0028915535,0.1138517803,0.0014877167,0.0777851854,0.0007171271,0.1923067801,0.0014270104,0.1203570791,0.0005563226,0.0000000000,0.0000000000,80,96
no_retrieval_controller,heldout_mechanism,4,0.3779947917,0.0128778216,0.2491303440,0.0143180458,0.2927588875,0.0015208895,0.2265802540,0.0022081306,0.3065965461,0.0028863371,0.1136234490,0.0014476362,0.0775742104,0.0006632523,0.1922669736,0.0014071445,0.1204195191,0.0006293722,0.0000000000,0.0000000000,80,96
no_retrieval_controller,heldout_mechanism,5,0.3789062500,0.0121731696,0.2502612329,0.0136282107,0.2928964375,0.0014692450,0.2262983165,0.0021418264,0.3065618764,0.0029275948,0.1134871822,0.0014707781,0.0776084000,0.0005976573,0.1922214605,0.0014337489,0.1204049206,0.0006538582,0.0000000000,0.0000000000,80,96
no_retrieval_controller,heldout_mechanism,6,0.3703125000,0.0136423571,0.2415894145,0.0146990467,0.2930339875,0.0015148838,0.2263915665,0.0021106560,0.3070393377,0.0028547065,0.1136983472,0.0014800965,0.0776255875,0.0006156719,0.1923837124,0.0014096435,0.1203963251,0.0005957395,0.0000000000,0.0000000000,80,96
no_retrieval_controller,heldout_mechanism,7,0.3654947917,0.0125720130,0.2365394338,0.0139045367,0.2928213625,0.0015692406,0.2266098790,0.0021988114,0.3068120717,0.0029604092,0.1138502978,0.0014945572,0.0776649479,0.0006379347,0.1921640773,0.0014646753,0.1204647681,0.0006620874,0.0000000000,0.0000000000,80,96
no_retrieval_controller,heldout_mechanism,8,0.3669270833,0.0126336690,0.2378429209,0.0136431425,0.2933090875,0.0016382380,0.2267031290,0.0021016591,0.3069393580,0.0029747020,0.1140310690,0.0014675425,0.0777668833,0.0006288245,0.1923326324,0.0014968458,0.1203811351,0.0006814000,0.0000000000,0.0000000000,80,96
no_retrieval_controller,heldout_mechanism,9,0.3759114583,0.0125562644,0.2468809729,0.0133812195,0.2929213750,0.0017309674,0.2266713165,0.0020205727,0.3067208464,0.0030904235,0.1138420359,0.0014401723,0.0776880521,0.0006124388,0.1923016840,0.0014958923,0.1202955011,0.0007217239,0.0000000000,0.0000000000,80,96
no_retrieval_controller,heldout_object,0,0.3864583333,0.0110079011,0.2660594855,0.0119132070,0.2976415375,0.0017997337,0.2204156490,0.0020956997,0.3106192198,0.0030967984,0.1113301204,0.0015046683,0.0751906958,0.0006187605,0.1852827582,0.0013921367,0.1172974354,0.0006343265,0.0002807497,0.0002362548,80,96
no_retrieval_controller,heldout_object,1,0.3876302083,0.0122397322,0.2674904744,0.0135434723,0.2968826500,0.0017840063,0.2201187115,0.0020539790,0.3109142501,0.0030349051,0.1109540036,0.0015363082,0.0753623146,0.0006644492,0.1853186855,0.0013445106,0.1174987094,0.0006203692,0.0002414188,0.0002051579,80,96
no_retrieval_controller,heldout_object,2,0.3876302083,0.0111394930,0.2676270103,0.0123133155,0.2973493750,0.0017123794,0.2200718990,0.0019979517,0.3108503510,0.0030409440,0.1108416017,0.0014729314,0.0753252271,0.0006548634,0.1853723291,0.0013362634,0.1173287979,0.0006489749,0.0002829554,0.0002305435,80,96
no_retrieval_controller,heldout_object,3,0.3875000000,0.0123881321,0.2673897446,0.0134975302,0.2972908375,0.0015603683,0.2202752115,0.0020569759,0.3113029601,0.0029935510,0.1108240898,0.0015022039,0.0755150750,0.0006906795,0.1856280312,0.0012969165,0.1173129634,0.0006440260,0.0003219764,0.0002481474,80,96
no_retrieval_controller,heldout_object,4,0.3897135417,0.0131188446,0.2695594351,0.0145383991,0.2974073875,0.0016469266,0.2204785240,0.0019509520,0.3110552192,0.0030422471,0.1107643904,0.0015007029,0.0754469979,0.0006819843,0.1854961396,0.0014514581,0.1172971289,0.0006301168,0.0002919123,0.0002348881,80,96
no_retrieval_controller,heldout_object,5,0.3873697917,0.0120573139,0.2670598251,0.0130672870,0.2975239375,0.0016320851,0.2208068990,0.0019831031,0.3108031010,0.0030262013,0.1107954767,0.0014655318,0.0749924979,0.0006321008,0.1858702046,0.0014237558,0.1174333704,0.0006352238,0.0003381104,0.0002610135,80,96
no_retrieval_controller,heldout_object,6,0.3867187500,0.0128222920,0.2663441704,0.0140617700,0.2976404875,0.0016130497,0.2206350240,0.0020641697,0.3107435792,0.0030049060,0.1109861892,0.0015039140,0.0749645250,0.0006301371,0.1860181917,0.0014258161,0.1171864204,0.0006104637,0.0003920511,0.0002985447,80,96
no_retrieval_controller,heldout_object,7,0.3868489583,0.0090343458,0.2661925694,0.0100039056,0.2975819500,0.0016582285,0.2209633990,0.0021109370,0.3108416360,0.0029097897,0.1109727442,0.0014276792,0.0752257646,0.0005806090,0.1862859035,0.0014522514,0.1173226619,0.0006155215,0.0003565591,0.0002790943,80,96
no_retrieval_controller,heldout_object,8,0.3835937500,0.0137092735,0.2628014281,0.0149973144,0.2976985000,0.0016400312,0.2209165865,0.0021189879,0.3102524745,0.0029781329,0.1110690111,0.0014679632,0.0750841750,0.0006193247,0.1863490019,0.0013737461,0.1172277879,0.0006700022,0.0004051413,0.0003057815,80,96
no_retrieval_controller,heldout_object,9,0.3773437500,0.0135359428,0.2567209248,0.0146234337,0.2979901375,0.0016546645,0.2207447115,0.0021523684,0.3103680401,0.0029832970,0.1112854673,0.0014414037,0.0749845125,0.0005527462,0.1858935373,0.0014915290,0.1174310629,0.0006493764,0.0003761457,0.0002947753,80,96
no_retrieval_controller,seen_corpus,0,0.4003906250,0.0108159545,0.2903986505,0.0122805522,0.3032026250,0.0016581068,0.2130396975,0.0020899754,0.3150368481,0.0029843800,0.1077832351,0.0014851620,0.0721177562,0.0005538726,0.1774681231,0.0013940919,0.1138979102,0.0006812481,0.0029101649,0.0009423067,80,96
no_retrieval_controller,seen_corpus,1,0.4097656250,0.0088141047,0.2997122805,0.0098076103,0.3029480000,0.0016227831,0.2132280100,0.0019950730,0.3151188072,0.0029805385,0.1078847294,0.0014386652,0.0719404188,0.0005550701,0.1773176219,0.0014435119,0.1138728357,0.0006785350,0.0030136345,0.0009723236,80,96
no_retrieval_controller,seen_corpus,2,0.4057291667,0.0120124089,0.2952711430,0.0128841317,0.3028684625,0.0016948999,0.2135413850,0.0020266651,0.3139707765,0.0029610064,0.1077861594,0.0014675665,0.0718007667,0.0005742763,0.1775950883,0.0014692896,0.1136996872,0.0006666786,0.0031104067,0.0009966510,80,96
no_retrieval_controller,seen_corpus,3,0.3993489583,0.0124229228,0.2890535240,0.0133076613,0.3026138375,0.0017068137,0.2132294475,0.0019852285,0.3142453318,0.0029930451,0.1079861551,0.0014831875,0.0718440021,0.0006191496,0.1771184592,0.0013704262,0.1137416462,0.0006804521,0.0030329064,0.0010366791,80,96
no_retrieval_controller,seen_corpus,4,0.4006510417,0.0137629018,0.2902398886,0.0149706676,0.3020090375,0.0016560735,0.2130425725,0.0018793752,0.3143404225,0.0029530445,0.1079815863,0.0015370762,0.0719297604,0.0006589836,0.1775511382,0.0013666590,0.1135604937,0.0006576286,0.0030665763,0.0010184090,80,96
no_retrieval_controller,seen_corpus,5,0.4062500000,0.0118415330,0.2959143964,0.0130536011,0.3022796750,0.0015928457,0.2131058225,0.0019577238,0.3144267587,0.0029897427,0.1079171826,0.0015612454,0.0719553625,0.0006454537,0.1774949804,0.0013503552,0.1136834932,0.0006481691,0.0031080899,0.0010535885,80,96
no_retrieval_controller,seen_corpus,6,0.4131510417,0.0123109249,0.3035332183,0.0130729831,0.3023752250,0.0016231260,0.2125437600,0.0019400492,0.3152353309,0.0029846854,0.1077105319,0.0014420910,0.0717376229,0.0005902155,0.1772976332,0.0014386115,0.1136464127,0.0006164025,0.0031164882,0.0011008712,80,96
no_retrieval_controller,seen_corpus,7,0.4044270833,0.0115584017,0.2948605517,0.0125402533,0.3026458625,0.0016660708,0.2124819475,0.0019902924,0.3151509568,0.0029403894,0.1075950363,0.0014716233,0.0718136708,0.0005746575,0.1774390204,0.0013964096,0.1134672612,0.0006600441,0.0030423284,0.0011482780,80,96
no_retrieval_controller,seen_corpus,8,0.3959635417,0.0119881914,0.2862338060,0.0130438313,0.3029165000,0.0016860668,0.2125451975,0.0020622822,0.3154123806,0.0028719484,0.1079338326,0.0014339786,0.0719611104,0.0005824394,0.1773797110,0.0013774353,0.1135152232,0.0006772714,0.0030510348,0.0011320521,80,96
no_retrieval_controller,seen_corpus,9,0.4102864583,0.0110312065,0.3008772017,0.0117904516,0.3030120500,0.0016821009,0.2127335100,0.0020772907,0.3160196022,0.0028191809,0.1075710770,0.0014788383,0.0718645771,0.0005928992,0.1774198551,0.0013778281,0.1135651862,0.0006683975,0.0028529860,0.0011413848,80,96
no_retrieval_controller,sparse_corpus,0,0.3455729167,0.0132094363,0.2041907950,0.0145321246,0.2860194750,0.0016746495,0.2359950370,0.0020349217,0.3021820387,0.0028721008,0.1178178401,0.0015065271,0.0821878417,0.0006236802,0.2005308500,0.0014112196,0.1248849506,0.0005787485,0.0000000000,0.0000000000,80,96
no_retrieval_controller,sparse_corpus,1,0.3542968750,0.0118219875,0.2131529453,0.0130188306,0.2863041125,0.0017205518,0.2363184120,0.0019985360,0.3020981831,0.0028642761,0.1172711701,0.0013915676,0.0818755438,0.0006978652,0.2007976112,0.0013793194,0.1250181121,0.0005540914,0.0000000000,0.0000000000,80,96
no_retrieval_controller,sparse_corpus,2,0.3600260417,0.0134620118,0.2189574996,0.0147927569,0.2865887500,0.0016814287,0.2365167245,0.0020798967,0.3027190546,0.0029478725,0.1173699520,0.0014062513,0.0818302854,0.0006836671,0.2007459096,0.0014932381,0.1252993476,0.0005614999,0.0000000000,0.0000000000,80,96
no_retrieval_controller,sparse_corpus,3,0.3389322917,0.0127788494,0.1974414565,0.0139690221,0.2865232125,0.0015780696,0.2367150370,0.0020536415,0.3026395762,0.0029484496,0.1175763588,0.0013707138,0.0821605479,0.0006773805,0.2010069643,0.0015250001,0.1252053956,0.0006013065,0.0000000000,0.0000000000,80,96
no_retrieval_controller,sparse_corpus,4,0.3424479167,0.0120533815,0.2012310971,0.0134462620,0.2866327625,0.0015737740,0.2365381620,0.0020783333,0.3025732293,0.0030260558,0.1172384963,0.0014603256,0.0820712417,0.0006456263,0.2011508492,0.0015654221,0.1251804781,0.0006466011,0.0000000000,0.0000000000,80,96
no_retrieval_controller,sparse_corpus,5,0.3641927083,0.0096943030,0.2230489398,0.0109267955,0.2863921375,0.0015802712,0.2367364745,0.0020669448,0.3021435759,0.0029667315,0.1168989220,0.0014449256,0.0817267271,0.0005945381,0.2012181070,0.0015564903,0.1252366011,0.0006762575,0.0000000000,0.0000000000,80,96
no_retrieval_controller,sparse_corpus,6,0.3559895833,0.0113394891,0.2143052181,0.0131879039,0.2861515125,0.0016321142,0.2371849120,0.0020304095,0.3018802556,0.0030090985,0.1172659938,0.0015199499,0.0818014833,0.0006579992,0.2011935764,0.0015161123,0.1253717636,0.0006833754,0.0000000000,0.0000000000,80,96
no_retrieval_controller,sparse_corpus,7,0.3492187500,0.0142295757,0.2075257741,0.0155048969,0.2864361500,0.0016314311,0.2371330995,0.0020505217,0.3019846190,0.0030124820,0.1174221920,0.0015220657,0.0819312250,0.0006429040,0.2010398663,0.0014677637,0.1254238846,0.0007039822,0.0000000000,0.0000000000,80,96
no_retrieval_controller,sparse_corpus,8,0.3500000000,0.0131284249,0.2082161860,0.0142574426,0.2860204375,0.0016019946,0.2370812870,0.0020854327,0.3017388075,0.0030120113,0.1175925276,0.0014886863,0.0818802000,0.0005866204,0.2006923594,0.0014201506,0.1256260806,0.0006950082,0.0000000000,0.0000000000,80,96
no_retrieval_controller,sparse_corpus,9,0.3514322917,0.0134811059,0.2096486877,0.0149682828,0.2859549000,0.0016890785,0.2367793495,0.0020703812,0.3008014003,0.0030416936,0.1175085232,0.0015772720,0.0816699854,0.0006449539,0.2007462455,0.0013820403,0.1253740496,0.0006698624,0.0000000000,0.0000000000,80,96
no_retrieval_controller,stale_memory,0,0.3442708333,0.0129019028,0.1945406024,0.0142515370,0.2814815875,0.0018217084,0.2449580730,0.0021271477,0.2986485649,0.0028085158,0.1191623401,0.0015216111,0.0852325833,0.0006533053,0.2042006891,0.0014164462,0.1297060117,0.0006465838,0.0000000000,0.0000000000,80,96
no_retrieval_controller,stale_memory,1,0.3536458333,0.0105508340,0.2040158005,0.0121049416,0.2814090500,0.0018703157,0.2450263230,0.0021288556,0.2989168137,0.0027757969,0.1190333176,0.0015023439,0.0852083208,0.0006339703,0.2042455319,0.0014339600,0.1298320912,0.0006305795,0.0000000000,0.0000000000,80,96
no_retrieval_controller,stale_memory,2,0.3506510417,0.0134526998,0.2007361444,0.0147890749,0.2804610750,0.0016703659,0.2449695105,0.0021165968,0.2990143521,0.0029324564,0.1192682720,0.0015393396,0.0854322729,0.0006184612,0.2041877696,0.0013751602,0.1297310572,0.0006668305,0.0000000000,0.0000000000,80,96
no_retrieval_controller,stale_memory,3,0.3518229167,0.0119577902,0.2022243253,0.0133831043,0.2798632750,0.0016219080,0.2449126980,0.0020798071,0.2992869781,0.0029949062,0.1189029639,0.0015663718,0.0852227042,0.0006071728,0.2041268558,0.0014170905,0.1297800982,0.0006877292,0.0000000000,0.0000000000,80,96
no_retrieval_controller,stale_memory,4,0.3506510417,0.0131452128,0.2011682900,0.0148765178,0.2799658250,0.0014947699,0.2446057605,0.0020579382,0.2993932709,0.0029714436,0.1190125595,0.0016272572,0.0854211354,0.0006061552,0.2038575803,0.0013910186,0.1299001747,0.0006902321,0.0000000000,0.0000000000,80,96
no_retrieval_controller,stale_memory,5,0.3404947917,0.0139705190,0.1907667343,0.0154405142,0.2802434625,0.0015512448,0.2447990730,0.0020909527,0.2996571424,0.0030092391,0.1192438539,0.0015996118,0.0855952729,0.0006199501,0.2041082297,0.0013885063,0.1296530677,0.0007054518,0.0000000000,0.0000000000,80,96
no_retrieval_controller,stale_memory,6,0.3408854167,0.0133643124,0.1911906590,0.0148473140,0.2799958375,0.0015639647,0.2448673230,0.0020547449,0.2995752162,0.0029196424,0.1190514376,0.0015111568,0.0856217542,0.0006485094,0.2040593256,0.0013960737,0.1297041097,0.0006858226,0.0000000000,0.0000000000,80,96
no_retrieval_controller,stale_memory,7,0.3488281250,0.0111412692,0.1992597341,0.0125994189,0.2802734750,0.0015902801,0.2449355730,0.0019944726,0.2996683774,0.0029433809,0.1188731589,0.0014607360,0.0854674687,0.0006334161,0.2043074200,0.0013991378,0.1296801142,0.0006845745,0.0000000000,0.0000000000,80,96
no_retrieval_controller,stale_memory,8,0.3470052083,0.0127512065,0.1975164140,0.0139617000,0.2810763750,0.0015870116,0.2451288855,0.0019890070,0.3002824240,0.0029635840,0.1190294907,0.0014994383,0.0854499021,0.0006552662,0.2043516662,0.0014115046,0.1297331572,0.0006216830,0.0000000000,0.0000000000,80,96
no_retrieval_controller,stale_memory,9,0.3470052083,0.0135389574,0.1976353116,0.0149744031,0.2813540125,0.0016261437,0.2453221980,0.0019843925,0.3007213831,0.0029254993,0.1188528601,0.0014812206,0.0855568896,0.0006833021,0.2043990640,0.0013777267,0.1294860502,0.0006057209,0.0000000000,0.0000000000,80,96
no_retrieval_controller,visually_aliased,0,0.3381510417,0.0148286553,0.1913881636,0.0164574144,0.2838613750,0.0016356800,0.2393530295,0.0021798885,0.2991947090,0.0029119983,0.1194056058,0.0015716335,0.0836325729,0.0006982180,0.2058263316,0.0014495426,0.1268352660,0.0007238397,0.0000000000,0.0000000000,80,96
no_retrieval_controller,visually_aliased,1,0.3390625000,0.0143584279,0.1922639146,0.0157451793,0.2831164875,0.0015675850,0.2395663420,0.0021857534,0.2994858805,0.0028785727,0.1193760439,0.0014956078,0.0833636125,0.0006257206,0.2058932895,0.0014676056,0.1264504040,0.0007134982,0.0000000000,0.0000000000,80,96
no_retrieval_controller,visually_aliased,2,0.3479166667,0.0125478900,0.2010961315,0.0138649466,0.2828968625,0.0015640123,0.2397796545,0.0021694208,0.2990767021,0.0029381721,0.1191284758,0.0014997857,0.0832836042,0.0005872703,0.2057727538,0.0014805267,0.1263656920,0.0007010623,0.0000000000,0.0000000000,80,96
no_retrieval_controller,visually_aliased,3,0.3446614583,0.0112426312,0.1976772206,0.0125665679,0.2832025000,0.0015392817,0.2398679045,0.0021492937,0.2988469883,0.0029912183,0.1193152346,0.0014542513,0.0832980896,0.0005946651,0.2057434099,0.0014888344,0.1262789790,0.0006743827,0.0000000000,0.0000000000,80,96
no_retrieval_controller,visually_aliased,4,0.3401041667,0.0123064036,0.1932508535,0.0139535283,0.2833330500,0.0015296537,0.2395809670,0.0021479773,0.2986304062,0.0030196320,0.1194241302,0.0014741629,0.0830306542,0.0006691484,0.2056969462,0.0014814082,0.1262613005,0.0006728616,0.0000000000,0.0000000000,80,96
no_retrieval_controller,visually_aliased,5,0.3417968750,0.0116681196,0.1947452854,0.0130046661,0.2829383375,0.0017000444,0.2397942795,0.0021172020,0.2985714027,0.0030430627,0.1196056183,0.0014487834,0.0828257938,0.0006633039,0.2056701573,0.0015157519,0.1264017010,0.0006356819,0.0000000000,0.0000000000,80,96
no_retrieval_controller,visually_aliased,6,0.3371093750,0.0131216095,0.1901823275,0.0144334969,0.2837692375,0.0016970358,0.2393822795,0.0021026182,0.2985342852,0.0028795505,0.1199332158,0.0014449771,0.0828603313,0.0006855771,0.2055147854,0.0014256035,0.1262319465,0.0006342686,0.0000000000,0.0000000000,80,96
no_retrieval_controller,visually_aliased,7,0.3414062500,0.0128305195,0.1946358418,0.0141473591,0.2835496125,0.0017016228,0.2390953420,0.0020415887,0.2983177030,0.0029163452,0.1197326614,0.0014920876,0.0829191625,0.0006619843,0.2054683217,0.0013764850,0.1264393805,0.0006122262,0.0000000000,0.0000000000,80,96
no_retrieval_controller,visually_aliased,8,0.3424479167,0.0129451553,0.1959406367,0.0144499404,0.2836801625,0.0016659189,0.2389334670,0.0020231451,0.2984469187,0.0028158357,0.1196744927,0.0015625815,0.0827234167,0.0006389561,0.2053212115,0.0014267551,0.1266488155,0.0006503475,0.0000000000,0.0000000000,80,96
no_retrieval_controller,visually_aliased,9,0.3360677083,0.0129470340,0.1892921341,0.0146122139,0.2836356250,0.0016825880,0.2391467795,0.0020369209,0.2985630027,0.0028100871,0.1198512183,0.0015558123,0.0829317271,0.0006410653,0.2053913210,0.0014773463,0.1267141785,0.0006290481,0.0000000000,0.0000000000,80,96
oracle_mechanism_retrieval,combined_stress,0,0.7838541667,0.0104667323,0.9229716681,0.0105482480,0.7351208625,0.0015923505,0.0538338288,0.0013182512,0.6774393585,0.0030107236,0.0401723430,0.0014144448,0.1864116417,0.0005297328,0.0819839138,0.0014006747,0.0459430013,0.0007035966,0.8593770393,0.0015393967,80,96
oracle_mechanism_retrieval,combined_stress,1,0.7968750000,0.0099928470,0.9354614842,0.0099521549,0.7356155875,0.0016599516,0.0535568913,0.0012244762,0.6779367763,0.0029978676,0.0400465699,0.0014194123,0.1862042625,0.0005661547,0.0820330981,0.0013907934,0.0459314828,0.0007054694,0.8596118835,0.0015048144,80,96
oracle_mechanism_retrieval,combined_stress,2,0.7869791667,0.0096359997,0.9254041401,0.0099237909,0.7357601375,0.0017661153,0.0535300788,0.0012422496,0.6777250897,0.0029338067,0.0402757680,0.0014351562,0.1863927542,0.0005896722,0.0821063019,0.0014280219,0.0459239663,0.0006471624,0.8595035563,0.0015904559,80,96
oracle_mechanism_retrieval,combined_stress,3,0.7908854167,0.0112460406,0.9284637236,0.0113369198,0.7355545125,0.0017235291,0.0536283288,0.0012922361,0.6778592010,0.0028877943,0.0400401705,0.0014686740,0.1864630542,0.0006290978,0.0818787592,0.0012756044,0.0459934883,0.0006432414,0.8597599113,0.0016311978,80,96
oracle_mechanism_retrieval,combined_stress,4,0.7907552083,0.0111187506,0.9283255842,0.0110971394,0.7355239750,0.0017449964,0.0534764538,0.0011921835,0.6773017166,0.0028491923,0.0401598705,0.0014084810,0.1865898646,0.0006132852,0.0820526095,0.0012962001,0.0462090833,0.0006572841,0.8594449808,0.0016973703,80,96
oracle_mechanism_retrieval,combined_stress,5,0.7867187500,0.0119963381,0.9234913813,0.0113186690,0.7353183500,0.0016960814,0.0536997663,0.0011864978,0.6772563632,0.0028287365,0.0400759961,0.0013893999,0.1866212875,0.0005857013,0.0821340749,0.0012715071,0.0462806063,0.0006516549,0.8593936820,0.0016714630,80,96
oracle_mechanism_retrieval,combined_stress,6,0.7970052083,0.0112297173,0.9347246557,0.0113429334,0.7354629000,0.0016467088,0.0537980163,0.0012845399,0.6773904744,0.0028002829,0.0397255549,0.0014081536,0.1866022646,0.0006290179,0.0822066822,0.0012946959,0.0461250158,0.0006225650,0.8596780510,0.0016764571,80,96
oracle_mechanism_retrieval,combined_stress,7,0.7924479167,0.0101939475,0.9303131112,0.0104045563,0.7343818375,0.0016826725,0.0537712038,0.0013117525,0.6778791379,0.0027397846,0.0396335468,0.0013732636,0.1865659417,0.0005895608,0.0823673297,0.0013307989,0.0463426118,0.0006080927,0.8592715748,0.0017114697,80,96
oracle_mechanism_retrieval,combined_stress,8,0.7947916667,0.0104597984,0.9329407600,0.0106235746,0.7343513000,0.0016612057,0.0533692038,0.0013323208,0.6773304079,0.0027842873,0.0396912068,0.0013718875,0.1865080417,0.0005977340,0.0821295668,0.0014098579,0.0462540548,0.0005782896,0.8594719018,0.0017176853,80,96
oracle_mechanism_retrieval,combined_stress,9,0.7865885417,0.0094570164,0.9255645940,0.0097132718,0.7336204125,0.0016143846,0.0530922663,0.0013366593,0.6776527382,0.0027677951,0.0397223524,0.0013956379,0.1868229104,0.0005748944,0.0822819527,0.0014573521,0.0463926113,0.0005782635,0.8596086970,0.0016835513,80,96
oracle_mechanism_retrieval,cross_embodiment,0,0.8028645833,0.0100374644,0.9523545040,0.0089998773,0.7455515250,0.0014797064,0.0458272920,0.0013150368,0.6862006823,0.0028740703,0.0353955729,0.0014064985,0.1798057208,0.0005363704,0.0696482659,0.0013362689,0.0386462867,0.0006095474,0.8828218345,0.0016140147,80,96
oracle_mechanism_retrieval,cross_embodiment,1,0.7967447917,0.0105201192,0.9476632533,0.0098712846,0.7457030750,0.0014805056,0.0460556045,0.0012888777,0.6854618038,0.0028153385,0.0355776611,0.0014013011,0.1800193854,0.0004958281,0.0695463397,0.0013383412,0.0382706647,0.0006179071,0.8826027097,0.0015818315,80,96
oracle_mechanism_retrieval,cross_embodiment,2,0.7981770833,0.0097548780,0.9476974927,0.0085929769,0.7456795375,0.0015711138,0.0464089795,0.0012790740,0.6854188982,0.0027801383,0.0353324161,0.0014612033,0.1801273208,0.0005206152,0.0697376639,0.0013532134,0.0383472687,0.0006602487,0.8828623242,0.0016120935,80,96
oracle_mechanism_retrieval,cross_embodiment,3,0.8055989583,0.0095813867,0.9544811974,0.0082050556,0.7458310875,0.0016339814,0.0466372920,0.0012052043,0.6857305448,0.0027821733,0.0350456417,0.0014079821,0.1799262896,0.0005488778,0.0696168283,0.0013511482,0.0381967592,0.0006476808,0.8831434495,0.0015506419,80,96
oracle_mechanism_retrieval,cross_embodiment,4,0.8002604167,0.0090710023,0.9512530401,0.0081138780,0.7458075500,0.0016488474,0.0467405420,0.0012014041,0.6856963935,0.0027259244,0.0352799504,0.0014059745,0.1801290167,0.0005817061,0.0694965893,0.0013794507,0.0383443987,0.0006818220,0.8833180215,0.0015735939,80,96
oracle_mechanism_retrieval,cross_embodiment,5,0.8028645833,0.0114782354,0.9511445277,0.0105384852,0.7463092750,0.0016495538,0.0462184795,0.0012744750,0.6846336032,0.0029503408,0.0353275186,0.0014745050,0.1800704708,0.0006315996,0.0695668267,0.0013235316,0.0383319582,0.0006719765,0.8836721832,0.0015891751,80,96
oracle_mechanism_retrieval,cross_embodiment,6,0.7898437500,0.0093007662,0.9414472252,0.0083363704,0.7454103000,0.0018731207,0.0460716045,0.0013367073,0.6844331188,0.0028927866,0.0353824498,0.0013233529,0.1803057125,0.0006023803,0.0697384761,0.0013329008,0.0384005582,0.0006385644,0.8837917277,0.0016902754,80,96
oracle_mechanism_retrieval,cross_embodiment,7,0.7977864583,0.0101024298,0.9472254134,0.0093024432,0.7453867625,0.0018826048,0.0464249795,0.0013553165,0.6840400382,0.0030238389,0.0355452798,0.0013564021,0.1803225021,0.0006679818,0.0693358034,0.0013318660,0.0387022747,0.0006223845,0.8838512422,0.0017203969,80,96
oracle_mechanism_retrieval,cross_embodiment,8,0.8023437500,0.0076528034,0.9535827050,0.0073385764,0.7455383125,0.0018891639,0.0465282295,0.0014065854,0.6840058870,0.0031349657,0.0353763511,0.0013624683,0.1803866875,0.0006354624,0.0695157144,0.0013430001,0.0383246517,0.0006113612,0.8834395212,0.0017028500,80,96
oracle_mechanism_retrieval,cross_embodiment,9,0.8042968750,0.0097231751,0.9531942588,0.0085604687,0.7458649500,0.0017732349,0.0457560420,0.0014096477,0.6838272885,0.0030444644,0.0353430917,0.0013869260,0.1802622188,0.0006201365,0.0694587307,0.0014335298,0.0385333217,0.0006363801,0.8834945335,0.0016865090,80,96
oracle_mechanism_retrieval,heldout_mechanism,0,0.8018229167,0.0118580918,0.9548633150,0.0100829779,0.7499100000,0.0015998792,0.0434646758,0.0013545822,0.6880735788,0.0028903315,0.0333594523,0.0013002216,0.1776379167,0.0005941977,0.0642040860,0.0014037519,0.0353255323,0.0005778818,0.8916993695,0.0017971309,80,96
oracle_mechanism_retrieval,heldout_mechanism,1,0.8039062500,0.0094554907,0.9599416100,0.0084140125,0.7498934625,0.0015479260,0.0431977383,0.0012651641,0.6880593842,0.0028265608,0.0332871792,0.0013113631,0.1776647000,0.0005526890,0.0637706793,0.0014495270,0.0354702488,0.0005894432,0.8919007127,0.0017420153,80,96
oracle_mechanism_retrieval,heldout_mechanism,2,0.8100260417,0.0099016354,0.9626086117,0.0082176149,0.7493516625,0.0013844216,0.0433059883,0.0013802136,0.6880320579,0.0028096183,0.0333936254,0.0013584380,0.1777100104,0.0005331067,0.0639546924,0.0014913364,0.0354708933,0.0006069224,0.8919374737,0.0016382471,80,96
oracle_mechanism_retrieval,heldout_mechanism,3,0.8100260417,0.0093957934,0.9632727833,0.0074438004,0.7493351250,0.0014921613,0.0432891758,0.0013735346,0.6881841963,0.0027941072,0.0333013236,0.0013812502,0.1776158854,0.0005445674,0.0641298474,0.0014741892,0.0356196118,0.0005983508,0.8920237595,0.0015819707,80,96
oracle_mechanism_retrieval,heldout_mechanism,4,0.8001302083,0.0100395586,0.9558096404,0.0090791927,0.7491435000,0.0015879652,0.0433974258,0.0014467887,0.6878066951,0.0028162724,0.0333208636,0.0013825582,0.1778103771,0.0005645864,0.0641200636,0.0014801213,0.0354701813,0.0006631748,0.8918884345,0.0017107767,80,96
oracle_mechanism_retrieval,heldout_mechanism,5,0.8037760417,0.0085751519,0.9602796691,0.0075737310,0.7493020500,0.0016291603,0.0432555508,0.0013962093,0.6883133857,0.0028388416,0.0330791448,0.0013890074,0.1777402479,0.0005913396,0.0641831588,0.0014002008,0.0355418613,0.0006613160,0.8919962310,0.0016195168,80,96
oracle_mechanism_retrieval,heldout_mechanism,6,0.7951822917,0.0091878141,0.9522039237,0.0086800971,0.7498107750,0.0015624738,0.0432387383,0.0014239392,0.6882904367,0.0028663509,0.0335167179,0.0014187267,0.1777664354,0.0005652092,0.0639612654,0.0013572560,0.0356155423,0.0006712387,0.8919244377,0.0015775006,80,96
oracle_mechanism_retrieval,heldout_mechanism,7,0.8071614583,0.0093235638,0.9610281821,0.0078487097,0.7497942375,0.0015628297,0.0434720508,0.0014439522,0.6884338207,0.0028311857,0.0333763748,0.0014372726,0.1777297146,0.0005890575,0.0641478335,0.0012951114,0.0357682628,0.0007118558,0.8919957160,0.0015064256,80,96
oracle_mechanism_retrieval,heldout_mechanism,8,0.8052083333,0.0102881374,0.9583917078,0.0086648348,0.7499527875,0.0015967989,0.0432051133,0.0013771456,0.6884196260,0.0029761262,0.0331516454,0.0014534573,0.1777379708,0.0005848407,0.0641146268,0.0013576375,0.0357629043,0.0006787631,0.8919109162,0.0015486083,80,96
oracle_mechanism_retrieval,heldout_mechanism,9,0.8063802083,0.0104110921,0.9589788304,0.0088373682,0.7499362500,0.0016556794,0.0434384258,0.0013284629,0.6876875726,0.0031578225,0.0333559086,0.0014733716,0.1776274396,0.0005778642,0.0638167029,0.0013019756,0.0354653998,0.0006336954,0.8919821945,0.0015468350,80,96
oracle_mechanism_retrieval,heldout_object,0,0.8011718750,0.0087634491,0.9627375133,0.0076651118,0.7547929125,0.0017185867,0.0415241048,0.0012891898,0.6920957613,0.0029534325,0.0311147936,0.0014323148,0.1754841938,0.0006104886,0.0574621610,0.0013795127,0.0325952957,0.0006565536,0.9010298367,0.0016278858,80,96
oracle_mechanism_retrieval,heldout_object,1,0.8032552083,0.0095126469,0.9630591864,0.0079038852,0.7544052000,0.0016453841,0.0412421673,0.0012956807,0.6922361791,0.0029442209,0.0310324705,0.0014230928,0.1753519021,0.0006381997,0.0575135463,0.0013458666,0.0325806972,0.0006374244,0.9009902860,0.0016315652,80,96
oracle_mechanism_retrieval,heldout_object,2,0.8082031250,0.0097502707,0.9670087585,0.0081851470,0.7541925750,0.0016326923,0.0413354173,0.0013327834,0.6916631154,0.0029941666,0.0309998855,0.0014304065,0.1752545438,0.0006139534,0.0576947077,0.0013780165,0.0326471392,0.0006245548,0.9009422310,0.0016535684,80,96
oracle_mechanism_retrieval,heldout_object,3,0.8115885417,0.0108849468,0.9667864327,0.0082314483,0.7543301250,0.0015980193,0.0414286673,0.0013453445,0.6912651391,0.0029344751,0.0309954255,0.0013547000,0.1751790604,0.0006573091,0.0576726175,0.0013979614,0.0325635062,0.0005616853,0.9011222900,0.0016496025,80,96
oracle_mechanism_retrieval,heldout_object,4,0.8055989583,0.0109136908,0.9628365665,0.0086521727,0.7546427625,0.0015942511,0.0415219173,0.0013036699,0.6915675129,0.0028864642,0.0310846780,0.0013206748,0.1750847521,0.0006182361,0.0576379210,0.0013559663,0.0322547607,0.0005372844,0.9010162060,0.0016667438,80,96
oracle_mechanism_retrieval,heldout_object,5,0.8080729167,0.0092794675,0.9684084778,0.0080027983,0.7540799625,0.0014336623,0.0413650423,0.0013953862,0.6918786410,0.0028521329,0.0306288905,0.0012933914,0.1750970667,0.0005672825,0.0575918114,0.0013768365,0.0323922382,0.0005130572,0.9010551945,0.0016408652,80,96
oracle_mechanism_retrieval,heldout_object,6,0.8072916667,0.0101565140,0.9636945507,0.0072855998,0.7545676875,0.0015143427,0.0410831048,0.0014149833,0.6914937963,0.0029488140,0.0308232423,0.0013482673,0.1750799167,0.0005629809,0.0577527014,0.0013741596,0.0325277147,0.0005498609,0.9010856787,0.0015999818,80,96
oracle_mechanism_retrieval,heldout_object,7,0.8121093750,0.0117769903,0.9660531540,0.0088361006,0.7543550625,0.0014700270,0.0409262298,0.0013726967,0.6921550995,0.0029208766,0.0308505298,0.0013917152,0.1749093438,0.0005895351,0.0581004886,0.0013777359,0.0324400797,0.0006371727,0.9011526812,0.0016201674,80,96
oracle_mechanism_retrieval,heldout_object,8,0.8037760417,0.0099229280,0.9621562316,0.0079264143,0.7546677000,0.0015202084,0.0412696048,0.0014028677,0.6919234563,0.0029121598,0.0310745161,0.0013742058,0.1752230354,0.0006097213,0.0576864600,0.0014658565,0.0325855612,0.0006466845,0.9011316397,0.0015950430,80,96
oracle_mechanism_retrieval,heldout_object,9,0.8100260417,0.0104335576,0.9669339098,0.0081891363,0.7544550750,0.0016147541,0.0411127298,0.0013493134,0.6920594970,0.0029545317,0.0310009848,0.0013940495,0.1751074479,0.0006082247,0.0579436519,0.0014455685,0.0324979262,0.0006160919,0.9008984922,0.0015531915,80,96
oracle_mechanism_retrieval,seen_corpus,0,0.8191406250,0.0085427865,0.9808161247,0.0060648163,0.7606792375,0.0015794238,0.0389132270,0.0012651819,0.6959714996,0.0028589136,0.0284934571,0.0013940234,0.1717437563,0.0005406404,0.0494572582,0.0013792702,0.0286610241,0.0006715154,0.9117634454,0.0016095310,80,96
oracle_mechanism_retrieval,seen_corpus,1,0.8141927083,0.0109889736,0.9732558705,0.0078269690,0.7602705250,0.0015285996,0.0389914770,0.0012994011,0.6959032233,0.0028589901,0.0287039846,0.0013626980,0.1719260146,0.0005803500,0.0492164584,0.0014184544,0.0287932636,0.0006742138,0.9117886534,0.0015849363,80,96
oracle_mechanism_retrieval,seen_corpus,2,0.8096354167,0.0107617369,0.9707216486,0.0078187149,0.7603870750,0.0015404315,0.0386945395,0.0013178688,0.6956729911,0.0028376993,0.0286561053,0.0014085866,0.1721778417,0.0005392998,0.0492618404,0.0014102810,0.0288444626,0.0006759925,0.9118783936,0.0015597912,80,96
oracle_mechanism_retrieval,seen_corpus,3,0.8113281250,0.0134969971,0.9669114333,0.0092794268,0.7601534500,0.0016905752,0.0388978520,0.0013608276,0.6959505127,0.0028867282,0.0283806684,0.0014453169,0.1721170563,0.0006488706,0.0496207441,0.0013836859,0.0286785531,0.0006001387,0.9117100049,0.0016620893,80,96
oracle_mechanism_retrieval,seen_corpus,4,0.8203125000,0.0095920935,0.9787787800,0.0063782084,0.7599198250,0.0018001480,0.0388510395,0.0013523291,0.6960617011,0.0030885940,0.0281815853,0.0014218292,0.1722543375,0.0006320563,0.0496712362,0.0013633850,0.0290339041,0.0006003953,0.9116566736,0.0017160868,80,96
oracle_mechanism_retrieval,seen_corpus,5,0.8101562500,0.0085638476,0.9747349344,0.0058690141,0.7593360250,0.0017966511,0.0388042270,0.0012589056,0.6965230646,0.0030582025,0.0281019209,0.0014011484,0.1725095125,0.0006299933,0.0496153751,0.0013145629,0.0289390301,0.0006028348,0.9113752284,0.0016346636,80,96
oracle_mechanism_retrieval,seen_corpus,6,0.8216145833,0.0098490814,0.9797388576,0.0063045770,0.7596276625,0.0017064643,0.0385072895,0.0012831686,0.6966430074,0.0029747430,0.0277657603,0.0013737869,0.1723870458,0.0006265806,0.0496544539,0.0013103018,0.0289902291,0.0006224248,0.9114789756,0.0015946415,80,96
oracle_mechanism_retrieval,seen_corpus,7,0.8214843750,0.0106246141,0.9774038902,0.0071466549,0.7597442125,0.0016764681,0.0388356645,0.0012813764,0.6969161517,0.0030247974,0.0276819653,0.0013894408,0.1725018563,0.0006680972,0.0499190142,0.0012712941,0.0289763956,0.0006194913,0.9115311971,0.0016031110,80,96
oracle_mechanism_retrieval,seen_corpus,8,0.8144531250,0.0099537876,0.9751128451,0.0071985763,0.7598607625,0.0016441621,0.0389139145,0.0012329717,0.6968478755,0.0029723060,0.0277799178,0.0013800428,0.1724881688,0.0006343025,0.0497782644,0.0014266999,0.0288835226,0.0006392120,0.9113983261,0.0016676607,80,96
oracle_mechanism_retrieval,seen_corpus,9,0.8117187500,0.0099979609,0.9730843693,0.0072454443,0.7603274875,0.0016305778,0.0392422895,0.0012362119,0.6969459324,0.0030727113,0.0278930728,0.0013676693,0.1721892125,0.0005834027,0.0501460262,0.0013980557,0.0289447266,0.0006007192,0.9112784616,0.0016037722,80,96
oracle_mechanism_retrieval,sparse_corpus,0,0.7990885417,0.0096448510,0.9470558164,0.0092272607,0.7433606375,0.0016985732,0.0478039449,0.0013622235,0.6838236769,0.0028759307,0.0361843699,0.0014294858,0.1820194479,0.0006287697,0.0724973013,0.0014103630,0.0405655806,0.0006613686,0.8774954143,0.0017418701,80,96
oracle_mechanism_retrieval,sparse_corpus,1,0.7901041667,0.0104956790,0.9376271746,0.0101523029,0.7431410125,0.0015861224,0.0480172574,0.0013764431,0.6839397610,0.0029117916,0.0364079705,0.0014243027,0.1818890292,0.0006257125,0.0726674609,0.0014186563,0.0405559061,0.0006838766,0.8773355456,0.0016757605,80,96
oracle_mechanism_retrieval,sparse_corpus,2,0.7997395833,0.0097656901,0.9484238366,0.0090396747,0.7427463000,0.0015521485,0.0479804449,0.0014061976,0.6838895119,0.0029061420,0.0360537936,0.0013510307,0.1817980833,0.0005636742,0.0727293088,0.0014238680,0.0402420796,0.0006738663,0.8773767773,0.0015991073,80,96
oracle_mechanism_retrieval,sparse_corpus,3,0.7912760417,0.0108622005,0.9386642733,0.0102344087,0.7427017625,0.0015599234,0.0484438824,0.0013990130,0.6836466666,0.0029256975,0.0362104905,0.0013689213,0.1818854854,0.0005880248,0.0725169847,0.0014491610,0.0398612196,0.0006910693,0.8773159581,0.0015424437,80,96
oracle_mechanism_retrieval,sparse_corpus,4,0.7990885417,0.0102804014,0.9463364046,0.0100063213,0.7430074000,0.0015351060,0.0479068199,0.0013892795,0.6830886638,0.0030877208,0.0361542586,0.0013691206,0.1814448729,0.0006350164,0.0724654109,0.0014283560,0.0399145766,0.0006651484,0.8775432828,0.0015323610,80,96
oracle_mechanism_retrieval,sparse_corpus,5,0.8045572917,0.0098883042,0.9499165002,0.0087364158,0.7427877750,0.0016060754,0.0482451949,0.0013921990,0.6826751082,0.0030092751,0.0362765324,0.0013334428,0.1811871479,0.0006269593,0.0725506818,0.0014884661,0.0398318656,0.0006661662,0.8775760103,0.0015089230,80,96
oracle_mechanism_retrieval,sparse_corpus,6,0.8007812500,0.0096665813,0.9484638893,0.0096478616,0.7427432375,0.0016962241,0.0479582574,0.0013860134,0.6831588760,0.0030022018,0.0365214405,0.0013590552,0.1812089250,0.0006559112,0.0722915118,0.0014237966,0.0398892246,0.0006250943,0.8778603636,0.0015463678,80,96
oracle_mechanism_retrieval,sparse_corpus,7,0.8006510417,0.0118401056,0.9456058734,0.0099832336,0.7433990500,0.0016828822,0.0480465074,0.0013587461,0.6829291622,0.0028650809,0.0364268368,0.0013714804,0.1813297354,0.0006175236,0.0722621679,0.0013333613,0.0398775491,0.0006105632,0.8776779836,0.0015992205,80,96
oracle_mechanism_retrieval,sparse_corpus,8,0.7955729167,0.0109825571,0.9430129288,0.0101264975,0.7430043375,0.0017346310,0.0476345074,0.0012832906,0.6827169572,0.0028866891,0.0365363530,0.0014189699,0.1812196667,0.0005914168,0.0722099976,0.0013608391,0.0399329071,0.0006021572,0.8778417766,0.0015694093,80,96
oracle_mechanism_retrieval,sparse_corpus,9,0.7972656250,0.0106877463,0.9451154966,0.0100560329,0.7431348875,0.0016830965,0.0474726324,0.0012519135,0.6830212604,0.0027859456,0.0365415030,0.0014112862,0.1813149562,0.0005646510,0.0721597858,0.0014017759,0.0402173796,0.0006126748,0.8776323831,0.0015994258,80,96
oracle_mechanism_retrieval,stale_memory,0,0.7914062500,0.0089480149,0.9335071562,0.0087875912,0.7375283625,0.0017506296,0.0545131646,0.0014331936,0.6813508367,0.0028721711,0.0380567715,0.0013778768,0.1851240375,0.0005054900,0.0753069773,0.0014289697,0.0446457681,0.0007020620,0.8636918291,0.0016074267,80,96
oracle_mechanism_retrieval,stale_memory,1,0.7997395833,0.0104571181,0.9407717850,0.0103648121,0.7374768250,0.0016146732,0.0547214771,0.0013843706,0.6805846583,0.0029786607,0.0378902659,0.0013889557,0.1851233583,0.0005200943,0.0752886926,0.0014841591,0.0447830886,0.0006909049,0.8636417574,0.0015720424,80,96
oracle_mechanism_retrieval,stale_memory,2,0.8005208333,0.0097867730,0.9408688534,0.0092560590,0.7372502000,0.0018307871,0.0545546021,0.0013612514,0.6810572239,0.0030126440,0.0379084721,0.0014175258,0.1850032958,0.0005689519,0.0754313271,0.0014547623,0.0447643311,0.0006343424,0.8638002899,0.0015963107,80,96
oracle_mechanism_retrieval,stale_memory,3,0.7903645833,0.0099887209,0.9318699547,0.0099503270,0.7373737500,0.0017644472,0.0545127896,0.0012781665,0.6810001499,0.0029440393,0.0379071953,0.0013645020,0.1853365083,0.0005725969,0.0752889728,0.0014104588,0.0445974996,0.0005982231,0.8634790826,0.0015700237,80,96
oracle_mechanism_retrieval,stale_memory,4,0.7990885417,0.0103952422,0.9399351428,0.0094879696,0.7374973000,0.0017849323,0.0543459146,0.0012024545,0.6811225405,0.0028998297,0.0376323578,0.0013053359,0.1854804354,0.0005612118,0.0753378604,0.0013609469,0.0446537796,0.0005993176,0.8635655791,0.0015990378,80,96
oracle_mechanism_retrieval,stale_memory,5,0.7875000000,0.0094751756,0.9304274213,0.0095659881,0.7379710250,0.0017780720,0.0541790396,0.0012227045,0.6815951061,0.0028248066,0.0378732203,0.0013351917,0.1856836250,0.0005945057,0.0757806449,0.0013640239,0.0447100596,0.0005987242,0.8635800396,0.0016050365,80,96
oracle_mechanism_retrieval,stale_memory,6,0.7899739583,0.0093901760,0.9323938294,0.0095521515,0.7380945750,0.0017007583,0.0545124146,0.0012748064,0.6813498130,0.0028852616,0.0376708628,0.0014032964,0.1857649771,0.0005713327,0.0759587120,0.0013408299,0.0445492311,0.0005707538,0.8635364711,0.0016957860,80,96
oracle_mechanism_retrieval,stale_memory,7,0.7976562500,0.0127417955,0.9355278101,0.0115351188,0.7376928625,0.0016381175,0.0543455396,0.0013364176,0.6812971161,0.0029886270,0.0371896628,0.0014412495,0.1853982250,0.0006762139,0.0761108012,0.0014223793,0.0446805486,0.0005740322,0.8633808466,0.0017226824,80,96
oracle_mechanism_retrieval,stale_memory,8,0.7977864583,0.0105745230,0.9384847265,0.0096118867,0.7381665875,0.0015049616,0.0545538521,0.0013063303,0.6814063752,0.0030542206,0.0372458509,0.0014180489,0.1852872771,0.0006118703,0.0760767586,0.0013574155,0.0447428316,0.0005961097,0.8631726959,0.0016911366,80,96
oracle_mechanism_retrieval,stale_memory,9,0.7977864583,0.0102128146,0.9392917527,0.0095986352,0.7381150500,0.0014298357,0.0546371021,0.0012775332,0.6816950989,0.0031018268,0.0372205909,0.0014287353,0.1851781521,0.0006147146,0.0760338578,0.0014087688,0.0447280761,0.0006326272,0.8634302779,0.0016384890,80,96
oracle_mechanism_retrieval,visually_aliased,0,0.7901041667,0.0112713773,0.9339498276,0.0103488392,0.7401139500,0.0014574901,0.0470273059,0.0012854928,0.6805928218,0.0029080393,0.0380948239,0.0013666737,0.1827193667,0.0006133681,0.0767889580,0.0014502854,0.0416080169,0.0006329442,0.8732515776,0.0015407104,80,96
oracle_mechanism_retrieval,visually_aliased,1,0.7975260417,0.0103612419,0.9432565707,0.0096607800,0.7402655000,0.0014718539,0.0467553684,0.0012864215,0.6812721521,0.0028949816,0.0377730320,0.0013217130,0.1826684104,0.0005905810,0.0769391428,0.0014667248,0.0415245409,0.0006390808,0.8731625179,0.0016077268,80,96
oracle_mechanism_retrieval,visually_aliased,2,0.7984375000,0.0102669598,0.9423349874,0.0092445807,0.7402419625,0.0015196687,0.0471087434,0.0012538420,0.6815794215,0.0029200692,0.0379123495,0.0013734169,0.1827086000,0.0006087892,0.0768240139,0.0013661606,0.0416761824,0.0006142530,0.8731219824,0.0015661198,80,96
oracle_mechanism_retrieval,visually_aliased,3,0.7901041667,0.0121336888,0.9341563277,0.0115512838,0.7402184250,0.0014747982,0.0474621184,0.0013220027,0.6818866909,0.0028833266,0.0380679983,0.0014327763,0.1825780667,0.0005431211,0.0771090849,0.0013416401,0.0418278239,0.0006119709,0.8731814969,0.0016083653,80,96
oracle_mechanism_retrieval,visually_aliased,4,0.7916666667,0.0096776625,0.9372613348,0.0096246935,0.7405450625,0.0014623005,0.0476904309,0.0012960831,0.6814979874,0.0027604859,0.0381118052,0.0014108940,0.1827592167,0.0005303954,0.0772009556,0.0013208332,0.0415272394,0.0006158679,0.8730764291,0.0016195515,80,96
oracle_mechanism_retrieval,visually_aliased,5,0.7868489583,0.0102595293,0.9322834373,0.0100352157,0.7403464375,0.0015609708,0.0480438059,0.0012860420,0.6814550818,0.0028776411,0.0381291352,0.0014686792,0.1828796146,0.0005092557,0.0771921798,0.0013610974,0.0416038434,0.0006400149,0.8732219866,0.0016066903,80,96
oracle_mechanism_retrieval,visually_aliased,6,0.7951822917,0.0112117894,0.9387256231,0.0101414390,0.7404979875,0.0016235035,0.0482721184,0.0012118556,0.6812414659,0.0027645734,0.0377509170,0.0014255604,0.1828158979,0.0005427585,0.0772808989,0.0013526790,0.0414533339,0.0006518131,0.8736031619,0.0015873652,80,96
oracle_mechanism_retrieval,visually_aliased,7,0.8009114583,0.0116108875,0.9439245389,0.0104271431,0.7409997125,0.0016247477,0.0483753684,0.0012078900,0.6813824021,0.0027435496,0.0377860070,0.0014054953,0.1828636771,0.0005382424,0.0771575083,0.0013825306,0.0415259359,0.0006877547,0.8737197049,0.0015709608,80,96
oracle_mechanism_retrieval,visually_aliased,8,0.7898437500,0.0120172123,0.9335538321,0.0117988445,0.7411512625,0.0016660108,0.0479783684,0.0012738141,0.6808404971,0.0029404576,0.0380133858,0.0015008189,0.1828464625,0.0006523731,0.0771239476,0.0013534004,0.0415905339,0.0006734762,0.8740383489,0.0015877184,80,96
oracle_mechanism_retrieval,visually_aliased,9,0.7949218750,0.0106855862,0.9395669232,0.0103068138,0.7404273750,0.0018408058,0.0478314934,0.0012966599,0.6804649252,0.0029779387,0.0378175733,0.0013688387,0.1829033562,0.0006420215,0.0771986985,0.0013409165,0.0415840964,0.0006435526,0.8741719004,0.0016820581,80,96
proposed_mechanism_retrieval_controller_v4,combined_stress,0,0.6701822917,0.0132601125,0.6926297558,0.0143506285,0.6074187125,0.0016387551,0.1222375566,0.0016282098,0.5743630280,0.0029280553,0.0633345852,0.0014585815,0.2400898604,0.0006583594,0.1213219555,0.0013758765,0.0721480109,0.0006218603,0.6849380936,0.0017895768,80,96
proposed_mechanism_retrieval_controller_v4,combined_stress,1,0.6601562500,0.0121243085,0.6822558499,0.0129488450,0.6071500000,0.0015646758,0.1221656816,0.0016455544,0.5740898311,0.0028657119,0.0636860102,0.0014544054,0.2404782500,0.0006349689,0.1210580387,0.0013898855,0.0721127359,0.0006055593,0.6849634591,0.0016774337,80,96
proposed_mechanism_retrieval_controller_v4,combined_stress,2,0.6682291667,0.0120518767,0.6900338156,0.0133157880,0.6070563750,0.0016452224,0.1224689941,0.0016486536,0.5741536777,0.0029331661,0.0638129546,0.0014764738,0.2404631792,0.0006476273,0.1214052385,0.0014147400,0.0720084264,0.0006168561,0.6850803704,0.0016786580,80,96
proposed_mechanism_retrieval_controller_v4,combined_stress,3,0.6717447917,0.0112824534,0.6934836117,0.0121649932,0.6062624000,0.0017709010,0.1221469941,0.0016461718,0.5742394102,0.0029417330,0.0639781583,0.0014258193,0.2404368729,0.0006568037,0.1215238054,0.0014382718,0.0721192244,0.0006063033,0.6852788224,0.0016653763,80,96
proposed_mechanism_retrieval_controller_v4,combined_stress,4,0.6700520833,0.0101029602,0.6918376296,0.0111181443,0.6063438625,0.0017457972,0.1218249941,0.0017041833,0.5743251427,0.0028961997,0.0641620746,0.0014374369,0.2404834833,0.0006168959,0.1215423222,0.0013946945,0.0723050599,0.0006020574,0.6852471594,0.0016949904,80,96
proposed_mechanism_retrieval_controller_v4,combined_stress,5,0.6755208333,0.0115830552,0.6976204548,0.0127267131,0.6062502375,0.0016799554,0.1218781816,0.0017919940,0.5745728311,0.0028827052,0.0638681602,0.0014735227,0.2402797583,0.0006107370,0.1213747072,0.0014574230,0.0725719359,0.0006116630,0.6852790281,0.0016962403,80,96
proposed_mechanism_retrieval_controller_v4,combined_stress,6,0.6699218750,0.0119003925,0.6919665528,0.0132264115,0.6059815250,0.0016965064,0.1219313691,0.0017694913,0.5742952571,0.0027422142,0.0639235396,0.0014803727,0.2401559437,0.0006227692,0.1211164970,0.0014529783,0.0724636244,0.0005987063,0.6851968399,0.0016962190,80,96
proposed_mechanism_retrieval_controller_v4,combined_stress,7,0.6703125000,0.0106578129,0.6924012893,0.0114667586,0.6069384250,0.0016930924,0.1221096191,0.0017535490,0.5738382183,0.0028979353,0.0638048233,0.0014525120,0.2402484250,0.0005948581,0.1208671449,0.0014177306,0.0726574639,0.0006070651,0.6850050969,0.0016197261,80,96
proposed_mechanism_retrieval_controller_v4,combined_stress,8,0.6621093750,0.0118350911,0.6838896546,0.0130519424,0.6066697125,0.0016345194,0.1222878691,0.0017466713,0.5739064421,0.0028891718,0.0641409446,0.0014636246,0.2403111437,0.0006171852,0.1208084382,0.0014337218,0.0724010784,0.0006747200,0.6850154549,0.0015670051,80,96
proposed_mechanism_retrieval_controller_v4,combined_stress,9,0.6712239583,0.0137911473,0.6930928323,0.0149379954,0.6065760875,0.0016610530,0.1223410566,0.0017542738,0.5739790430,0.0031067958,0.0640065177,0.0015119192,0.2402814896,0.0006559476,0.1207440248,0.0014104158,0.0723678044,0.0006745161,0.6850473236,0.0015315190,80,96
proposed_mechanism_retrieval_controller_v4,cross_embodiment,0,0.6917968750,0.0111690583,0.7311324606,0.0120902304,0.6177034250,0.0015050091,0.1107820565,0.0016785562,0.5820485905,0.0027674947,0.0585821502,0.0013936998,0.2337601187,0.0006419886,0.1083668679,0.0014723391,0.0643583754,0.0006161676,0.7088949506,0.0016139008,80,96
proposed_mechanism_retrieval_controller_v4,cross_embodiment,1,0.6868489583,0.0136445023,0.7257759592,0.0146540124,0.6172666250,0.0015543524,0.1108402440,0.0016614785,0.5819529290,0.0028056869,0.0587041983,0.0014233856,0.2340804146,0.0006570214,0.1088099583,0.0014896718,0.0643281814,0.0006376648,0.7089030654,0.0015957843,80,96
proposed_mechanism_retrieval_controller_v4,cross_embodiment,2,0.6944010417,0.0118412197,0.7332432309,0.0125276201,0.6171800000,0.0017194476,0.1111485565,0.0016600639,0.5814983380,0.0028306523,0.0587688302,0.0013597248,0.2338505229,0.0006035667,0.1082702650,0.0014383438,0.0643019894,0.0006190414,0.7091242866,0.0016196468,80,96
proposed_mechanism_retrieval_controller_v4,cross_embodiment,3,0.6911458333,0.0112420812,0.7303055098,0.0118780971,0.6176186375,0.0016781108,0.1105814315,0.0017206533,0.5814245624,0.0028270159,0.0588166377,0.0013230260,0.2336218583,0.0006330498,0.1083846723,0.0014336116,0.0644118654,0.0006269933,0.7091399051,0.0015955005,80,96
proposed_mechanism_retrieval_controller_v4,cross_embodiment,4,0.6920572917,0.0131647664,0.7311061585,0.0139185449,0.6170067500,0.0018150449,0.1106396190,0.0016240193,0.5813289008,0.0030728234,0.0588332171,0.0013744092,0.2334098979,0.0006066395,0.1085276126,0.0015123841,0.0646067839,0.0005874936,0.7094341629,0.0016450051,80,96
proposed_mechanism_retrieval_controller_v4,cross_embodiment,5,0.6871093750,0.0122437730,0.7263308848,0.0135118320,0.6169201250,0.0017063345,0.1103226190,0.0015997733,0.5817716333,0.0030774329,0.0589290021,0.0014760594,0.2334300438,0.0006386812,0.1085439285,0.0015142571,0.0646456244,0.0006117241,0.7093927529,0.0016395812,80,96
proposed_mechanism_retrieval_controller_v4,cross_embodiment,6,0.6846354167,0.0115366974,0.7241954053,0.0126200229,0.6173587625,0.0016744485,0.1102557440,0.0015647349,0.5820305240,0.0031477733,0.0589227271,0.0015137236,0.2333405167,0.0005820869,0.1079745090,0.0014499260,0.0647635044,0.0006212870,0.7092783064,0.0016135430,80,96
proposed_mechanism_retrieval_controller_v4,cross_embodiment,7,0.6808593750,0.0106090832,0.7201034893,0.0118561544,0.6174472250,0.0015806957,0.1101888690,0.0016274956,0.5815890646,0.0031263240,0.0593150771,0.0015337107,0.2333442563,0.0006144824,0.1080179959,0.0013798949,0.0648813844,0.0006485127,0.7091358459,0.0016852612,80,96
proposed_mechanism_retrieval_controller_v4,cross_embodiment,8,0.6953125000,0.0123139046,0.7347379080,0.0133762912,0.6175356875,0.0015387032,0.1103721190,0.0016144674,0.5813139383,0.0030481482,0.0586464358,0.0014694490,0.2335430125,0.0005798046,0.1080697445,0.0013312666,0.0645530414,0.0006516506,0.7089783779,0.0016943888,80,96
proposed_mechanism_retrieval_controller_v4,cross_embodiment,9,0.6890625000,0.0133352865,0.7280684141,0.0139080943,0.6177992375,0.0015553651,0.1106804315,0.0016208774,0.5812095224,0.0030407160,0.0589595052,0.0014559566,0.2338065000,0.0005915781,0.1081240480,0.0013585054,0.0642266994,0.0006794340,0.7089274631,0.0017273507,80,96
proposed_mechanism_retrieval_controller_v4,heldout_mechanism,0,0.6894531250,0.0128721865,0.7353727470,0.0138995961,0.6218606500,0.0015243571,0.1065345606,0.0016570308,0.5855370829,0.0031364047,0.0570266130,0.0014766236,0.2312241437,0.0005449264,0.1028938877,0.0014699638,0.0613714380,0.0006808098,0.7176544284,0.0017375671,80,96
proposed_mechanism_retrieval_controller_v4,heldout_mechanism,1,0.6799479167,0.0121221323,0.7258082474,0.0127754069,0.6216059375,0.0015236322,0.1063476231,0.0016771763,0.5854570007,0.0031498957,0.0570664586,0.0014196170,0.2314611667,0.0005643053,0.1028294170,0.0014718615,0.0614153595,0.0006712214,0.7177958676,0.0016831865,80,96
proposed_mechanism_retrieval_controller_v4,heldout_mechanism,2,0.6916666667,0.0113964926,0.7376985177,0.0123899967,0.6218764875,0.0015401147,0.1067859981,0.0016781142,0.5853550326,0.0029966427,0.0566930074,0.0014816513,0.2311759417,0.0006168090,0.1026934293,0.0013825155,0.0616943985,0.0006584068,0.7178417591,0.0016497229,80,96
proposed_mechanism_retrieval_controller_v4,heldout_mechanism,3,0.6861979167,0.0116357486,0.7319954425,0.0123617204,0.6217968625,0.0017001162,0.1068491856,0.0016565986,0.5850911085,0.0028770006,0.0568277805,0.0014931421,0.2314314917,0.0006374866,0.1025434734,0.0013209747,0.0612920970,0.0006543777,0.7181822979,0.0016223950,80,96
proposed_mechanism_retrieval_controller_v4,heldout_mechanism,4,0.6847656250,0.0107480535,0.7303601862,0.0111941444,0.6215421500,0.0016959741,0.1069123731,0.0016185938,0.5850022719,0.0027858665,0.0568898974,0.0014738023,0.2317055687,0.0006415796,0.1024904159,0.0012453703,0.0612649830,0.0005886975,0.7178084796,0.0016055905,80,96
proposed_mechanism_retrieval_controller_v4,heldout_mechanism,5,0.6928385417,0.0117968550,0.7385540659,0.0124167660,0.6216376125,0.0016993226,0.1068504981,0.0016919369,0.5845676376,0.0028075620,0.0567721661,0.0014565413,0.2312462729,0.0006310420,0.1026380549,0.0013153926,0.0612358680,0.0005946898,0.7183706291,0.0016098872,80,96
proposed_mechanism_retrieval_controller_v4,heldout_mechanism,6,0.6911458333,0.0116398574,0.7368071397,0.0125192988,0.6213829000,0.0016230271,0.1066635606,0.0016919275,0.5846626429,0.0029263850,0.0568964992,0.0014990467,0.2313739208,0.0006438604,0.1026704827,0.0013779513,0.0613548270,0.0006206075,0.7181118684,0.0016882419,80,96
proposed_mechanism_retrieval_controller_v4,heldout_mechanism,7,0.6899739583,0.0101710744,0.7356821897,0.0109131945,0.6214783625,0.0016522735,0.1066016856,0.0017489730,0.5849283585,0.0028269307,0.0568701367,0.0014740839,0.2314192396,0.0006574752,0.1029055654,0.0014013796,0.0614757870,0.0006453211,0.7182738179,0.0016918428,80,96
proposed_mechanism_retrieval_controller_v4,heldout_mechanism,8,0.6981770833,0.0104760228,0.7442460071,0.0116760897,0.6219240000,0.0016509243,0.1062896856,0.0017681176,0.5843273910,0.0026545999,0.0564324030,0.0013972768,0.2314083458,0.0006974990,0.1027447928,0.0014200574,0.0613676325,0.0006391846,0.7180785889,0.0016623528,80,96
proposed_mechanism_retrieval_controller_v4,heldout_mechanism,9,0.7085937500,0.0109741462,0.7551165374,0.0121552828,0.6225447250,0.0016400694,0.1061027481,0.0016539032,0.5844223963,0.0027848529,0.0562637299,0.0013828128,0.2307661625,0.0006469203,0.1029773205,0.0013832590,0.0616366665,0.0006191327,0.7182900631,0.0016179756,80,96
proposed_mechanism_retrieval_controller_v4,heldout_object,0,0.6985677083,0.0118823663,0.7515436980,0.0129552264,0.6263201500,0.0015603333,0.1029040261,0.0017245333,0.5881444766,0.0028677958,0.0543064131,0.0014636414,0.2289023146,0.0006093063,0.0962596306,0.0014468564,0.0582826244,0.0007166388,0.7276108704,0.0015407911,80,96
proposed_mechanism_retrieval_controller_v4,heldout_object,1,0.7084635417,0.0094952974,0.7616309935,0.0101041585,0.6265697000,0.0014890217,0.1028271511,0.0018011575,0.5880395422,0.0027869629,0.0540707818,0.0014331009,0.2287836854,0.0005973188,0.0963886600,0.0014224463,0.0583193069,0.0006680863,0.7270736969,0.0016153772,80,96
proposed_mechanism_retrieval_controller_v4,heldout_object,2,0.7035156250,0.0097857199,0.7571249014,0.0099524093,0.6264690750,0.0014808892,0.1021249636,0.0017043433,0.5884817563,0.0027423407,0.0540585662,0.0013570273,0.2285727188,0.0005902462,0.0965797517,0.0014205657,0.0583459844,0.0006160703,0.7272463782,0.0016217565,80,96
proposed_mechanism_retrieval_controller_v4,heldout_object,3,0.6947916667,0.0112672804,0.7482400733,0.0120889610,0.6265435375,0.0015659383,0.1021731511,0.0016311611,0.5883724447,0.0028883456,0.0541668456,0.0014150296,0.2287147667,0.0005983205,0.0966144378,0.0014316463,0.0583096304,0.0005987944,0.7272879939,0.0015499426,80,96
proposed_mechanism_retrieval_controller_v4,heldout_object,4,0.7151041667,0.0113530043,0.7691753836,0.0117565228,0.6267930875,0.0015342507,0.1022213386,0.0015966680,0.5887883956,0.0029023577,0.0536774312,0.0014146527,0.2282251917,0.0005561446,0.0964395691,0.0013979464,0.0582732764,0.0005778066,0.7274436667,0.0015379200,80,96
proposed_mechanism_retrieval_controller_v4,heldout_object,5,0.7048177083,0.0103936559,0.7586417120,0.0114035692,0.6266924625,0.0015930308,0.1022695261,0.0015677351,0.5886790841,0.0030180696,0.0539639106,0.0014507001,0.2284641521,0.0005957278,0.0961741052,0.0013620794,0.0582369224,0.0005956673,0.7268709754,0.0016113356,80,96
proposed_mechanism_retrieval_controller_v4,heldout_object,6,0.6964843750,0.0127623225,0.7501437968,0.0139960867,0.6262416625,0.0017901730,0.1021926511,0.0015759956,0.5889243247,0.0029842315,0.0542064793,0.0015017714,0.2286757688,0.0006042950,0.0960967315,0.0013459735,0.0583486424,0.0006162021,0.7267780239,0.0016931748,80,96
proposed_mechanism_retrieval_controller_v4,heldout_object,7,0.7005208333,0.0113145964,0.7537379061,0.0120955888,0.6261410375,0.0017668176,0.1024909636,0.0015615091,0.5884560838,0.0029753657,0.0543276925,0.0014431437,0.2287892458,0.0005897799,0.0963492339,0.0013926219,0.0586164404,0.0006398563,0.7268906752,0.0017342827,80,96
proposed_mechanism_retrieval_controller_v4,heldout_object,8,0.7062500000,0.0114990464,0.7596640127,0.0122124237,0.6262155000,0.0018388216,0.1024140886,0.0014874507,0.5890514994,0.0030084091,0.0543921737,0.0014516824,0.2286539125,0.0006041387,0.0963656070,0.0013479836,0.0583529729,0.0006513892,0.7269397947,0.0017033470,80,96
proposed_mechanism_retrieval_controller_v4,heldout_object,9,0.7082031250,0.0130523121,0.7617554543,0.0137210675,0.6264650500,0.0017475369,0.1027124011,0.0015427257,0.5892836085,0.0031167958,0.0542507368,0.0014420743,0.2284213688,0.0006354391,0.0963053531,0.0014484453,0.0587708459,0.0006536630,0.7269804099,0.0017043175,80,96
proposed_mechanism_retrieval_controller_v4,seen_corpus,0,0.7184895833,0.0115709487,0.7808877724,0.0125225565,0.6317816625,0.0017025518,0.0980581015,0.0017121620,0.5932494164,0.0030408598,0.0511613296,0.0013960139,0.2253276583,0.0006288767,0.0881894251,0.0015050925,0.0548058671,0.0005919805,0.7376015469,0.0016876380,80,96
proposed_mechanism_retrieval_controller_v4,seen_corpus,1,0.7157552083,0.0117419357,0.7782465038,0.0122284866,0.6314849500,0.0015404972,0.0978411640,0.0016642086,0.5933034718,0.0029615922,0.0511342377,0.0013518397,0.2253768521,0.0005934726,0.0880971899,0.0014386636,0.0548313086,0.0006294051,0.7378174762,0.0016499802,80,96
proposed_mechanism_retrieval_controller_v4,seen_corpus,2,0.7179687500,0.0108945240,0.7806440026,0.0120416584,0.6320636750,0.0015568751,0.0977492890,0.0016985951,0.5931780624,0.0031108336,0.0510268377,0.0014088139,0.2253567750,0.0006534574,0.0880138129,0.0014954456,0.0548587511,0.0006825497,0.7379958867,0.0016766974,80,96
proposed_mechanism_retrieval_controller_v4,seen_corpus,3,0.7083333333,0.0114392390,0.7706458310,0.0123212561,0.6319420500,0.0015063653,0.0980326015,0.0016432973,0.5932146089,0.0029903271,0.0513090571,0.0013652116,0.2254275458,0.0006476425,0.0881445041,0.0014642854,0.0551923466,0.0006952998,0.7379957079,0.0016017790,80,96
proposed_mechanism_retrieval_controller_v4,seen_corpus,4,0.7226562500,0.0123185904,0.7853909353,0.0128805394,0.6323456875,0.0015163600,0.0978156640,0.0016785347,0.5936188393,0.0030040084,0.0510499715,0.0014320648,0.2251629000,0.0006337841,0.0884461658,0.0014665668,0.0547675631,0.0006671772,0.7378674652,0.0016186554,80,96
proposed_mechanism_retrieval_controller_v4,seen_corpus,5,0.7182291667,0.0120999402,0.7808477905,0.0127091453,0.6325742375,0.0015571292,0.0980989765,0.0016918929,0.5938304733,0.0030431068,0.0511634034,0.0015090682,0.2253108292,0.0005554507,0.0882735554,0.0014104265,0.0548760461,0.0006621600,0.7378953004,0.0016013750,80,96
proposed_mechanism_retrieval_controller_v4,seen_corpus,6,0.7114583333,0.0097753095,0.7738752185,0.0109360139,0.6326277000,0.0015424313,0.0980071015,0.0016925387,0.5930047139,0.0029950913,0.0509926096,0.0015543198,0.2255666083,0.0005649989,0.0885029347,0.0013674682,0.0549785261,0.0007156959,0.7379316399,0.0016736012,80,96
proposed_mechanism_retrieval_controller_v4,seen_corpus,7,0.7179687500,0.0096897520,0.7803906677,0.0105204408,0.6325060750,0.0016915179,0.0982904140,0.0017213093,0.5930412605,0.0029449068,0.0508341290,0.0014724449,0.2254863750,0.0005577081,0.0884335259,0.0013833398,0.0550870091,0.0007253561,0.7379314612,0.0016229477,80,96
proposed_mechanism_retrieval_controller_v4,seen_corpus,8,0.7182291667,0.0104377053,0.7805090109,0.0107378149,0.6322093625,0.0017008573,0.0980734765,0.0016496886,0.5927451408,0.0027890581,0.0509032059,0.0014210184,0.2257187542,0.0005451162,0.0884476439,0.0013206988,0.0545121506,0.0006585815,0.7379472904,0.0016121339,80,96
proposed_mechanism_retrieval_controller_v4,seen_corpus,9,0.7156250000,0.0117711435,0.7779548773,0.0126216696,0.6319126500,0.0017561117,0.0979816015,0.0016312823,0.5927948189,0.0027766671,0.0508074871,0.0015016517,0.2257661250,0.0005979040,0.0884611653,0.0013457342,0.0546146306,0.0006289209,0.7379556159,0.0016235547,80,96
proposed_mechanism_retrieval_controller_v4,sparse_corpus,0,0.6675781250,0.0116912724,0.7026745002,0.0125869570,0.6150246375,0.0018130572,0.1131057293,0.0016065002,0.5803971520,0.0030587658,0.0603044823,0.0014566995,0.2356757563,0.0006175873,0.1111397591,0.0013757463,0.0662241967,0.0006527494,0.7029297272,0.0016629024,80,96
proposed_mechanism_retrieval_controller_v4,sparse_corpus,1,0.6856770833,0.0117956319,0.7210658996,0.0126764911,0.6152671875,0.0017202255,0.1135241043,0.0016156625,0.5802678838,0.0029906080,0.0598778248,0.0014857937,0.2352892083,0.0006215776,0.1107872628,0.0013787659,0.0662658032,0.0006779405,0.7027584787,0.0017098553,80,96
proposed_mechanism_retrieval_controller_v4,sparse_corpus,2,0.6811197917,0.0119053795,0.7160338182,0.0130631224,0.6148093875,0.0015308601,0.1138174168,0.0016670601,0.5799679054,0.0029725580,0.0601503754,0.0014978594,0.2352198479,0.0006139564,0.1110325115,0.0014042398,0.0660052587,0.0006486407,0.7027388060,0.0016141190,80,96
proposed_mechanism_retrieval_controller_v4,sparse_corpus,3,0.6848958333,0.0111501825,0.7198107702,0.0118881870,0.6154021125,0.0015039103,0.1138606043,0.0016573882,0.5802019438,0.0029531995,0.0601053423,0.0014419968,0.2354840458,0.0006192562,0.1112568922,0.0013843261,0.0661909372,0.0006344521,0.7032183827,0.0016393862,80,96
proposed_mechanism_retrieval_controller_v4,sparse_corpus,4,0.6861979167,0.0113429784,0.7214937083,0.0121382475,0.6156446625,0.0015679132,0.1135286043,0.0016439122,0.5804491138,0.0029291939,0.0600035398,0.0014312737,0.2351825792,0.0005661900,0.1113641031,0.0014175021,0.0662955752,0.0006658638,0.7034923567,0.0016352444,80,96
proposed_mechanism_retrieval_controller_v4,sparse_corpus,5,0.6830729167,0.0118235565,0.7185140790,0.0125862033,0.6151868625,0.0016039611,0.1134467293,0.0016025585,0.5810377045,0.0029010117,0.0599238961,0.0014270869,0.2354683542,0.0005889607,0.1110762241,0.0014177893,0.0664042152,0.0006549611,0.7036952952,0.0016042571,80,96
proposed_mechanism_retrieval_controller_v4,sparse_corpus,6,0.6786458333,0.0124608589,0.7139069705,0.0133533692,0.6154294125,0.0016153009,0.1133648543,0.0016345780,0.5804006826,0.0029316676,0.0600177648,0.0014335409,0.2356222833,0.0005816336,0.1110105062,0.0014493239,0.0664378177,0.0006452204,0.7034540117,0.0016274281,80,96
proposed_mechanism_retrieval_controller_v4,sparse_corpus,7,0.6832031250,0.0122343423,0.7184900514,0.0131716271,0.6151467000,0.0014750296,0.1135331043,0.0017096468,0.5801050813,0.0027740616,0.0596672736,0.0014505636,0.2354253188,0.0006122539,0.1112500482,0.0014121256,0.0666254972,0.0006466308,0.7034558497,0.0016551289,80,96
proposed_mechanism_retrieval_controller_v4,sparse_corpus,8,0.6757812500,0.0110901292,0.7106357882,0.0117270447,0.6153892500,0.0015003942,0.1138264168,0.0017209204,0.5796300154,0.0027676636,0.0600664242,0.0013800531,0.2354711000,0.0005741427,0.1110982485,0.0014417231,0.0664399902,0.0006859733,0.7033921550,0.0016419707,80,96
proposed_mechanism_retrieval_controller_v4,sparse_corpus,9,0.6817708333,0.0123106905,0.7164980130,0.0136125658,0.6144061875,0.0017008737,0.1137445418,0.0016026923,0.5793431685,0.0028098953,0.0599727929,0.0014779275,0.2353291208,0.0006286779,0.1113263773,0.0014411881,0.0663235177,0.0006077270,0.7033529725,0.0016690605,80,96
proposed_mechanism_retrieval_controller_v4,stale_memory,0,0.6824218750,0.0114967160,0.7107241642,0.0124737953,0.6102846250,0.0016365994,0.1204227372,0.0017112079,0.5782949517,0.0028698757,0.0608563604,0.0015029794,0.2387079812,0.0006238926,0.1147943640,0.0014041032,0.0707071838,0.0006074856,0.6894010058,0.0016448878,80,96
proposed_mechanism_retrieval_controller_v4,stale_memory,1,0.6778645833,0.0110448377,0.7056797887,0.0118965807,0.6103450875,0.0016394942,0.1209611747,0.0016725200,0.5785046564,0.0028869869,0.0612181072,0.0014736445,0.2389357708,0.0005617474,0.1148373690,0.0013859075,0.0708227488,0.0006253306,0.6893040365,0.0017086443,80,96
proposed_mechanism_retrieval_controller_v4,stale_memory,2,0.6792968750,0.0116997316,0.7072035982,0.0125248368,0.6107557250,0.0016994755,0.1211244247,0.0016857050,0.5785524051,0.0029114402,0.0612206660,0.0014675063,0.2387045188,0.0005748027,0.1147663558,0.0013612290,0.0707822358,0.0006396516,0.6891575425,0.0016969992,80,96
proposed_mechanism_retrieval_controller_v4,stale_memory,3,0.6739583333,0.0128532462,0.7012913714,0.0140149527,0.6102909250,0.0016441872,0.1212876747,0.0017048718,0.5784250664,0.0030163800,0.0615702122,0.0015107804,0.2389432458,0.0005458534,0.1151987442,0.0013449328,0.0708917978,0.0006207762,0.6889410135,0.0015930272,80,96
proposed_mechanism_retrieval_controller_v4,stale_memory,4,0.6833333333,0.0117946533,0.7108180305,0.0123971556,0.6098261250,0.0016600018,0.1212007997,0.0016973735,0.5783064820,0.0030370229,0.0614122935,0.0014330318,0.2388259083,0.0005678843,0.1149193693,0.0013279932,0.0707722453,0.0006525187,0.6893397920,0.0016227551,80,96
proposed_mechanism_retrieval_controller_v4,stale_memory,5,0.6828125000,0.0129783577,0.7099357605,0.0137444251,0.6093613250,0.0017039308,0.1214891122,0.0016840717,0.5776495036,0.0031326872,0.0613837254,0.0014493179,0.2388471125,0.0005294014,0.1149667190,0.0013988833,0.0705836583,0.0006935950,0.6892158093,0.0016132156,80,96
proposed_mechanism_retrieval_controller_v4,stale_memory,6,0.6727864583,0.0123896959,0.7000193346,0.0135125379,0.6092467000,0.0016453960,0.1214022372,0.0016632169,0.5780561817,0.0031036822,0.0615750254,0.0014814363,0.2388513146,0.0006154323,0.1145778394,0.0013649577,0.0706892183,0.0006941632,0.6893424518,0.0015654767,80,96
proposed_mechanism_retrieval_controller_v4,stale_memory,7,0.6917968750,0.0105495446,0.7192198585,0.0112026340,0.6089569875,0.0016046240,0.1211902997,0.0016554882,0.5779419745,0.0030618866,0.0613099522,0.0013857109,0.2387491563,0.0005813203,0.1146929579,0.0013811043,0.0706427023,0.0007070237,0.6894625910,0.0015942924,80,96
proposed_mechanism_retrieval_controller_v4,stale_memory,8,0.6751302083,0.0137300354,0.7026669719,0.0142089649,0.6091925375,0.0016161593,0.1209783622,0.0015821769,0.5780028548,0.0029198131,0.0613869166,0.0013816033,0.2389213646,0.0006346073,0.1144047249,0.0013895755,0.0706712238,0.0006623549,0.6896247513,0.0016193530,80,96
proposed_mechanism_retrieval_controller_v4,stale_memory,9,0.6785156250,0.0115124817,0.7059025232,0.0126927197,0.6101284375,0.0016128890,0.1211416122,0.0016009338,0.5777004286,0.0028573568,0.0616544691,0.0014252472,0.2389629187,0.0006808760,0.1142399648,0.0014400197,0.0708558233,0.0006971047,0.6896203283,0.0016455042,80,96
proposed_mechanism_retrieval_controller_v4,visually_aliased,0,0.6802083333,0.0108315313,0.7115087961,0.0119082181,0.6129172875,0.0017277866,0.1140666688,0.0016649316,0.5775444691,0.0028525042,0.0616854168,0.0015383366,0.2365613583,0.0005716101,0.1158536997,0.0012650772,0.0676326467,0.0006774121,0.6996239829,0.0016818845,80,96
proposed_mechanism_retrieval_controller_v4,visually_aliased,1,0.6822916667,0.0115254007,0.7137978335,0.0121942225,0.6128306625,0.0016612572,0.1142499188,0.0016895357,0.5779696928,0.0028148347,0.0613895068,0.0014035338,0.2364830667,0.0005912475,0.1158928419,0.0013436906,0.0676044537,0.0006757248,0.6994525079,0.0016250162,80,96
proposed_mechanism_retrieval_controller_v4,visually_aliased,2,0.6776041667,0.0114559474,0.7088718684,0.0121276819,0.6125689500,0.0015699434,0.1145582313,0.0017077294,0.5782154519,0.0027569203,0.0615243762,0.0013928616,0.2365746042,0.0005953954,0.1159408423,0.0013990862,0.0674281867,0.0006382284,0.6992595221,0.0016223291,80,96
proposed_mechanism_retrieval_controller_v4,visually_aliased,3,0.6730468750,0.0130472580,0.7039438023,0.0139173136,0.6124823250,0.0014970617,0.1147414813,0.0016865157,0.5775901507,0.0027500072,0.0616481474,0.0014052359,0.2366643188,0.0006332553,0.1159988939,0.0014788719,0.0676251062,0.0006203390,0.6991880971,0.0016097868,80,96
proposed_mechanism_retrieval_controller_v4,visually_aliased,4,0.6886718750,0.0116449207,0.7194807634,0.0124918762,0.6120455250,0.0015448631,0.1147996688,0.0016692488,0.5773194016,0.0028089708,0.0613248456,0.0013926079,0.2366965937,0.0006396018,0.1164451359,0.0014975552,0.0675949122,0.0006417340,0.6991962119,0.0015909014,80,96
proposed_mechanism_retrieval_controller_v4,visually_aliased,5,0.6760416667,0.0123732156,0.7065398891,0.0134783822,0.6121339875,0.0016935262,0.1151079813,0.0016675015,0.5772149857,0.0028584207,0.0617527587,0.0014080527,0.2368242917,0.0005895499,0.1158991394,0.0014442765,0.0675687202,0.0006232521,0.6994314401,0.0016151020,80,96
proposed_mechanism_retrieval_controller_v4,visually_aliased,6,0.6824218750,0.0103239359,0.7133248346,0.0111182952,0.6123975375,0.0017768466,0.1146659188,0.0017406036,0.5769617453,0.0029374787,0.0615608456,0.0013291276,0.2363856937,0.0006348692,0.1160224049,0.0014425900,0.0676805972,0.0006322078,0.6995255979,0.0016020708,80,96
proposed_mechanism_retrieval_controller_v4,visually_aliased,7,0.6781250000,0.0126630010,0.7087841591,0.0138649908,0.6117856500,0.0018092113,0.1145990438,0.0015841853,0.5768704610,0.0030553526,0.0618124956,0.0013998597,0.2362466500,0.0006310211,0.1162596887,0.0014797229,0.0677984772,0.0005897533,0.6997273094,0.0016395415,80,96
proposed_mechanism_retrieval_controller_v4,visually_aliased,8,0.6677083333,0.0121364063,0.6984735509,0.0130956314,0.6118741125,0.0017624471,0.1142820438,0.0016071654,0.5773131935,0.0030591096,0.0619316806,0.0014372152,0.2364934333,0.0006039363,0.1162760045,0.0015298976,0.0679123552,0.0006166408,0.6996999064,0.0016443806,80,96
proposed_mechanism_retrieval_controller_v4,visually_aliased,9,0.6735677083,0.0120892721,0.7048786102,0.0127853719,0.6123127500,0.0016946857,0.1142151688,0.0015721606,0.5775720841,0.0031299725,0.0617754056,0.0014958827,0.2362122021,0.0005869020,0.1155064851,0.0014249086,0.0680302352,0.0006260026,0.6995854599,0.0016144688,80,96
retrieved_context_behavior_clone,combined_stress,0,0.5372395833,0.0148190059,0.3871567769,0.0167079420,0.4659265250,0.0016763643,0.2936898864,0.0027039781,0.4314686840,0.0029727470,0.1091379295,0.0016354513,0.2291661208,0.0007170444,0.1831538586,0.0014674912,0.1179175357,0.0006723099,0.6482923788,0.0017314419,80,96
retrieved_context_behavior_clone,combined_stress,1,0.5134114583,0.0152247834,0.3623841065,0.0172153675,0.4652376375,0.0017279881,0.2941933239,0.0026666335,0.4312804387,0.0029142551,0.1098981389,0.0016105180,0.2291924771,0.0007620571,0.1835746517,0.0014459728,0.1177864282,0.0007109693,0.6482096116,0.0016847464,80,96
retrieved_context_behavior_clone,combined_stress,2,0.5287760417,0.0170750264,0.3784566869,0.0192336767,0.4654241875,0.0017126167,0.2936962614,0.0026464939,0.4313022984,0.0029084065,0.1092825445,0.0016290350,0.2290453229,0.0007651292,0.1834463904,0.0014586760,0.1177143502,0.0006761131,0.6483569593,0.0017623899,80,96
retrieved_context_behavior_clone,combined_stress,3,0.5283854167,0.0149968589,0.3777589937,0.0169027532,0.4654356500,0.0017878909,0.2939495739,0.0026995150,0.4311228074,0.0029510267,0.1095283327,0.0015815802,0.2289686667,0.0006634371,0.1835556203,0.0013928112,0.1178793907,0.0006211410,0.6484452776,0.0017022160,80,96
retrieved_context_behavior_clone,combined_stress,4,0.5240885417,0.0144987348,0.3731714459,0.0167650839,0.4652720250,0.0017878896,0.2942028864,0.0027792009,0.4312934915,0.0029623426,0.1096943583,0.0016423663,0.2290217354,0.0006760613,0.1838586470,0.0014216328,0.1179693937,0.0006351107,0.6487196888,0.0017459703,80,96
retrieved_context_behavior_clone,combined_stress,5,0.5279947917,0.0147065033,0.3776160359,0.0171959020,0.4652834875,0.0017941609,0.2938308864,0.0028070208,0.4318362365,0.0029809496,0.1094438433,0.0016319427,0.2292601104,0.0006931381,0.1832263876,0.0014415749,0.1180493917,0.0006128506,0.6484453258,0.0017588747,80,96
retrieved_context_behavior_clone,combined_stress,6,0.5337239583,0.0147720595,0.3833825215,0.0166843480,0.4656451250,0.0017170970,0.2934588864,0.0027159770,0.4308031940,0.0027305451,0.1092355533,0.0016130685,0.2291728146,0.0007009309,0.1835229424,0.0014587443,0.1182794647,0.0006235993,0.6486992268,0.0017098671,80,96
retrieved_context_behavior_clone,combined_stress,7,0.5220052083,0.0148466582,0.3714886530,0.0169017934,0.4658316750,0.0015894992,0.2938372614,0.0026539805,0.4309695009,0.0026750895,0.1093938520,0.0016362472,0.2293297896,0.0006662493,0.1832313757,0.0014788933,0.1182964312,0.0006322788,0.6487940483,0.0016396393,80,96
retrieved_context_behavior_clone,combined_stress,8,0.5351562500,0.0146425962,0.3847292806,0.0166703319,0.4656680500,0.0014737605,0.2939655114,0.0026045831,0.4314947371,0.0027321972,0.1093120983,0.0015833888,0.2292136250,0.0006621489,0.1834223427,0.0015329825,0.1182343582,0.0006685902,0.6485757133,0.0016046158,80,96
retrieved_context_behavior_clone,combined_stress,9,0.5250000000,0.0173978183,0.3742008534,0.0194780867,0.4655044250,0.0014770141,0.2940937614,0.0026122150,0.4306192734,0.0028454205,0.1093497258,0.0016334293,0.2293487250,0.0006943345,0.1834384223,0.0015164449,0.1181722852,0.0006585281,0.6482573283,0.0016744612,80,96
retrieved_context_behavior_clone,cross_embodiment,0,0.5726562500,0.0140570303,0.4449182509,0.0161771713,0.4762149125,0.0017036242,0.2718311885,0.0026793868,0.4388216834,0.0028965835,0.1032603332,0.0016372429,0.2223445750,0.0006381404,0.1701389132,0.0013914026,0.1100380615,0.0006852177,0.6732760217,0.0017054984,80,96
retrieved_context_behavior_clone,cross_embodiment,1,0.5714843750,0.0139900977,0.4441619586,0.0156836482,0.4762333750,0.0017227437,0.2713391260,0.0026997115,0.4390254556,0.0029048616,0.1029457451,0.0015893742,0.2225069688,0.0006197207,0.1701116525,0.0014131874,0.1100441010,0.0006176557,0.6733135724,0.0016299653,80,96
retrieved_context_behavior_clone,cross_embodiment,2,0.5648437500,0.0142712308,0.4372429354,0.0161762282,0.4760767500,0.0016811738,0.2713473135,0.0026818850,0.4385113690,0.0028219523,0.1031397994,0.0015913508,0.2223707375,0.0006242404,0.1703199245,0.0013981185,0.1102082195,0.0006491689,0.6736072512,0.0016726049,80,96
retrieved_context_behavior_clone,cross_embodiment,3,0.5605468750,0.0136384586,0.4331196913,0.0158537402,0.4762703000,0.0016075510,0.2712304385,0.0026689412,0.4387020097,0.0028245946,0.1032078744,0.0015829377,0.2223517688,0.0006995293,0.1700096336,0.0015136182,0.1100701870,0.0006015892,0.6735362477,0.0017257823,80,96
retrieved_context_behavior_clone,cross_embodiment,4,0.5822916667,0.0155522632,0.4551190757,0.0175813633,0.4766389375,0.0015642659,0.2713636885,0.0026791718,0.4390589834,0.0027603937,0.1030498207,0.0015777392,0.2219682167,0.0007154558,0.1702078543,0.0014889971,0.1100862315,0.0006079647,0.6730640437,0.0017074757,80,96
retrieved_context_behavior_clone,cross_embodiment,5,0.5601562500,0.0147395695,0.4328287813,0.0168839135,0.4766574000,0.0016423880,0.2709966885,0.0026054519,0.4390832909,0.0028755499,0.1033464432,0.0015857033,0.2223490625,0.0007394013,0.1702895017,0.0014974478,0.1102443470,0.0006150154,0.6731941407,0.0017319505,80,96
retrieved_context_behavior_clone,cross_embodiment,6,0.5729166667,0.0158604916,0.4456844305,0.0177875447,0.4763256875,0.0015967588,0.2708798135,0.0025499470,0.4389237565,0.0028999343,0.1031074869,0.0015560908,0.2222413667,0.0007285745,0.1704857640,0.0015562722,0.1099562395,0.0006127717,0.6730811162,0.0017340507,80,96
retrieved_context_behavior_clone,cross_embodiment,7,0.5701822917,0.0163226036,0.4426983983,0.0183096117,0.4765192375,0.0016274322,0.2712631885,0.0025655964,0.4389218009,0.0028238005,0.1032574919,0.0016007821,0.2222755604,0.0007146059,0.1705016011,0.0015020503,0.1100513235,0.0006009488,0.6730801477,0.0017052115,80,96
retrieved_context_behavior_clone,cross_embodiment,8,0.5723958333,0.0151757785,0.4447367109,0.0170551545,0.4763626125,0.0017322544,0.2715215010,0.0026348561,0.4385740475,0.0029898557,0.1032346426,0.0015708358,0.2226156708,0.0006852013,0.1699177347,0.0014093474,0.1101444065,0.0006189258,0.6728585689,0.0017865013,80,96
retrieved_context_behavior_clone,cross_embodiment,9,0.5614583333,0.0139563782,0.4339321830,0.0159950177,0.4763810750,0.0015190274,0.2714046260,0.0027564874,0.4391148631,0.0030371892,0.1034222488,0.0015860409,0.2223895208,0.0006511656,0.1700013406,0.0014698387,0.1102314865,0.0006742812,0.6727735584,0.0018040086,80,96
retrieved_context_behavior_clone,heldout_mechanism,0,0.6016927083,0.0133310509,0.4843233257,0.0149126891,0.4811107250,0.0016713763,0.2623727399,0.0027676345,0.4432311466,0.0029663733,0.1004163855,0.0015569784,0.2193106271,0.0006109716,0.1640365127,0.0014698770,0.1071342113,0.0006705041,0.6823290436,0.0016714704,80,96
retrieved_context_behavior_clone,heldout_mechanism,1,0.5835937500,0.0153618469,0.4658266252,0.0172934959,0.4813112750,0.0016447867,0.2622608649,0.0027385479,0.4427282622,0.0029958678,0.1008112855,0.0016674828,0.2195629250,0.0006191107,0.1641431302,0.0014970135,0.1069992588,0.0006679343,0.6823623501,0.0017016383,80,96
retrieved_context_behavior_clone,heldout_mechanism,2,0.5885416667,0.0143220931,0.4705081801,0.0162211294,0.4808114750,0.0017089453,0.2628993649,0.0027408737,0.4430745522,0.0031215485,0.1006187555,0.0016561069,0.2197176792,0.0005927056,0.1643682795,0.0015251943,0.1068012748,0.0006476722,0.6820945061,0.0017863401,80,96
retrieved_context_behavior_clone,heldout_mechanism,3,0.5805989583,0.0140793875,0.4625158558,0.0157291471,0.4806618500,0.0015834610,0.2627874899,0.0026879432,0.4425716679,0.0029704125,0.1006057305,0.0016024908,0.2198277896,0.0006064711,0.1640746970,0.0014799262,0.1071165473,0.0006547645,0.6821998486,0.0016315514,80,96
retrieved_context_behavior_clone,heldout_mechanism,4,0.5794270833,0.0130971139,0.4608496527,0.0151816285,0.4801620500,0.0015227405,0.2629257399,0.0026745374,0.4417098541,0.0030030722,0.1007884893,0.0015535614,0.2199181458,0.0006257794,0.1640989809,0.0014740077,0.1070606343,0.0006320778,0.6820620696,0.0016456875,80,96
retrieved_context_behavior_clone,heldout_mechanism,5,0.5925781250,0.0137775105,0.4742794965,0.0155959044,0.4805376875,0.0015268805,0.2629389274,0.0026444961,0.4419029425,0.0029741595,0.1006296437,0.0015294611,0.2196579063,0.0006827448,0.1640986488,0.0014132978,0.1070777578,0.0006262852,0.6825020794,0.0016768166,80,96
retrieved_context_behavior_clone,heldout_mechanism,6,0.5703125000,0.0141809397,0.4516045296,0.0163785986,0.4802129750,0.0016111651,0.2628270524,0.0027098163,0.4419253207,0.0029361500,0.1010245062,0.0015679976,0.2199685375,0.0007151245,0.1643959116,0.0013997857,0.1072429553,0.0006086167,0.6824933649,0.0017042579,80,96
retrieved_context_behavior_clone,heldout_mechanism,7,0.5854166667,0.0158787784,0.4674464792,0.0178923916,0.4807637000,0.0016717401,0.2623399899,0.0027024553,0.4423110054,0.0028997120,0.1004953368,0.0016205219,0.2198310292,0.0007301769,0.1644696514,0.0014319848,0.1071770373,0.0006091377,0.6826772466,0.0017334535,80,96
retrieved_context_behavior_clone,heldout_mechanism,8,0.5954427083,0.0151171829,0.4777177746,0.0169909847,0.4809642500,0.0016732132,0.2623531774,0.0026776458,0.4426791813,0.0029933782,0.1003177037,0.0016481658,0.2199146896,0.0007417154,0.1642660677,0.0013960137,0.1071941608,0.0006574622,0.6827030494,0.0017613275,80,96
retrieved_context_behavior_clone,heldout_mechanism,9,0.5938802083,0.0118998382,0.4761740495,0.0138048551,0.4811648000,0.0016690510,0.2623663649,0.0026467983,0.4426971822,0.0029682253,0.1002736268,0.0016426255,0.2198604396,0.0006731171,0.1644689871,0.0014357704,0.1069111343,0.0006363019,0.6825287521,0.0017773999,80,96
retrieved_context_behavior_clone,heldout_object,0,0.6126302083,0.0120791748,0.5048354360,0.0136255783,0.4855941125,0.0016117554,0.2534747769,0.0028092262,0.4462218753,0.0031387428,0.0976800781,0.0014409726,0.2169735146,0.0006643945,0.1572720212,0.0015889474,0.1035211314,0.0006700215,0.6917166424,0.0017029916,80,96
retrieved_context_behavior_clone,heldout_object,1,0.6019531250,0.0126634893,0.4940045577,0.0142078298,0.4855985750,0.0017305924,0.2534729644,0.0027943295,0.4456941387,0.0030941791,0.0976399388,0.0014776764,0.2171129062,0.0006530855,0.1572719889,0.0014887089,0.1036790899,0.0006567810,0.6917156581,0.0016765201,80,96
retrieved_context_behavior_clone,heldout_object,2,0.5983072917,0.0129475434,0.4904081586,0.0147904677,0.4857781250,0.0017903175,0.2534711519,0.0026885824,0.4458667522,0.0030051404,0.0976983494,0.0015560381,0.2171538604,0.0006600029,0.1571593003,0.0014790358,0.1039120859,0.0006789818,0.6920288309,0.0016729378,80,96
retrieved_context_behavior_clone,heldout_object,3,0.6121093750,0.0125144349,0.5045624115,0.0144640852,0.4857825875,0.0017915496,0.2530941519,0.0026779003,0.4460524972,0.0028981089,0.0973413969,0.0015976526,0.2170255812,0.0006570874,0.1576297919,0.0014805483,0.1038389289,0.0006549685,0.6921504079,0.0016262330,80,96
retrieved_context_behavior_clone,heldout_object,4,0.6096354167,0.0144412171,0.5023590992,0.0166376262,0.4852617875,0.0016929577,0.2525920894,0.0027504606,0.4464177069,0.0028535284,0.0973436963,0.0016566398,0.2170501292,0.0006581317,0.1574911253,0.0014882878,0.1036887334,0.0006590070,0.6921374176,0.0016425414,80,96
retrieved_context_behavior_clone,heldout_object,5,0.6072916667,0.0140871442,0.4999818542,0.0154642616,0.4854413375,0.0015622306,0.2525902769,0.0027436059,0.4462401453,0.0026474440,0.0975287444,0.0016238721,0.2167727042,0.0005739495,0.1574847898,0.0014506190,0.1038466919,0.0006582946,0.6920503904,0.0017064561,80,96
retrieved_context_behavior_clone,heldout_object,6,0.6048177083,0.0145384847,0.4974767927,0.0160232240,0.4850956250,0.0015101854,0.2528385894,0.0026989345,0.4462289169,0.0027013006,0.0972083825,0.0016519601,0.2168722896,0.0005660830,0.1575867660,0.0014080266,0.1037835399,0.0006061843,0.6919063346,0.0017624913,80,96
retrieved_context_behavior_clone,heldout_object,7,0.6053385417,0.0141506467,0.4979202978,0.0157827627,0.4851000875,0.0016575381,0.2528367769,0.0026697594,0.4464015303,0.0028955151,0.0973418681,0.0016496479,0.2170049854,0.0005842145,0.1575741274,0.0013848628,0.1037914234,0.0006918547,0.6914051004,0.0016713227,80,96
retrieved_context_behavior_clone,heldout_object,8,0.6092447917,0.0138109803,0.5017316392,0.0152683956,0.4849294625,0.0015843115,0.2530850894,0.0026068322,0.4463903019,0.0030048408,0.0971317750,0.0015859341,0.2169402104,0.0006475959,0.1579762536,0.0013502844,0.1038033089,0.0006762313,0.6913751016,0.0016582522,80,96
retrieved_context_behavior_clone,heldout_object,9,0.6015625000,0.0123726825,0.4941441820,0.0138841060,0.4852841000,0.0017015388,0.2528331519,0.0025873285,0.4465716697,0.0030186629,0.0973203706,0.0015685309,0.2171127125,0.0006397067,0.1577521018,0.0012781047,0.1039572654,0.0006641231,0.6916172389,0.0017031372,80,96
retrieved_context_behavior_clone,seen_corpus,0,0.6347656250,0.0120696155,0.5400250120,0.0135706466,0.4909053000,0.0017504851,0.2413831810,0.0025092217,0.4509048262,0.0029969338,0.0935483414,0.0014343179,0.2136786313,0.0006926956,0.1491976563,0.0014309740,0.0999390559,0.0006283168,0.7033447831,0.0017322849,80,96
retrieved_context_behavior_clone,seen_corpus,1,0.6436197917,0.0137712857,0.5491560126,0.0151287848,0.4914140250,0.0016788044,0.2417415560,0.0025695062,0.4513940080,0.0029237976,0.0933979652,0.0014872142,0.2132354354,0.0006696916,0.1491835279,0.0015008520,0.0999437024,0.0005976151,0.7029503286,0.0018303831,80,96
retrieved_context_behavior_clone,seen_corpus,2,0.6440104167,0.0150486654,0.5494290327,0.0163052060,0.4912224000,0.0015934907,0.2417247435,0.0026856745,0.4510208840,0.0029487204,0.0932986320,0.0015281699,0.2133609542,0.0006764599,0.1492680875,0.0014745510,0.1000924209,0.0006111248,0.7028225074,0.0018529727,80,96
retrieved_context_behavior_clone,seen_corpus,3,0.6376302083,0.0127050877,0.5426703411,0.0143455215,0.4910307750,0.0015492699,0.2419580560,0.0026741843,0.4511642680,0.0028606950,0.0935637952,0.0014755491,0.2135812646,0.0006941427,0.1494546557,0.0014698968,0.1000950664,0.0006255809,0.7027797286,0.0018620260,80,96
retrieved_context_behavior_clone,seen_corpus,4,0.6309895833,0.0139666531,0.5361962698,0.0154112920,0.4904889750,0.0014306388,0.2415660560,0.0027168474,0.4511544505,0.0028523161,0.0936397989,0.0014692993,0.2135050708,0.0006243375,0.1491155924,0.0015533045,0.1002377819,0.0006164446,0.7029465546,0.0017790299,80,96
retrieved_context_behavior_clone,seen_corpus,5,0.6332031250,0.0121097138,0.5381115280,0.0137685795,0.4906475250,0.0014832721,0.2416743060,0.0027736283,0.4511271243,0.0028254825,0.0938165577,0.0015360208,0.2137551437,0.0005985971,0.1493996555,0.0015066323,0.1000883514,0.0006813561,0.7030393436,0.0017054621,80,96
retrieved_context_behavior_clone,seen_corpus,6,0.6321614583,0.0144303374,0.5369870597,0.0164629027,0.4904559000,0.0015765542,0.2417825560,0.0028580969,0.4510997980,0.0028785275,0.0938267977,0.0015998301,0.2137506396,0.0006253512,0.1493835687,0.0015488244,0.1001640334,0.0006803539,0.7031041186,0.0017278161,80,96
retrieved_context_behavior_clone,seen_corpus,7,0.6324218750,0.0134881981,0.5374522146,0.0152620900,0.4906144500,0.0016190576,0.2417657435,0.0028343109,0.4512519365,0.0029070557,0.0935797333,0.0015819386,0.2138029437,0.0006414104,0.1493586236,0.0015473368,0.1002377144,0.0006899696,0.7029042614,0.0017168963,80,96
retrieved_context_behavior_clone,seen_corpus,8,0.6335937500,0.0136175571,0.5389301303,0.0152419152,0.4911231750,0.0015525441,0.2416238685,0.0027753132,0.4514084521,0.0028650354,0.0933075083,0.0015974263,0.2138424875,0.0006419746,0.1494280219,0.0014653554,0.1004594694,0.0007187369,0.7029400219,0.0016419247,80,96
retrieved_context_behavior_clone,seen_corpus,9,0.6347656250,0.0113834274,0.5400573553,0.0128558389,0.4911066375,0.0015558450,0.2417321185,0.0028477411,0.4519063884,0.0028872021,0.0935780545,0.0015819705,0.2137319563,0.0006247086,0.1494024803,0.0014018198,0.1003850764,0.0007009350,0.7030188039,0.0015715233,80,96
retrieved_context_behavior_clone,sparse_corpus,0,0.5520833333,0.0152974170,0.4194007620,0.0173152703,0.4736659750,0.0016692929,0.2765283472,0.0027351854,0.4377422853,0.0030178607,0.1046135718,0.0016083030,0.2242648208,0.0006861572,0.1729824645,0.0014962330,0.1119224711,0.0006648716,0.6668527772,0.0016982783,80,96
retrieved_context_behavior_clone,sparse_corpus,1,0.5623697917,0.0147687104,0.4293488525,0.0165303617,0.4736634375,0.0016926078,0.2770217847,0.0026975948,0.4375403900,0.0029649120,0.1046779812,0.0016249007,0.2242577979,0.0006847371,0.1730949033,0.0014598494,0.1119352786,0.0007024323,0.6669175679,0.0016277329,80,96
retrieved_context_behavior_clone,sparse_corpus,2,0.5591145833,0.0149827788,0.4264191955,0.0167842241,0.4741861625,0.0017558464,0.2763896597,0.0026621551,0.4373778894,0.0028149731,0.1045321637,0.0016780041,0.2242902833,0.0006575224,0.1733560827,0.0014569027,0.1119300771,0.0007159991,0.6673920634,0.0016447355,80,96
retrieved_context_behavior_clone,sparse_corpus,3,0.5596354167,0.0142804710,0.4266442438,0.0161381856,0.4738334500,0.0017223953,0.2767580347,0.0026898872,0.4368301963,0.0027128379,0.1046135249,0.0016713125,0.2238947167,0.0006947723,0.1734691180,0.0014379685,0.1117157711,0.0006677877,0.6671361939,0.0016704974,80,96
retrieved_context_behavior_clone,sparse_corpus,4,0.5515625000,0.0145046758,0.4186009745,0.0168055712,0.4740060000,0.0017456316,0.2770013472,0.0027125195,0.4371623178,0.0027893510,0.1047657818,0.0016676047,0.2238445750,0.0007510285,0.1730604389,0.0013372861,0.1120247266,0.0006498569,0.6675301492,0.0017069886,80,96
retrieved_context_behavior_clone,sparse_corpus,5,0.5541666667,0.0155259473,0.4215161505,0.0177834357,0.4741785500,0.0016962362,0.2767444097,0.0026867290,0.4371617732,0.0027269571,0.1046908337,0.0017149704,0.2236449542,0.0007236628,0.1728353365,0.0012870044,0.1121005656,0.0007027617,0.6670536694,0.0017306256,80,96
retrieved_context_behavior_clone,sparse_corpus,6,0.5619791667,0.0154343429,0.4296753167,0.0171524140,0.4741760125,0.0016913243,0.2764874722,0.0027597742,0.4375114035,0.0028887612,0.1044470981,0.0016181943,0.2235224917,0.0007190919,0.1730041310,0.0012372126,0.1122514421,0.0006839692,0.6673635827,0.0017183339,80,96
retrieved_context_behavior_clone,sparse_corpus,7,0.5533854167,0.0137745481,0.4209356797,0.0159367836,0.4741734750,0.0016847215,0.2764806597,0.0027351383,0.4378522794,0.0029296164,0.1047412962,0.0016427818,0.2236297167,0.0006670226,0.1730842887,0.0013702342,0.1121812081,0.0006553975,0.6675584384,0.0017036005,80,96
retrieved_context_behavior_clone,sparse_corpus,8,0.5523437500,0.0150188326,0.4194088485,0.0171967300,0.4738207625,0.0015554236,0.2765989097,0.0026309531,0.4369631657,0.0028381852,0.1048332737,0.0016276552,0.2238563250,0.0006705924,0.1731922140,0.0014544156,0.1120379376,0.0006593552,0.6673175764,0.0017075404,80,96
retrieved_context_behavior_clone,sparse_corpus,9,0.5714843750,0.0153350698,0.4389862166,0.0175768424,0.4743434875,0.0015184911,0.2764670347,0.0026735886,0.4371333313,0.0028729718,0.1046945362,0.0016496920,0.2234251937,0.0006669475,0.1730697166,0.0014000682,0.1118906651,0.0006650628,0.6671617569,0.0016966231,80,96
retrieved_context_behavior_clone,stale_memory,0,0.5561197917,0.0159785433,0.4139318154,0.0181598243,0.4687466750,0.0016436987,0.2872621688,0.0026445328,0.4344657716,0.0027858484,0.1066478831,0.0015487243,0.2274465479,0.0007499045,0.1763093137,0.0015391356,0.1163082522,0.0006228920,0.6532023539,0.0018410719,80,96
retrieved_context_behavior_clone,stale_memory,1,0.5453125000,0.0131158592,0.4031074418,0.0151219726,0.4690873125,0.0017049879,0.2871252938,0.0027314728,0.4346291122,0.0027685299,0.1068197456,0.0015424386,0.2277318375,0.0007218129,0.1761827142,0.0014638588,0.1163079747,0.0006557438,0.6535285174,0.0018670380,80,96
retrieved_context_behavior_clone,stale_memory,2,0.5518229167,0.0151064080,0.4098315750,0.0170625666,0.4694279500,0.0017225527,0.2871134813,0.0027592755,0.4346129882,0.0026737509,0.1066136062,0.0015694773,0.2276246042,0.0007146731,0.1761650229,0.0014925197,0.1166098482,0.0006388085,0.6532468771,0.0018328209,80,96
retrieved_context_behavior_clone,stale_memory,3,0.5476562500,0.0135738962,0.4054051902,0.0159180143,0.4687180625,0.0017325996,0.2872267313,0.0028567419,0.4344173994,0.0027464477,0.1066084087,0.0016243763,0.2277418875,0.0006934991,0.1762562397,0.0014421654,0.1163134227,0.0006302133,0.6531738411,0.0017727123,80,96
retrieved_context_behavior_clone,stale_memory,4,0.5493489583,0.0141774220,0.4076785243,0.0163746656,0.4688836125,0.0016664658,0.2867146688,0.0028442331,0.4352942216,0.0027419329,0.1066040456,0.0016583772,0.2275520271,0.0006696682,0.1760999141,0.0014101747,0.1164572172,0.0006561025,0.6531083089,0.0017010305,80,96
retrieved_context_behavior_clone,stale_memory,5,0.5438802083,0.0142745522,0.4021274713,0.0162237353,0.4683488125,0.0016078381,0.2867028563,0.0028606739,0.4351030100,0.0027997206,0.1063884187,0.0016579262,0.2276875396,0.0006258790,0.1762854744,0.0014215384,0.1166090157,0.0006981790,0.6530567836,0.0016767703,80,96
retrieved_context_behavior_clone,stale_memory,6,0.5527343750,0.0140681401,0.4111022585,0.0162954249,0.4686894500,0.0014973378,0.2866910438,0.0027414818,0.4350868860,0.0029623623,0.1061400918,0.0016312906,0.2276225312,0.0006411132,0.1766679830,0.0014366780,0.1163856267,0.0007110421,0.6532753934,0.0016212016,80,96
retrieved_context_behavior_clone,stale_memory,7,0.5466145833,0.0147708595,0.4050706851,0.0167040335,0.4688550000,0.0015414141,0.2868042938,0.0027395162,0.4352414722,0.0031209355,0.1060199756,0.0016773652,0.2275420458,0.0006153494,0.1767528967,0.0014571720,0.1161642387,0.0006677876,0.6526720924,0.0015899143,80,96
retrieved_context_behavior_clone,stale_memory,8,0.5535156250,0.0159713181,0.4117119749,0.0181025378,0.4688454625,0.0016133218,0.2872927313,0.0027471915,0.4352078394,0.0031947131,0.1059168599,0.0016523136,0.2275794187,0.0006320986,0.1770581818,0.0014495343,0.1163990787,0.0006360148,0.6528326731,0.0016099158,80,96
retrieved_context_behavior_clone,stale_memory,9,0.5500000000,0.0141292192,0.4084039122,0.0160929303,0.4695362750,0.0016621383,0.2872809188,0.0027531632,0.4358920653,0.0032670066,0.1058911893,0.0016273330,0.2276875875,0.0006114372,0.1772279842,0.0013823955,0.1164758397,0.0006106294,0.6527791469,0.0016601552,80,96
retrieved_context_behavior_clone,visually_aliased,0,0.5415364583,0.0153468930,0.4022821646,0.0175577939,0.4722691250,0.0016524299,0.2820466802,0.0026924420,0.4350904187,0.0030611222,0.1072603239,0.0016875800,0.2252541396,0.0007095160,0.1780037231,0.0014154813,0.1131830769,0.0006917194,0.6630360792,0.0015805095,80,96
retrieved_context_behavior_clone,visually_aliased,1,0.5446614583,0.0151422492,0.4051955235,0.0170307366,0.4717623250,0.0017437442,0.2823049927,0.0027433583,0.4345675778,0.0030682444,0.1071460307,0.0016140985,0.2252813396,0.0006413531,0.1778232083,0.0014242492,0.1132011224,0.0006987879,0.6630866364,0.0015989479,80,96
retrieved_context_behavior_clone,visually_aliased,2,0.5411458333,0.0167263582,0.4014959947,0.0191352760,0.4717807875,0.0016804618,0.2825633052,0.0027871304,0.4340447368,0.0030562325,0.1069261564,0.0016359877,0.2254765458,0.0006642283,0.1778427935,0.0013825560,0.1134442804,0.0006882433,0.6628790647,0.0016785191,80,96
retrieved_context_behavior_clone,visually_aliased,3,0.5514322917,0.0153720137,0.4119529547,0.0175526173,0.4714490750,0.0016769744,0.2824464302,0.0027140360,0.4344104649,0.0029541972,0.1068067689,0.0016277287,0.2252534104,0.0006738997,0.1781296510,0.0013554941,0.1134563229,0.0007010285,0.6631662402,0.0016972121,80,96
retrieved_context_behavior_clone,visually_aliased,4,0.5468750000,0.0156680332,0.4075322408,0.0177870261,0.4709422750,0.0017156440,0.2820794302,0.0027194833,0.4342596849,0.0028891143,0.1065618726,0.0016455051,0.2255382375,0.0006516817,0.1780143500,0.0014214370,0.1133893259,0.0006220711,0.6633543662,0.0016702015,80,96
retrieved_context_behavior_clone,visually_aliased,5,0.5423177083,0.0155808366,0.4028370983,0.0174556251,0.4709607375,0.0017364424,0.2819625552,0.0026977438,0.4337499756,0.0028032719,0.1066346351,0.0016177143,0.2254478771,0.0006312833,0.1782169154,0.0014057077,0.1136264809,0.0006541998,0.6635695057,0.0016398768,80,96
retrieved_context_behavior_clone,visually_aliased,6,0.5476562500,0.0150836873,0.4084863373,0.0171261636,0.4709792000,0.0015994817,0.2817206177,0.0026761282,0.4341200809,0.0028570754,0.1065955557,0.0015868309,0.2252940125,0.0006571492,0.1780978663,0.0014644616,0.1134114099,0.0006037547,0.6634919989,0.0016979901,80,96
retrieved_context_behavior_clone,visually_aliased,7,0.5476562500,0.0144357355,0.4085046321,0.0164668465,0.4715229250,0.0016202107,0.2818538677,0.0026859944,0.4344770546,0.0027824557,0.1068289082,0.0015783557,0.2251398500,0.0006750346,0.1780959871,0.0014981213,0.1135024919,0.0005972311,0.6632339019,0.0017073508,80,96
retrieved_context_behavior_clone,visually_aliased,8,0.5367187500,0.0133593763,0.3974777861,0.0153698674,0.4715413875,0.0016373881,0.2817369927,0.0026082458,0.4344926078,0.0028718309,0.1068664395,0.0015688978,0.2254389625,0.0006943607,0.1781890477,0.0015061107,0.1136646094,0.0005897019,0.6630488414,0.0017254288,80,96
retrieved_context_behavior_clone,visually_aliased,9,0.5429687500,0.0143789692,0.4036060821,0.0165539700,0.4712096750,0.0016002115,0.2817451802,0.0025938975,0.4343286962,0.0028826178,0.1067534251,0.0015538753,0.2254974500,0.0007445137,0.1784910666,0.0015489644,0.1133034654,0.0006169801,0.6629283132,0.0017304806,80,96
state_nearest_memory,combined_stress,0,0.4927083333,0.0150075202,0.3228033953,0.0175198604,0.4495108500,0.0016759483,0.3213993693,0.0028457017,0.4088601896,0.0028961048,0.1149078434,0.0016363861,0.2087443333,0.0007148186,0.1942461882,0.0015659028,0.1264589874,0.0006363895,0.6255519058,0.0016642771,80,96
state_nearest_memory,combined_stress,1,0.4854166667,0.0175111801,0.3155887345,0.0195404520,0.4496134000,0.0016757182,0.3210924318,0.0028740910,0.4086163074,0.0029135770,0.1150525577,0.0016328125,0.2085031792,0.0006628063,0.1942833659,0.0015250282,0.1264289889,0.0006689438,0.6259332761,0.0016991127,80,96
state_nearest_memory,combined_stress,2,0.4954427083,0.0149434108,0.3258433324,0.0171102046,0.4493657750,0.0017425240,0.3206604318,0.0028819049,0.4085518899,0.0028491497,0.1148767990,0.0016318682,0.2086949146,0.0006356911,0.1941115854,0.0014287727,0.1265470644,0.0006557758,0.6260940361,0.0017171541,80,96
state_nearest_memory,combined_stress,3,0.5024739583,0.0138741127,0.3328061767,0.0158206015,0.4489430625,0.0018044851,0.3207286818,0.0029201251,0.4086450511,0.0027634850,0.1149400390,0.0016017372,0.2086284271,0.0006475686,0.1940595298,0.0014097103,0.1265230689,0.0006413031,0.6262107741,0.0017246192,80,96
state_nearest_memory,combined_stress,4,0.4910156250,0.0165393654,0.3215067428,0.0189150854,0.4492207000,0.0017998850,0.3201716193,0.0029252098,0.4084099233,0.0028460584,0.1150672071,0.0016606855,0.2085956812,0.0007273348,0.1940852942,0.0014638385,0.1264890684,0.0006636594,0.6264210588,0.0017979514,80,96
state_nearest_memory,combined_stress,5,0.4992187500,0.0164475155,0.3299406283,0.0189218709,0.4489730750,0.0018746675,0.3199897443,0.0028643819,0.4088620139,0.0027626047,0.1149417696,0.0016951655,0.2086628625,0.0006888806,0.1940155222,0.0014649653,0.1266111459,0.0006465384,0.6257664113,0.0017258466,80,96
state_nearest_memory,combined_stress,6,0.5028645833,0.0153102385,0.3336995803,0.0176393814,0.4480251000,0.0016634115,0.3198078693,0.0028307429,0.4087888421,0.0029224912,0.1146732509,0.0017144230,0.2084936958,0.0006932712,0.1941553050,0.0014551934,0.1265081109,0.0006813268,0.6256560358,0.0016883005,80,96
state_nearest_memory,combined_stress,7,0.4985677083,0.0150791774,0.3293712172,0.0171254223,0.4476023875,0.0015753688,0.3197510568,0.0028220387,0.4088863805,0.0030111468,0.1148566052,0.0016963156,0.2085858021,0.0006554821,0.1936973427,0.0014036562,0.1265571519,0.0007022222,0.6252800276,0.0016904819,80,96
state_nearest_memory,combined_stress,8,0.4893229167,0.0163719525,0.3200380269,0.0185469329,0.4477049375,0.0015335859,0.3196942443,0.0028492083,0.4091590064,0.0029465674,0.1149039096,0.0017151091,0.2088972542,0.0006636149,0.1939365789,0.0014333757,0.1266812304,0.0007066636,0.6251461403,0.0017111186,80,96
state_nearest_memory,combined_stress,9,0.4921875000,0.0157121716,0.3228763402,0.0178645228,0.4476324000,0.0016775219,0.3200126193,0.0028815611,0.4094185008,0.0029627473,0.1149095834,0.0016324198,0.2088140625,0.0006945830,0.1937927349,0.0014597144,0.1265111619,0.0006975998,0.6250757848,0.0017032811,80,96
state_nearest_memory,cross_embodiment,0,0.5412760417,0.0147461404,0.3961152715,0.0167274059,0.4602588750,0.0015592528,0.2968059370,0.0028480897,0.4179941547,0.0030030232,0.1080487093,0.0015964164,0.2017105479,0.0006190778,0.1812387224,0.0015811079,0.1185076325,0.0006351887,0.6502987038,0.0017347832,80,96
state_nearest_memory,cross_embodiment,1,0.5364583333,0.0140571476,0.3907785667,0.0160210129,0.4600182500,0.0016025024,0.2971293120,0.0027861289,0.4173850366,0.0030071797,0.1082710518,0.0015989852,0.2018879833,0.0006729072,0.1812147884,0.0015401832,0.1183406440,0.0006556742,0.6505187513,0.0016741427,80,96
state_nearest_memory,cross_embodiment,2,0.5373697917,0.0144581914,0.3917459846,0.0163732635,0.4597776250,0.0016411436,0.2972025620,0.0028095605,0.4178351978,0.0030290848,0.1085228356,0.0016113967,0.2016850604,0.0006511211,0.1808603817,0.0014987682,0.1183947660,0.0006882376,0.6505537063,0.0016842350,80,96
state_nearest_memory,cross_embodiment,3,0.5389322917,0.0136028675,0.3931822100,0.0157709322,0.4598871750,0.0016106012,0.2971507495,0.0028254078,0.4174142988,0.0030822361,0.1086791087,0.0015850842,0.2018482104,0.0006678143,0.1805160263,0.0014527216,0.1185969620,0.0007125652,0.6504240790,0.0016872528,80,96
state_nearest_memory,cross_embodiment,4,0.5403645833,0.0140635975,0.3944810604,0.0162522275,0.4594714625,0.0016834568,0.2970989370,0.0028035705,0.4166432247,0.0029605108,0.1086126131,0.0016848123,0.2014879208,0.0006401819,0.1807782741,0.0014061716,0.1187241205,0.0007050726,0.6505525808,0.0017418213,80,96
state_nearest_memory,cross_embodiment,5,0.5468750000,0.0150013661,0.4009213351,0.0172412485,0.4595810125,0.0017308258,0.2967969995,0.0027630906,0.4162310800,0.0030184896,0.1087373525,0.0016937292,0.2015818000,0.0006709170,0.1808227055,0.0014432616,0.1186972020,0.0007018101,0.6507381110,0.0017171119,80,96
state_nearest_memory,cross_embodiment,6,0.5436197917,0.0138114578,0.3976175184,0.0155578252,0.4596905625,0.0017664817,0.2969953120,0.0027716002,0.4163266891,0.0029156973,0.1089228156,0.0016851865,0.2015122479,0.0006507981,0.1804803086,0.0013384858,0.1186032500,0.0007012930,0.6508936263,0.0017433211,80,96
state_nearest_memory,cross_embodiment,7,0.5449218750,0.0145984713,0.3988485194,0.0169353199,0.4592748500,0.0016519173,0.2968184370,0.0027114066,0.4162603422,0.0029502904,0.1088499093,0.0017496628,0.2017540812,0.0006697382,0.1806241935,0.0013147492,0.1186533700,0.0006942590,0.6505293818,0.0017493596,80,96
state_nearest_memory,cross_embodiment,8,0.5424479167,0.0146083228,0.3968248893,0.0162937116,0.4593844000,0.0015950813,0.2961413120,0.0028876174,0.4163865916,0.0028620263,0.1088099543,0.0016642262,0.2016735917,0.0006516764,0.1804419504,0.0013427401,0.1184703735,0.0006854344,0.6503372233,0.0017979687,80,96
state_nearest_memory,cross_embodiment,9,0.5304687500,0.0156460227,0.3848662711,0.0176889297,0.4594939500,0.0016079237,0.2959644370,0.0029014840,0.4166704197,0.0028708962,0.1090511481,0.0016693694,0.2018762500,0.0006391047,0.1801793321,0.0013046881,0.1182203435,0.0006478638,0.6505152498,0.0017948486,80,96
state_nearest_memory,heldout_mechanism,0,0.5638020833,0.0157451941,0.4283589023,0.0175091470,0.4633796625,0.0017257397,0.2867058488,0.0028280464,0.4211763128,0.0030090112,0.1056418719,0.0016646370,0.1993576958,0.0007513231,0.1747155396,0.0013787269,0.1154330911,0.0006300289,0.6593344721,0.0016972978,80,96
state_nearest_memory,heldout_mechanism,1,0.5634114583,0.0135807882,0.4278009328,0.0155728433,0.4633211250,0.0016311228,0.2869091613,0.0027857753,0.4211036594,0.0030342813,0.1056290475,0.0016165840,0.1994761521,0.0007416081,0.1747805964,0.0013488511,0.1154172566,0.0006641804,0.6593801903,0.0016854376,80,96
state_nearest_memory,heldout_mechanism,2,0.5592447917,0.0124157534,0.4237834997,0.0141315327,0.4637878500,0.0016147374,0.2869874113,0.0027416478,0.4212104706,0.0029776703,0.1055253625,0.0015561175,0.1994973979,0.0006718449,0.1746366950,0.0014441052,0.1154744586,0.0006516917,0.6594754333,0.0016971550,80,96
state_nearest_memory,heldout_mechanism,3,0.5692708333,0.0123705500,0.4339493450,0.0136833127,0.4639044000,0.0016465675,0.2873157863,0.0027430464,0.4213085275,0.0030937373,0.1051837175,0.0015113905,0.1991698708,0.0006521541,0.1749044069,0.0014540968,0.1154606251,0.0006392764,0.6591274548,0.0017142843,80,96
state_nearest_memory,heldout_mechanism,4,0.5526041667,0.0137242997,0.4167308750,0.0153971938,0.4640209500,0.0015726202,0.2875190988,0.0027863928,0.4208856990,0.0030688833,0.1056139369,0.0015841707,0.1991410042,0.0006815753,0.1753759669,0.0014568045,0.1154447906,0.0006486451,0.6591871801,0.0017374088,80,96
state_nearest_memory,heldout_mechanism,5,0.5701822917,0.0145674902,0.4344893600,0.0165823318,0.4643125875,0.0016161411,0.2875973488,0.0028303516,0.4208174228,0.0029155725,0.1053439582,0.0015990580,0.1990078979,0.0006609992,0.1754353171,0.0014986438,0.1152768801,0.0006303098,0.6593684661,0.0017392186,80,96
state_nearest_memory,heldout_mechanism,6,0.5696614583,0.0129971157,0.4338128164,0.0151550368,0.4640789625,0.0016699298,0.2875505363,0.0028994925,0.4207535237,0.0029558933,0.1054660438,0.0015726270,0.1991281771,0.0006511653,0.1754889607,0.0014126832,0.1153320811,0.0006627398,0.6596152848,0.0017937536,80,96
state_nearest_memory,heldout_mechanism,7,0.5569010417,0.0143678129,0.4207956405,0.0165149981,0.4640204250,0.0016648869,0.2876287863,0.0028863178,0.4205101600,0.0029268837,0.1057421588,0.0015844501,0.1991946979,0.0006265402,0.1753513625,0.0014960294,0.1153142456,0.0006763736,0.6598686068,0.0017689589,80,96
state_nearest_memory,heldout_mechanism,8,0.5548177083,0.0154122929,0.4189326457,0.0169762296,0.4644871500,0.0016544033,0.2872067863,0.0028798631,0.4202843050,0.0030719123,0.1058661063,0.0015313470,0.1991117396,0.0005827089,0.1750908879,0.0015080577,0.1155135186,0.0006632369,0.6597937648,0.0017150876,80,96
state_nearest_memory,heldout_mechanism,9,0.5691406250,0.0126975581,0.4333067243,0.0147330016,0.4640784375,0.0016017386,0.2874100988,0.0028847837,0.4203867390,0.0029937339,0.1058135507,0.0015284519,0.1988741313,0.0006186291,0.1748526431,0.0014746573,0.1154226466,0.0007034408,0.6598114691,0.0016459625,80,96
state_nearest_memory,heldout_object,0,0.5813802083,0.0129793423,0.4562024641,0.0148510279,0.4676115750,0.0016110364,0.2767738303,0.0026468223,0.4239517584,0.0029970844,0.1028309869,0.0016101345,0.1963696146,0.0006445935,0.1677646907,0.0014602296,0.1121459163,0.0006682090,0.6692205962,0.0017718548,80,96
state_nearest_memory,heldout_object,1,0.5808593750,0.0142122704,0.4563384617,0.0161082055,0.4680573000,0.0016717011,0.2760867053,0.0027670456,0.4245896203,0.0029515005,0.1025991006,0.0015847033,0.1962557813,0.0006300887,0.1679649886,0.0014509009,0.1121068348,0.0006269326,0.6690479317,0.0018231386,80,96
state_nearest_memory,heldout_object,2,0.5734375000,0.0137531041,0.4487282866,0.0154190193,0.4679777625,0.0016849197,0.2762750178,0.0027957146,0.4243214044,0.0029136456,0.1026277512,0.0015588021,0.1963136000,0.0006422600,0.1679208405,0.0014516743,0.1120067228,0.0006489420,0.6688807699,0.0018921908,80,96
state_nearest_memory,heldout_object,3,0.6000000000,0.0121635487,0.4757817035,0.0142019285,0.4682484000,0.0017032805,0.2764633303,0.0028221138,0.4249286259,0.0028789044,0.1021197206,0.0016008357,0.1961207500,0.0006743692,0.1678609346,0.0013998591,0.1119816483,0.0006610205,0.6689417222,0.0018380906,80,96
state_nearest_memory,heldout_object,4,0.5805989583,0.0142006638,0.4561628970,0.0160643378,0.4683439500,0.0016977984,0.2765265803,0.0028416710,0.4253651372,0.0028973117,0.1022802044,0.0015703754,0.1964963521,0.0007422008,0.1681986736,0.0013985286,0.1121796853,0.0006823100,0.6684959212,0.0018376419,80,96
state_nearest_memory,heldout_object,5,0.5914062500,0.0150801888,0.4669463904,0.0167041057,0.4687896750,0.0017524923,0.2769650178,0.0028285423,0.4252632544,0.0029923549,0.1022233512,0.0015507985,0.1962989625,0.0007067215,0.1680627372,0.0014530377,0.1121586128,0.0006732225,0.6684558229,0.0017919648,80,96
state_nearest_memory,heldout_object,6,0.5846354167,0.0144658589,0.4601049471,0.0164166189,0.4685350500,0.0015015650,0.2767781428,0.0029429746,0.4257085200,0.0029835199,0.1024391325,0.0015810180,0.1964227042,0.0007238631,0.1682890131,0.0014626993,0.1119774603,0.0006281393,0.6684972654,0.0017097690,80,96
state_nearest_memory,heldout_object,7,0.5835937500,0.0154560148,0.4590787241,0.0172794741,0.4691558625,0.0015525077,0.2772165803,0.0029386702,0.4256066372,0.0029188730,0.1025205231,0.0015965995,0.1960910500,0.0006845973,0.1679529766,0.0014870254,0.1119563878,0.0006337081,0.6686712742,0.0016934682,80,96
state_nearest_memory,heldout_object,8,0.5757812500,0.0135991396,0.4507112439,0.0156191363,0.4694265000,0.0015807232,0.2775299553,0.0029955481,0.4244586066,0.0030239676,0.1026399969,0.0016157982,0.1962293750,0.0006945578,0.1681303931,0.0015051535,0.1121584268,0.0006318552,0.6690248727,0.0016921033,80,96
state_nearest_memory,heldout_object,9,0.5835937500,0.0128253779,0.4585636397,0.0145184050,0.4695220500,0.0016485919,0.2774681428,0.0030030158,0.4241991450,0.0029400061,0.1026020325,0.0015382896,0.1959988750,0.0006510557,0.1682749318,0.0015509600,0.1121293503,0.0005939705,0.6690868254,0.0016776534,80,96
state_nearest_memory,seen_corpus,0,0.6052083333,0.0140552706,0.4932614834,0.0156882833,0.4744232125,0.0016057944,0.2649877845,0.0029652532,0.4287237650,0.0031293307,0.0987329199,0.0015709227,0.1925685208,0.0006626619,0.1599595725,0.0014803762,0.1086865171,0.0006860454,0.6802070399,0.0017520324,80,96
state_nearest_memory,seen_corpus,1,0.6207031250,0.0122773948,0.5091501449,0.0138946688,0.4744977625,0.0016570171,0.2649109720,0.0029396688,0.4293192660,0.0031202485,0.0982464743,0.0016136665,0.1925966562,0.0006000892,0.1602761470,0.0014771149,0.1087982756,0.0007275329,0.6802562127,0.0017413892,80,96
state_nearest_memory,seen_corpus,2,0.6152343750,0.0120750789,0.5035730073,0.0137840387,0.4740470500,0.0017457752,0.2644589720,0.0028532532,0.4294026360,0.0030270457,0.0983362218,0.0015733612,0.1929182812,0.0006100530,0.1606851063,0.0014765752,0.1088289936,0.0007216357,0.6802858757,0.0016021283,80,96
state_nearest_memory,seen_corpus,3,0.6111979167,0.0122778313,0.4996569587,0.0137681651,0.4737714250,0.0016547489,0.2643821595,0.0029070459,0.4298230494,0.0030356352,0.0984264512,0.0014894396,0.1930697792,0.0006104831,0.1602044323,0.0014963272,0.1087906771,0.0007196658,0.6804070844,0.0016257386,80,96
state_nearest_memory,seen_corpus,4,0.6190104167,0.0127106996,0.5077775330,0.0147602106,0.4740210625,0.0016399648,0.2643053470,0.0028608642,0.4297182004,0.0030258808,0.0981533243,0.0015648593,0.1929803542,0.0006461351,0.1599333130,0.0014125774,0.1089024356,0.0006877057,0.6805703142,0.0016487097,80,96
state_nearest_memory,seen_corpus,5,0.6209635417,0.0141389895,0.5094019885,0.0153999502,0.4733952625,0.0017256817,0.2646037220,0.0028388949,0.4294251322,0.0029400416,0.0982370418,0.0015431822,0.1931230354,0.0006356662,0.1596824651,0.0013784290,0.1084949346,0.0006627995,0.6800406977,0.0017605293,80,96
state_nearest_memory,seen_corpus,6,0.6131510417,0.0128550100,0.5013680722,0.0147222167,0.4741701625,0.0017224609,0.2647770345,0.0027500768,0.4291364413,0.0029006840,0.0984877862,0.0015839022,0.1932523604,0.0006339591,0.1596260106,0.0014016638,0.1083855826,0.0006319426,0.6800308409,0.0016959351,80,96
state_nearest_memory,seen_corpus,7,0.6162760417,0.0133270923,0.5043109850,0.0149391807,0.4740696250,0.0017418788,0.2649503470,0.0027049542,0.4293730129,0.0028361374,0.0986917305,0.0015700491,0.1932285604,0.0006800774,0.1597602014,0.0014429700,0.1085763806,0.0006469120,0.6798508992,0.0017078578,80,96
state_nearest_memory,seen_corpus,8,0.6169270833,0.0117294662,0.5048579339,0.0136306515,0.4737940000,0.0015948688,0.2651236595,0.0027130617,0.4294344969,0.0028682730,0.0987150937,0.0015861983,0.1930142833,0.0006687341,0.1599975937,0.0015240931,0.1085420661,0.0006336676,0.6799571004,0.0016931599,80,96
state_nearest_memory,seen_corpus,9,0.6180989583,0.0133690926,0.5061307333,0.0147058701,0.4740436375,0.0016646659,0.2646716595,0.0028397145,0.4293427794,0.0029404760,0.0989854599,0.0015745792,0.1930178271,0.0006452211,0.1598094046,0.0014919523,0.1082726341,0.0005734627,0.6802428914,0.0017469646,80,96
state_nearest_memory,sparse_corpus,0,0.5369791667,0.0159637022,0.3860806877,0.0180162297,0.4559748125,0.0016341249,0.3019564514,0.0027755790,0.4153388517,0.0030310452,0.1095976891,0.0016342936,0.2035597542,0.0007030482,0.1835397410,0.0014122905,0.1200308582,0.0006974361,0.6441186479,0.0017585787,80,96
state_nearest_memory,sparse_corpus,1,0.5355468750,0.0145309973,0.3848985543,0.0166870995,0.4562384500,0.0015958620,0.3018896389,0.0027925613,0.4157729151,0.0029708919,0.1096477435,0.0016708011,0.2032305688,0.0006399303,0.1835675213,0.0014643352,0.1199236642,0.0006841335,0.6443904477,0.0017471243,80,96
state_nearest_memory,sparse_corpus,2,0.5286458333,0.0138943316,0.3778415485,0.0159750609,0.4568522625,0.0015839677,0.3021980139,0.0028007880,0.4158436720,0.0029474218,0.1096724235,0.0016195113,0.2035032083,0.0005989351,0.1836187245,0.0014613877,0.1198975107,0.0007153760,0.6439674002,0.0017810608,80,96
state_nearest_memory,sparse_corpus,3,0.5376302083,0.0131228660,0.3867776513,0.0152663883,0.4571159000,0.0016204571,0.3022562639,0.0028153429,0.4157480958,0.0028373229,0.1097688447,0.0016063636,0.2034033771,0.0005713022,0.1836616662,0.0014409805,0.1200174302,0.0006981058,0.6441316462,0.0017608576,80,96
state_nearest_memory,sparse_corpus,4,0.5341145833,0.0138775885,0.3832263652,0.0160430364,0.4572044500,0.0014434636,0.3021894514,0.0028277942,0.4154818092,0.0027664469,0.1098563991,0.0015744565,0.2033284708,0.0006530180,0.1836020027,0.0013832517,0.1199102362,0.0006669234,0.6441893389,0.0017182184,80,96
state_nearest_memory,sparse_corpus,5,0.5328125000,0.0138639178,0.3816127396,0.0154823048,0.4576431750,0.0013864380,0.3026228889,0.0028396411,0.4155481889,0.0029451575,0.1100892022,0.0015115199,0.2035227250,0.0005969767,0.1835588626,0.0014241389,0.1199611212,0.0006309699,0.6444451307,0.0017240275,80,96
state_nearest_memory,sparse_corpus,6,0.5363281250,0.0142528192,0.3853803446,0.0162693428,0.4579068125,0.0013696860,0.3024310139,0.0028466557,0.4154613670,0.0028838925,0.1099664022,0.0015732180,0.2033493812,0.0006223785,0.1834903410,0.0014487109,0.1203021512,0.0006324977,0.6443242342,0.0017047079,80,96
state_nearest_memory,sparse_corpus,7,0.5286458333,0.0148088769,0.3776346384,0.0171164459,0.4579953625,0.0013695325,0.3024892639,0.0028715642,0.4155408783,0.0028903759,0.1099876360,0.0016375753,0.2033328083,0.0006771780,0.1837302311,0.0015299121,0.1204220707,0.0006166391,0.6443744232,0.0017374483,80,96
state_nearest_memory,sparse_corpus,8,0.5316406250,0.0160154442,0.3807932736,0.0183065200,0.4577337375,0.0015533280,0.3021723264,0.0029355695,0.4152833461,0.0029467582,0.1098654566,0.0016644552,0.2031667562,0.0006896673,0.1837592045,0.0016026005,0.1205359872,0.0006704329,0.6446192094,0.0017073378,80,96
state_nearest_memory,sparse_corpus,9,0.5256510417,0.0164682295,0.3745189138,0.0186982100,0.4574721125,0.0016735630,0.3023556389,0.0029692802,0.4153584801,0.0029249271,0.1100900885,0.0016947718,0.2032015229,0.0007167815,0.1839047511,0.0015483720,0.1205078327,0.0006314521,0.6446338807,0.0017131246,80,96
state_nearest_memory,stale_memory,0,0.5102864583,0.0141855609,0.3495852553,0.0164525005,0.4520309625,0.0016752752,0.3133801031,0.0028893176,0.4130136439,0.0027957063,0.1119761260,0.0016730853,0.2069894396,0.0006707967,0.1871377590,0.0014327917,0.1251458766,0.0006588465,0.6301618208,0.0016850593,80,96
state_nearest_memory,stale_memory,1,0.5196614583,0.0159019962,0.3591434935,0.0180557011,0.4519374250,0.0017160294,0.3130581656,0.0028408724,0.4127492867,0.0028419928,0.1119608653,0.0016598239,0.2068811396,0.0006709041,0.1868624803,0.0014828676,0.1252567131,0.0006741809,0.6302162541,0.0016598819,80,96
state_nearest_memory,stale_memory,2,0.5157552083,0.0151805313,0.3555011605,0.0170212731,0.4518438875,0.0016922267,0.3129863531,0.0027710178,0.4133516126,0.0028696292,0.1117519510,0.0015529917,0.2070338146,0.0007116475,0.1867829569,0.0014940413,0.1253715516,0.0006382236,0.6305558298,0.0016589216,80,96
state_nearest_memory,stale_memory,3,0.5149739583,0.0165994720,0.3545438712,0.0188857156,0.4519254375,0.0016683564,0.3127894781,0.0028681109,0.4129077908,0.0030164435,0.1117781822,0.0015833443,0.2072177771,0.0007213284,0.1871168363,0.0014968064,0.1250341641,0.0007072602,0.6305167163,0.0016557442,80,96
state_nearest_memory,stale_memory,4,0.5119791667,0.0141511419,0.3515628398,0.0162899825,0.4518319000,0.0017529232,0.3127176656,0.0027901913,0.4129848542,0.0029773364,0.1118530116,0.0015247328,0.2069825042,0.0006879014,0.1873469176,0.0015476205,0.1249989276,0.0006942162,0.6305561421,0.0017534351,80,96
state_nearest_memory,stale_memory,5,0.5210937500,0.0133889658,0.3609171930,0.0154018222,0.4512131000,0.0016926244,0.3126458531,0.0027707035,0.4132370051,0.0030241503,0.1115597972,0.0015488819,0.2069528875,0.0006909735,0.1871736473,0.0015241086,0.1248136161,0.0006746066,0.6300532968,0.0017670306,80,96
state_nearest_memory,stale_memory,6,0.5165364583,0.0132240019,0.3558230645,0.0153824868,0.4512946500,0.0016921544,0.3131993531,0.0027730777,0.4129420076,0.0030178200,0.1118565985,0.0015328133,0.2068895646,0.0006970634,0.1874385648,0.0015203579,0.1246383096,0.0007228368,0.6301692608,0.0017202123,80,96
state_nearest_memory,stale_memory,7,0.5227864583,0.0157983824,0.3625606300,0.0181185746,0.4517263750,0.0016901329,0.3128774156,0.0028031621,0.4133780005,0.0030621278,0.1115974378,0.0015739158,0.2066749396,0.0007025649,0.1876509297,0.0015446165,0.1245990711,0.0006872888,0.6300656151,0.0017055312,80,96
state_nearest_memory,stale_memory,8,0.5234375000,0.0167916881,0.3634206536,0.0190641679,0.4516328375,0.0016581622,0.3129306656,0.0028721381,0.4134506867,0.0030128678,0.1115403591,0.0016473426,0.2066137375,0.0006687152,0.1869862676,0.0015165384,0.1244907981,0.0006659782,0.6296973371,0.0017749509,80,96
state_nearest_memory,stale_memory,9,0.5319010417,0.0150686762,0.3719775444,0.0172380838,0.4520645625,0.0016500560,0.3131089781,0.0028132259,0.4135189958,0.0029375156,0.1112013347,0.0016351333,0.2066682729,0.0006449847,0.1873278121,0.0014947336,0.1242344511,0.0006572889,0.6301639763,0.0017724356,80,96
state_nearest_memory,visually_aliased,0,0.5082031250,0.0140416262,0.3504150105,0.0161477479,0.4547302125,0.0017232863,0.3080086599,0.0027757935,0.4131707244,0.0028636740,0.1122999999,0.0014928811,0.2050196062,0.0007099545,0.1886633167,0.0015212625,0.1215903686,0.0005882906,0.6397687974,0.0016419250,80,96
state_nearest_memory,visually_aliased,1,0.5059895833,0.0151142649,0.3481289720,0.0174639118,0.4548397625,0.0016257424,0.3083320349,0.0028523824,0.4132619563,0.0029171043,0.1121753174,0.0015186446,0.2049354708,0.0007328501,0.1889269264,0.0015570830,0.1216484926,0.0005699244,0.6395166089,0.0017009923,80,96
state_nearest_memory,visually_aliased,2,0.5102864583,0.0144024296,0.3526729839,0.0165193625,0.4549493125,0.0015810330,0.3084052849,0.0028501224,0.4135370300,0.0029718605,0.1118409012,0.0015816693,0.2048352271,0.0006614703,0.1890759213,0.0015975657,0.1218526896,0.0005765565,0.6398797279,0.0017127613,80,96
state_nearest_memory,visually_aliased,3,0.5210937500,0.0153059299,0.3637391853,0.0176891667,0.4550588625,0.0015767880,0.3082284099,0.0028519249,0.4134706832,0.0030183480,0.1116719387,0.0016346972,0.2045688000,0.0006590545,0.1891197561,0.0015871352,0.1219028096,0.0006123301,0.6401578044,0.0017396222,80,96
state_nearest_memory,visually_aliased,4,0.5054687500,0.0137102357,0.3473755093,0.0160625002,0.4548182375,0.0015827730,0.3084267224,0.0027954373,0.4126908547,0.0029277026,0.1121550956,0.0016127664,0.2048975375,0.0006816797,0.1891933171,0.0015569955,0.1216587826,0.0006608088,0.6402853057,0.0016701232,80,96
state_nearest_memory,visually_aliased,5,0.5110677083,0.0142821740,0.3530782064,0.0167070675,0.4545776125,0.0016343078,0.3086250349,0.0028427024,0.4129615513,0.0030115181,0.1121061462,0.0016394021,0.2047040271,0.0006992895,0.1889478186,0.0015009144,0.1219400181,0.0006873866,0.6404128069,0.0016980449,80,96
state_nearest_memory,visually_aliased,6,0.5104166667,0.0168367981,0.3521633114,0.0188571113,0.4546871625,0.0016068107,0.3088233474,0.0028212455,0.4127069853,0.0030713631,0.1123948093,0.0016235849,0.2048231292,0.0006928238,0.1886117249,0.0014508712,0.1219211036,0.0007162143,0.6401681222,0.0016832282,80,96
state_nearest_memory,visually_aliased,7,0.5188802083,0.0168841072,0.3608971877,0.0190797694,0.4544465375,0.0016043512,0.3085214099,0.0028198980,0.4121197532,0.0029583223,0.1121092049,0.0017247171,0.2043644021,0.0006804549,0.1886593079,0.0014128387,0.1220442601,0.0007095763,0.6403256384,0.0017323798,80,96
state_nearest_memory,visually_aliased,8,0.5088541667,0.0146953150,0.3505312672,0.0168916689,0.4543810000,0.0016925315,0.3080944099,0.0027723304,0.4117119857,0.0030074619,0.1125228462,0.0016871621,0.2046897917,0.0006527137,0.1888981327,0.0014322815,0.1220903781,0.0007009207,0.6406047154,0.0016981596,80,96
state_nearest_memory,visually_aliased,9,0.5187500000,0.0136785688,0.3603923891,0.0157640781,0.4543154625,0.0017553306,0.3082927224,0.0027807113,0.4114574197,0.0028981650,0.1124715906,0.0017150811,0.2045862000,0.0006606073,0.1886620890,0.0013658930,0.1219964261,0.0007038191,0.6407462237,0.0017412461,80,96
test_time_retrieval_adaptation,combined_stress,0,0.5963541667,0.0119164889,0.5326298944,0.0132375616,0.5464471125,0.0015808971,0.1794275344,0.0020032941,0.5182048413,0.0028342986,0.0802232899,0.0015054927,0.2999037042,0.0005918054,0.1497479019,0.0014156423,0.0855238131,0.0006308271,0.5722398669,0.0016224858,80,96
test_time_retrieval_adaptation,combined_stress,1,0.5904947917,0.0125268141,0.5266410359,0.0141692342,0.5466196625,0.0015772165,0.1792956594,0.0020154727,0.5180248319,0.0028163481,0.0803844774,0.0015147972,0.2999726479,0.0006093456,0.1499318577,0.0014076198,0.0852264656,0.0006650047,0.5717558834,0.0016649251,80,96
test_time_retrieval_adaptation,combined_stress,2,0.5924479167,0.0134988600,0.5284014174,0.0148251731,0.5469673000,0.0015339693,0.1795389719,0.0019652512,0.5178316910,0.0028744291,0.0805063405,0.0015108996,0.3002323667,0.0006032146,0.1496326833,0.0014270123,0.0852352711,0.0006482426,0.5714634957,0.0016412329,80,96
test_time_retrieval_adaptation,combined_stress,3,0.5880208333,0.0138248524,0.5238799133,0.0152392501,0.5473149375,0.0014870351,0.1797822844,0.0019542990,0.5176385500,0.0030093929,0.0803678599,0.0014302051,0.3003562958,0.0006335673,0.1497337089,0.0014686857,0.0850189641,0.0006396198,0.5718714579,0.0016525293,80,96
test_time_retrieval_adaptation,combined_stress,4,0.5872395833,0.0133860098,0.5235631046,0.0148004651,0.5471373125,0.0015940241,0.1791501594,0.0019681449,0.5183514869,0.0030176053,0.0801775112,0.0013915265,0.3005792583,0.0006048299,0.1497790304,0.0015364631,0.0850888001,0.0006437572,0.5718897254,0.0016923471,80,96
test_time_retrieval_adaptation,combined_stress,5,0.5903645833,0.0138480906,0.5263879637,0.0153647543,0.5469596875,0.0016800178,0.1793934719,0.0020075579,0.5179832585,0.0031055462,0.0802032430,0.0014047454,0.3007475333,0.0006143373,0.1497831576,0.0015215900,0.0850225681,0.0006040199,0.5718554667,0.0017276276,80,96
test_time_retrieval_adaptation,combined_stress,6,0.6010416667,0.0143653166,0.5374509983,0.0161340513,0.5467820625,0.0017147035,0.1790114719,0.0020393976,0.5186874410,0.0031168308,0.0801243030,0.0015059203,0.3007350417,0.0006064312,0.1497398423,0.0014916237,0.0850213686,0.0005882831,0.5721588767,0.0017162353,80,96
test_time_retrieval_adaptation,combined_stress,7,0.5817708333,0.0129692069,0.5174467955,0.0139591478,0.5459040875,0.0015485143,0.1792547844,0.0021140324,0.5177939500,0.0030599950,0.0804781224,0.0015040875,0.3009167083,0.0005968548,0.1497534242,0.0015299861,0.0850301741,0.0005735496,0.5714682899,0.0016898009,80,96
test_time_retrieval_adaptation,combined_stress,8,0.5809895833,0.0133889658,0.5170185476,0.0146246999,0.5460766375,0.0015990689,0.1792479719,0.0020919051,0.5184850010,0.0030299539,0.0804065830,0.0014497574,0.3006894458,0.0005969873,0.1496271787,0.0014836654,0.0851850526,0.0006087512,0.5717772027,0.0016715719,80,96
test_time_retrieval_adaptation,combined_stress,9,0.5895833333,0.0139563782,0.5257382045,0.0151990092,0.5464242750,0.0016432519,0.1793662219,0.0020247640,0.5186464122,0.0029683608,0.0802500855,0.0015247261,0.3005560458,0.0006450252,0.1498162446,0.0014713063,0.0852668946,0.0006646439,0.5715923687,0.0016386444,80,96
test_time_retrieval_adaptation,cross_embodiment,0,0.6148437500,0.0121547341,0.5700808213,0.0135610614,0.5575416375,0.0016452798,0.1642052585,0.0019526837,0.5261317035,0.0030821260,0.0750852306,0.0015132692,0.2938147000,0.0006609460,0.1365814660,0.0013819211,0.0774957091,0.0006154069,0.5958497155,0.0016957449,80,96
test_time_retrieval_adaptation,cross_embodiment,1,0.6167968750,0.0138619850,0.5720547890,0.0152816389,0.5575461000,0.0016733379,0.1644535710,0.0019321196,0.5262955625,0.0029950090,0.0749102937,0.0015121341,0.2936271938,0.0007109814,0.1368803906,0.0014301615,0.0775075946,0.0006575520,0.5958337237,0.0017322592,80,96
test_time_retrieval_adaptation,cross_embodiment,2,0.6093750000,0.0135847032,0.5646406860,0.0152447190,0.5580758250,0.0016736554,0.1642016335,0.0020524839,0.5263018428,0.0029826662,0.0751692393,0.0015027720,0.2937960500,0.0007004803,0.1367594403,0.0014880066,0.0770612511,0.0006454429,0.5960898680,0.0017217772,80,96
test_time_retrieval_adaptation,cross_embodiment,3,0.6233072917,0.0126934020,0.5786441560,0.0140962605,0.5575550250,0.0015083946,0.1643248835,0.0020521245,0.5262949916,0.0029535025,0.0749950356,0.0014542366,0.2935909104,0.0006792897,0.1366556099,0.0015144535,0.0771461731,0.0006363661,0.5960393590,0.0016826695,80,96
test_time_retrieval_adaptation,cross_embodiment,4,0.6067708333,0.0112032930,0.5618817327,0.0125109152,0.5577345750,0.0015298580,0.1644481335,0.0020749927,0.5259379653,0.0031061326,0.0752191943,0.0013967209,0.2938123333,0.0006764085,0.1362579326,0.0015701214,0.0770810201,0.0006417473,0.5962449780,0.0016969082,80,96
test_time_retrieval_adaptation,cross_embodiment,5,0.6183593750,0.0132765165,0.5732330643,0.0146294933,0.5575639500,0.0016415811,0.1646964460,0.0021520493,0.5254014744,0.0030500904,0.0751709700,0.0013977580,0.2936400063,0.0006731337,0.1364694135,0.0015321378,0.0771679431,0.0006637428,0.5960148792,0.0016201533,80,96
test_time_retrieval_adaptation,cross_embodiment,6,0.6239583333,0.0107716915,0.5789355539,0.0120231732,0.5579185875,0.0017329645,0.1646946335,0.0020774782,0.5250488253,0.0030251888,0.0749879368,0.0013894643,0.2936265708,0.0006313562,0.1363661797,0.0014625399,0.0773259016,0.0006295210,0.5961419590,0.0016240619,80,96
test_time_retrieval_adaptation,cross_embodiment,7,0.6195312500,0.0114621349,0.5748837934,0.0123663027,0.5582732250,0.0017755188,0.1641925710,0.0019724615,0.5254140350,0.0029627304,0.0748753175,0.0014490808,0.2937535000,0.0005973865,0.1364276131,0.0014186107,0.0773257811,0.0006464726,0.5962990537,0.0016116580,80,96
test_time_retrieval_adaptation,cross_embodiment,8,0.6175781250,0.0139969320,0.5726161004,0.0148843338,0.5572271625,0.0016980941,0.1643158210,0.0020123322,0.5254071838,0.0028038064,0.0748369762,0.0014991980,0.2939208313,0.0006185162,0.1367239826,0.0014566321,0.0771855906,0.0006670178,0.5965066737,0.0015673770,80,96
test_time_retrieval_adaptation,cross_embodiment,9,0.6154947917,0.0126712994,0.5708865296,0.0141314947,0.5575818000,0.0016559615,0.1638137585,0.0021167269,0.5257723935,0.0027703721,0.0749072818,0.0015561449,0.2938648729,0.0006324532,0.1366853661,0.0014675176,0.0773355451,0.0006289818,0.5964636685,0.0016265724,80,96
test_time_retrieval_adaptation,heldout_mechanism,0,0.6290364583,0.0142505052,0.5917969953,0.0150952979,0.5616747125,0.0015753763,0.1583244454,0.0020548676,0.5287777744,0.0029911385,0.0726571299,0.0014437605,0.2913370146,0.0005619985,0.1314365501,0.0014139289,0.0743222136,0.0006296661,0.6051917103,0.0017468790,80,96
test_time_retrieval_adaptation,heldout_mechanism,1,0.6252604167,0.0132453377,0.5882060420,0.0145014099,0.5622114375,0.0016561778,0.1587028204,0.0020408472,0.5289440813,0.0031061202,0.0724473474,0.0014887534,0.2914578292,0.0005757973,0.1308448335,0.0013719290,0.0743391801,0.0006305141,0.6054145958,0.0017494733,80,96
test_time_retrieval_adaptation,heldout_mechanism,2,0.6292968750,0.0110383790,0.5925090915,0.0121814447,0.5622229000,0.0015208043,0.1583308204,0.0020781725,0.5291366513,0.0030665902,0.0724946387,0.0015040032,0.2910190438,0.0006179043,0.1311193272,0.0014171249,0.0744191781,0.0006594500,0.6048400828,0.0016609773,80,96
test_time_retrieval_adaptation,heldout_mechanism,3,0.6294270833,0.0129012638,0.5929266350,0.0138035113,0.5627596250,0.0016311056,0.1582089454,0.0020265349,0.5296706419,0.0030844094,0.0722545637,0.0014950838,0.2912352458,0.0006242206,0.1312988810,0.0014682892,0.0744281406,0.0006547123,0.6049929333,0.0016362360,80,96
test_time_retrieval_adaptation,heldout_mechanism,4,0.6240885417,0.0135467497,0.5872705844,0.0144840201,0.5625960000,0.0017371700,0.1582121329,0.0019505015,0.5291497303,0.0030319597,0.0725719056,0.0015350582,0.2912278604,0.0006928542,0.1312029008,0.0014166439,0.0742890291,0.0006457691,0.6052823520,0.0016556332,80,96
test_time_retrieval_adaptation,heldout_mechanism,5,0.6222656250,0.0132740324,0.5853550617,0.0145696982,0.5619071125,0.0016726233,0.1585905079,0.0019375068,0.5294911247,0.0030463384,0.0726271168,0.0015461483,0.2911712563,0.0006998076,0.1308081326,0.0014645380,0.0742309581,0.0006912019,0.6048068885,0.0016342875,80,96
test_time_retrieval_adaptation,heldout_mechanism,6,0.6319010417,0.0107062438,0.5950087148,0.0120584595,0.5613933125,0.0017536123,0.1587187579,0.0019773991,0.5296661860,0.0029706709,0.0725336068,0.0014741209,0.2908791979,0.0007079344,0.1310054028,0.0014505535,0.0740188101,0.0006984311,0.6047606395,0.0016473931,80,96
test_time_retrieval_adaptation,heldout_mechanism,7,0.6247395833,0.0123325034,0.5876496794,0.0136245529,0.5619300375,0.0017057818,0.1584718204,0.0019352354,0.5293291163,0.0029231399,0.0729412899,0.0014841217,0.2909723708,0.0006789729,0.1310949578,0.0013668380,0.0741008091,0.0006849012,0.6048209438,0.0016902874,80,96
test_time_retrieval_adaptation,heldout_mechanism,8,0.6283854167,0.0110508077,0.5913757761,0.0117285455,0.5617664125,0.0016792392,0.1587251329,0.0019856865,0.5287994503,0.0029770560,0.0725141218,0.0014119825,0.2908392042,0.0005954714,0.1309103409,0.0013729111,0.0740407371,0.0006392374,0.6050953550,0.0017010596,80,96
test_time_retrieval_adaptation,heldout_mechanism,9,0.6259114583,0.0117194458,0.5885140158,0.0128628807,0.5610775250,0.0017696626,0.1589784454,0.0019945492,0.5291452219,0.0030246726,0.0727223724,0.0014830229,0.2909417896,0.0006018471,0.1313102660,0.0014180824,0.0742808151,0.0006101845,0.6051276453,0.0016825081,80,96
test_time_retrieval_adaptation,heldout_object,0,0.6351562500,0.0124443071,0.6068420727,0.0138957719,0.5660578250,0.0016161806,0.1523763849,0.0020752790,0.5331407690,0.0028708109,0.0696457969,0.0015774857,0.2886491875,0.0005932273,0.1244226535,0.0013922234,0.0713886947,0.0006831151,0.6142369429,0.0016019533,80,96
test_time_retrieval_adaptation,heldout_object,1,0.6441406250,0.0129200061,0.6160330060,0.0142388903,0.5665735500,0.0015130671,0.1522395099,0.0020099942,0.5326037597,0.0031472482,0.0693863719,0.0015480224,0.2884322813,0.0005825880,0.1245087603,0.0014134499,0.0713133797,0.0007066271,0.6140768634,0.0014870227,80,96
test_time_retrieval_adaptation,heldout_object,2,0.6506510417,0.0126230602,0.6225009803,0.0136020172,0.5665640125,0.0015476356,0.1527279474,0.0020333092,0.5332704768,0.0031184189,0.0692152501,0.0015071736,0.2884751229,0.0005717176,0.1248014390,0.0014085394,0.0712480697,0.0006696632,0.6140373442,0.0015584770,80,96
test_time_retrieval_adaptation,heldout_object,3,0.6449218750,0.0115664947,0.6166920998,0.0126224521,0.5667295625,0.0016310331,0.1527161349,0.0020323840,0.5334294403,0.0032149245,0.0693044607,0.0014957630,0.2885392438,0.0005590328,0.1250807461,0.0013721162,0.0712497932,0.0006198341,0.6139417969,0.0016249255,80,96
test_time_retrieval_adaptation,heldout_object,4,0.6434895833,0.0129583956,0.6150942394,0.0141637524,0.5668951125,0.0016753606,0.1527043224,0.0020367199,0.5332382287,0.0031972111,0.0694664026,0.0014912481,0.2886182458,0.0005930227,0.1251662564,0.0013281888,0.0713265542,0.0005937079,0.6140463497,0.0016575425,80,96
test_time_retrieval_adaptation,heldout_object,5,0.6429687500,0.0132851143,0.6147978454,0.0143420231,0.5665354000,0.0017120919,0.1526925099,0.0019502162,0.5333971922,0.0031892405,0.0693117882,0.0014793343,0.2883843375,0.0006152063,0.1249453135,0.0013839821,0.0714033152,0.0005999731,0.6143089814,0.0016206785,80,96
test_time_retrieval_adaptation,heldout_object,6,0.6598958333,0.0118253694,0.6319986776,0.0126250590,0.5668760375,0.0016564545,0.1526806974,0.0019270783,0.5333810681,0.0031166705,0.0692182988,0.0014243424,0.2881312708,0.0006127323,0.1246274722,0.0013898934,0.0711048887,0.0006425127,0.6143274912,0.0016127743,80,96
test_time_retrieval_adaptation,heldout_object,7,0.6382812500,0.0113173650,0.6095334277,0.0122500699,0.5668665000,0.0016619444,0.1531691349,0.0018880512,0.5329972603,0.0029546563,0.0698535769,0.0014652801,0.2884177875,0.0006459711,0.1248390104,0.0014410995,0.0711896537,0.0006906557,0.6143880219,0.0016324099,80,96
test_time_retrieval_adaptation,heldout_object,8,0.6460937500,0.0123164485,0.6173713850,0.0136822702,0.5666818750,0.0016941936,0.1529071974,0.0017968981,0.5328148031,0.0030182938,0.0697565663,0.0014858393,0.2885174375,0.0006426894,0.1250131574,0.0014724906,0.0711123377,0.0006874582,0.6142794682,0.0016818273,80,96
test_time_retrieval_adaptation,heldout_object,9,0.6453125000,0.0119187027,0.6163324842,0.0129149824,0.5659719875,0.0016000710,0.1532705724,0.0018180890,0.5327855475,0.0028825138,0.0700831276,0.0014396925,0.2882871750,0.0006750030,0.1245123359,0.0014316260,0.0710450267,0.0006447913,0.6141914247,0.0016926627,80,96
test_time_retrieval_adaptation,seen_corpus,0,0.6657552083,0.0133900433,0.6476304394,0.0142342851,0.5714440000,0.0016400947,0.1455450385,0.0020758721,0.5375395112,0.0028296392,0.0662122964,0.0014919574,0.2853429896,0.0006362320,0.1164328655,0.0014634585,0.0677728456,0.0005584453,0.6252981677,0.0017040193,80,96
test_time_retrieval_adaptation,seen_corpus,1,0.6644531250,0.0132588689,0.6461457716,0.0143106852,0.5712383750,0.0015643648,0.1456432885,0.0020363048,0.5374985349,0.0029880495,0.0662205239,0.0014849955,0.2854862062,0.0006229156,0.1166086744,0.0014750308,0.0678423676,0.0005594847,0.6252543727,0.0016891310,80,96
test_time_retrieval_adaptation,seen_corpus,2,0.6723958333,0.0125073508,0.6542998616,0.0135953206,0.5710327500,0.0016030134,0.1458666010,0.0020330935,0.5376282690,0.0030418183,0.0659210246,0.0014069945,0.2851248083,0.0006765713,0.1165869382,0.0014964573,0.0674636656,0.0006301013,0.6249029239,0.0016843513,80,96
test_time_retrieval_adaptation,seen_corpus,3,0.6666666667,0.0123058677,0.6485125518,0.0136176383,0.5715274750,0.0016287832,0.1455896635,0.0021574059,0.5376004243,0.0031044453,0.0660577139,0.0014233382,0.2853300042,0.0006504449,0.1169457272,0.0014968775,0.0676772596,0.0006647476,0.6250377182,0.0016642147,80,96
test_time_retrieval_adaptation,seen_corpus,4,0.6583333333,0.0120041702,0.6398617762,0.0130223422,0.5713218500,0.0015835598,0.1458129760,0.0020751230,0.5379052458,0.0031766743,0.0665014083,0.0013853096,0.2854966208,0.0006613601,0.1167207395,0.0015256627,0.0675987076,0.0006965399,0.6249864194,0.0016373325,80,96
test_time_retrieval_adaptation,seen_corpus,5,0.6541666667,0.0126775766,0.6356694226,0.0141476498,0.5718165750,0.0016111869,0.1457861635,0.0021267141,0.5373433843,0.0030993031,0.0664774064,0.0014656537,0.2853797917,0.0006990650,0.1168002464,0.0014928510,0.0675161536,0.0007103846,0.6253063062,0.0016401679,80,96
test_time_retrieval_adaptation,seen_corpus,6,0.6618489583,0.0104126758,0.6435065253,0.0116419210,0.5719611250,0.0015297768,0.1458844135,0.0021405092,0.5373024080,0.0029741812,0.0662488777,0.0014565825,0.2853221896,0.0006317752,0.1166759053,0.0015100465,0.0672855256,0.0007442397,0.6249903752,0.0015305279,80,96
test_time_retrieval_adaptation,seen_corpus,7,0.6571614583,0.0125877419,0.6389628059,0.0136334599,0.5724558500,0.0015550429,0.1458576010,0.0020206957,0.5379661590,0.0029975885,0.0664593633,0.0015210159,0.2852876896,0.0006091115,0.1166333012,0.0014495214,0.0673530466,0.0007159007,0.6252102119,0.0015981024,80,96
test_time_retrieval_adaptation,seen_corpus,8,0.6701822917,0.0117236659,0.6521433487,0.0123539736,0.5729505750,0.0015991066,0.1458307885,0.0019310392,0.5374042974,0.0030440622,0.0663510989,0.0014846940,0.2850803104,0.0005843671,0.1163126081,0.0013823153,0.0672704926,0.0006705093,0.6252299487,0.0015536417,80,96
test_time_retrieval_adaptation,seen_corpus,9,0.6623697917,0.0112455641,0.6443137411,0.0123287300,0.5730951250,0.0017125631,0.1458039760,0.0018771650,0.5375427858,0.0029814302,0.0665427971,0.0015276383,0.2850145229,0.0005284188,0.1162794588,0.0013822489,0.0673380136,0.0006430764,0.6254217714,0.0015917327,80,96
test_time_retrieval_adaptation,sparse_corpus,0,0.6109375000,0.0136142874,0.5617063282,0.0150250725,0.5552287750,0.0017160348,0.1679860762,0.0020464273,0.5237446648,0.0031777606,0.0759503878,0.0015626336,0.2953776750,0.0006184260,0.1396422695,0.0013636524,0.0790164072,0.0006943410,0.5901354874,0.0015947114,80,96
test_time_retrieval_adaptation,sparse_corpus,1,0.6084635417,0.0138286387,0.5591177693,0.0150986943,0.5553873250,0.0017301135,0.1682193887,0.0020067086,0.5238880489,0.0032548238,0.0761452385,0.0015958609,0.2952431479,0.0006152277,0.1396287376,0.0013822702,0.0789440152,0.0006649929,0.5904208727,0.0015706796,80,96
test_time_retrieval_adaptation,sparse_corpus,2,0.6104166667,0.0134852945,0.5610508378,0.0151170547,0.5555458750,0.0018038461,0.1683276387,0.0019824893,0.5242108976,0.0031217515,0.0761766097,0.0015895078,0.2953467917,0.0006390765,0.1397063976,0.0013248718,0.0790196972,0.0006427207,0.5901134617,0.0016230124,80,96
test_time_retrieval_adaptation,sparse_corpus,3,0.6083333333,0.0130123624,0.5591048506,0.0143803856,0.5555293375,0.0018730175,0.1679356387,0.0018498738,0.5240259926,0.0030236282,0.0761705822,0.0015473562,0.2953568708,0.0006718839,0.1396706359,0.0013456777,0.0790123377,0.0006219147,0.5904223587,0.0016359290,80,96
test_time_retrieval_adaptation,sparse_corpus,4,0.6024739583,0.0132526494,0.5532016356,0.0141773312,0.5553377125,0.0018524345,0.1676687012,0.0018146901,0.5243619730,0.0029768216,0.0763913528,0.0014698098,0.2954948521,0.0006354579,0.1398312260,0.0013678758,0.0791570542,0.0005874836,0.5905096449,0.0016652763,80,96
test_time_retrieval_adaptation,sparse_corpus,5,0.6139322917,0.0118768143,0.5648450661,0.0128972037,0.5549710000,0.0017343089,0.1677769512,0.0017299010,0.5239844717,0.0029328494,0.0759514803,0.0014112199,0.2953153479,0.0006523333,0.1396213423,0.0014012034,0.0791576987,0.0006077110,0.5905604129,0.0016751472,80,96
test_time_retrieval_adaptation,sparse_corpus,6,0.6080729167,0.0120533815,0.5589790705,0.0135285595,0.5551295500,0.0016893878,0.1678852012,0.0018986696,0.5241322330,0.0028865074,0.0761234766,0.0014394047,0.2951531792,0.0006884386,0.1395020539,0.0014236265,0.0791583432,0.0005837291,0.5903530519,0.0017833388,80,96
test_time_retrieval_adaptation,sparse_corpus,7,0.6134114583,0.0113523871,0.5642955674,0.0120555090,0.5549379250,0.0016265992,0.1679934512,0.0020076304,0.5241049067,0.0028597522,0.0761689478,0.0013998601,0.2949843146,0.0006331893,0.1393859170,0.0014557658,0.0792340252,0.0006118501,0.5900176269,0.0017982965,80,96
test_time_retrieval_adaptation,sparse_corpus,8,0.6095052083,0.0117295716,0.5603555664,0.0129704867,0.5550964750,0.0015357026,0.1679766387,0.0019591180,0.5240819576,0.0028210400,0.0759968835,0.0014178985,0.2952450271,0.0006625340,0.1396642735,0.0014390567,0.0791576312,0.0006137394,0.5901179197,0.0018405712,80,96
test_time_retrieval_adaptation,sparse_corpus,9,0.6084635417,0.0114777686,0.5592477600,0.0129670393,0.5543795875,0.0014120635,0.1678347637,0.0020178689,0.5240633858,0.0028124363,0.0761396897,0.0014356697,0.2952405229,0.0006464609,0.1394366734,0.0014949528,0.0792293112,0.0006234489,0.5903557812,0.0017635466,80,96
test_time_retrieval_adaptation,stale_memory,0,0.5916666667,0.0144887518,0.5341140491,0.0159941791,0.5497133375,0.0016700051,0.1759524973,0.0020402836,0.5213695726,0.0030288543,0.0778049498,0.0015146448,0.2992305167,0.0006999026,0.1432881101,0.0014499803,0.0832524975,0.0006546382,0.5765629172,0.0016687588,80,96
test_time_retrieval_adaptation,stale_memory,1,0.6052083333,0.0128285916,0.5481704660,0.0142804514,0.5502150625,0.0015772410,0.1758056223,0.0020541495,0.5216943507,0.0030291499,0.0775318311,0.0014774726,0.2989438083,0.0006674396,0.1431501547,0.0015284109,0.0835462100,0.0006441837,0.5761942177,0.0016829606,80,96
test_time_retrieval_adaptation,stale_memory,2,0.6104166667,0.0131434879,0.5534560067,0.0147119902,0.5498413500,0.0014518020,0.1759088723,0.0019816522,0.5218352870,0.0029144955,0.0775762961,0.0015101065,0.2986987292,0.0006762524,0.1428266641,0.0014930937,0.0835437745,0.0006250540,0.5757404757,0.0015791582,80,96
test_time_retrieval_adaptation,stale_memory,3,0.6075520833,0.0120883514,0.5507939251,0.0131025823,0.5499929000,0.0014657372,0.1758870598,0.0019616935,0.5225058629,0.0029022165,0.0775322067,0.0014197559,0.2986417083,0.0005898979,0.1429882622,0.0014483053,0.0836143755,0.0006245413,0.5757364584,0.0016342303,80,96
test_time_retrieval_adaptation,stale_memory,4,0.6039062500,0.0137965564,0.5471866468,0.0153931903,0.5499693625,0.0015132131,0.1759903098,0.0019588491,0.5228218867,0.0029269325,0.0775109342,0.0015037134,0.2985956250,0.0006500190,0.1430618200,0.0015032125,0.0837620150,0.0006218360,0.5756108804,0.0016048343,80,96
test_time_retrieval_adaptation,stale_memory,5,0.5941406250,0.0127607720,0.5369624218,0.0140325049,0.5497707375,0.0014615960,0.1764687473,0.0019834778,0.5231247788,0.0028904263,0.0778511936,0.0014939599,0.2989353688,0.0006747820,0.1429523976,0.0014046741,0.0833903950,0.0006312229,0.5756488842,0.0016426682,80,96
test_time_retrieval_adaptation,stale_memory,6,0.6009114583,0.0104294478,0.5438191981,0.0119271720,0.5495721125,0.0015587089,0.1765719973,0.0020036292,0.5230906276,0.0027653105,0.0776424211,0.0014849287,0.2985933771,0.0005690090,0.1432323586,0.0013755746,0.0835380345,0.0006504845,0.5757093992,0.0016744845,80,96
test_time_retrieval_adaptation,stale_memory,7,0.6029947917,0.0117351933,0.5456366061,0.0130119377,0.5500738375,0.0015525716,0.1769253723,0.0019924352,0.5226975470,0.0028847685,0.0777606448,0.0015001086,0.2985421229,0.0005777017,0.1433299359,0.0013581505,0.0833895260,0.0006631985,0.5757108847,0.0016452767,80,96
test_time_retrieval_adaptation,stale_memory,8,0.6027343750,0.0131492262,0.5452690386,0.0147440755,0.5502253875,0.0016153146,0.1771536848,0.0019092632,0.5224839310,0.0027711042,0.0776871892,0.0016120649,0.2985987187,0.0005825651,0.1433186051,0.0013925980,0.0834641290,0.0006993342,0.5760920599,0.0016260268,80,96
test_time_retrieval_adaptation,stale_memory,9,0.6010416667,0.0141338864,0.5435050524,0.0150409934,0.5502018500,0.0016324088,0.1775070598,0.0019003689,0.5227912004,0.0027011775,0.0774981942,0.0015403697,0.2988254417,0.0005687669,0.1434035761,0.0013886823,0.0835407330,0.0006842249,0.5761515744,0.0016077935,80,96
test_time_retrieval_adaptation,visually_aliased,0,0.5964843750,0.0130130910,0.5423988154,0.0143502278,0.5520480625,0.0016089705,0.1701045942,0.0019623223,0.5215289792,0.0029914357,0.0778900653,0.0015129488,0.2965576187,0.0006413280,0.1447839851,0.0013163338,0.0807337410,0.0006594470,0.5859610193,0.0016427248,80,96
test_time_retrieval_adaptation,visually_aliased,1,0.5942708333,0.0157892212,0.5401603772,0.0172591128,0.5524027000,0.0017276631,0.1701027817,0.0019071851,0.5215265051,0.0030276884,0.0779226947,0.0015400208,0.2968036333,0.0006964391,0.1446744481,0.0012900778,0.0807416245,0.0006458996,0.5860880991,0.0016826343,80,96
test_time_retrieval_adaptation,visually_aliased,2,0.6001302083,0.0143565617,0.5457729973,0.0161516462,0.5525822500,0.0016191338,0.1704761567,0.0018804960,0.5213358120,0.0029366192,0.0780613872,0.0015914142,0.2964864021,0.0006864014,0.1449853824,0.0012515716,0.0809055860,0.0006367761,0.5861786606,0.0016890096,80,96
test_time_retrieval_adaptation,visually_aliased,3,0.5975260417,0.0137115285,0.5431999483,0.0152596082,0.5524116250,0.0016923783,0.1705994067,0.0019510708,0.5216791358,0.0030425806,0.0781848397,0.0015581140,0.2966628479,0.0006777422,0.1443749989,0.0013442818,0.0807653955,0.0006194343,0.5859560656,0.0016985350,80,96
test_time_retrieval_adaptation,visually_aliased,4,0.6023437500,0.0119511695,0.5481466885,0.0131529367,0.5525911750,0.0016939871,0.1705975942,0.0019406452,0.5216766617,0.0029773347,0.0780158691,0.0014823692,0.2965102750,0.0006701884,0.1445656118,0.0014364147,0.0807732790,0.0006616742,0.5859690883,0.0017338116,80,96
test_time_retrieval_adaptation,visually_aliased,5,0.5972656250,0.0143861632,0.5431143663,0.0156852096,0.5527707250,0.0016636188,0.1704707192,0.0020128760,0.5220287398,0.0029669697,0.0782413816,0.0014871199,0.2965712812,0.0007028876,0.1444440650,0.0014913720,0.0805540490,0.0006682130,0.5862897648,0.0017557514,80,96
test_time_retrieval_adaptation,visually_aliased,6,0.6009114583,0.0136408764,0.5467328592,0.0151759005,0.5526001000,0.0015696315,0.1704689067,0.0020606921,0.5218511783,0.0029780168,0.0781685422,0.0014884036,0.2965101521,0.0006772758,0.1445377796,0.0014816451,0.0804118575,0.0006402461,0.5862747736,0.0017034349,80,96
test_time_retrieval_adaptation,visually_aliased,7,0.5884114583,0.0137151357,0.5338395174,0.0152401823,0.5526045625,0.0015512413,0.1705921567,0.0020842338,0.5213190645,0.0030891986,0.0785451572,0.0014801770,0.2966750646,0.0007065244,0.1442433039,0.0015543978,0.0804217420,0.0006208725,0.5863663356,0.0016938770,80,96
test_time_retrieval_adaptation,visually_aliased,8,0.5958333333,0.0135282663,0.5412371181,0.0150998108,0.5522588500,0.0016329846,0.1709655317,0.0021383886,0.5213034589,0.0030987258,0.0782805372,0.0014231436,0.2966361083,0.0006852668,0.1441508867,0.0015366069,0.0804356285,0.0006680022,0.5863148261,0.0016907266,80,96
test_time_retrieval_adaptation,visually_aliased,9,0.6125000000,0.0116358903,0.5581349461,0.0134522095,0.5526134875,0.0017236864,0.1708386567,0.0020856310,0.5206050120,0.0030380956,0.0779645685,0.0014584591,0.2963926875,0.0006703457,0.1440482493,0.0014645515,0.0805915860,0.0006336217,0.5862493096,0.0016172715,80,96
uncertainty_gated_retrieval,combined_stress,0,0.5247395833,0.0124887484,0.4152159321,0.0140442547,0.4970355500,0.0016886550,0.2242558401,0.0023800537,0.4725563631,0.0029812118,0.0926339838,0.0015378129,0.2864507708,0.0006752440,0.1667651483,0.0014251072,0.0988968909,0.0006615456,0.5255806936,0.0016875060,80,96
uncertainty_gated_retrieval,combined_stress,1,0.5235677083,0.0139948114,0.4141062530,0.0159586164,0.4964867500,0.0016407706,0.2241089651,0.0023401531,0.4728811412,0.0030089754,0.0926257088,0.0015885422,0.2865951646,0.0006774647,0.1666271929,0.0014953466,0.0986653409,0.0006588684,0.5253280521,0.0016404739,80,96
uncertainty_gated_retrieval,combined_stress,2,0.5347656250,0.0133097595,0.4257840132,0.0150159781,0.4966383000,0.0015732063,0.2240871526,0.0023437152,0.4735517172,0.0030184988,0.0924035319,0.0015327874,0.2862662313,0.0006656752,0.1664886410,0.0015052629,0.0988860169,0.0006278086,0.5248237848,0.0016405812,80,96
uncertainty_gated_retrieval,combined_stress,3,0.5223958333,0.0153966919,0.4131753152,0.0171691489,0.4967898500,0.0014503492,0.2243154651,0.0022785585,0.4736882762,0.0029055186,0.0927731576,0.0015593280,0.2862672458,0.0006671328,0.1663709570,0.0014943742,0.0988855824,0.0006537628,0.5247047101,0.0016232778,80,96
uncertainty_gated_retrieval,combined_stress,4,0.5291666667,0.0140590242,0.4204242246,0.0157997257,0.4964161375,0.0014952202,0.2240435276,0.0022909391,0.4741925190,0.0029197211,0.0923880469,0.0015241494,0.2860002917,0.0006394228,0.1665242934,0.0015036623,0.0989521814,0.0006094501,0.5245736293,0.0016450077,80,96
uncertainty_gated_retrieval,combined_stress,5,0.5261718750,0.0153576334,0.4172594244,0.0169350471,0.4965676875,0.0015657363,0.2243969026,0.0022573381,0.4746748759,0.0029185402,0.0925976769,0.0015190887,0.2861702063,0.0006558087,0.1664060129,0.0014580390,0.0991788604,0.0006262377,0.5245471008,0.0016250744,80,96
uncertainty_gated_retrieval,combined_stress,6,0.5187500000,0.0142731948,0.4097141442,0.0161630781,0.4967192375,0.0014618701,0.2247502776,0.0023324096,0.4749821453,0.0028824697,0.0926618819,0.0015913734,0.2862520250,0.0006902934,0.1663909339,0.0013920752,0.0987302019,0.0006407011,0.5247206723,0.0016626563,80,96
uncertainty_gated_retrieval,combined_stress,7,0.5098958333,0.0140143856,0.4002878812,0.0158495427,0.4961704375,0.0015539426,0.2248535276,0.0022938419,0.4744227315,0.0027624559,0.0930345094,0.0015613932,0.2861287833,0.0006192289,0.1668804496,0.0013909044,0.0988778414,0.0006368292,0.5245530733,0.0016852561,80,96
uncertainty_gated_retrieval,combined_stress,8,0.5234375000,0.0142459051,0.4137938634,0.0161657183,0.4968472500,0.0015618274,0.2253319651,0.0022901655,0.4740252737,0.0028751762,0.0928051626,0.0015907877,0.2861422250,0.0006166235,0.1666835835,0.0014030329,0.0987313339,0.0006708682,0.5247611621,0.0016629012,80,96
uncertainty_gated_retrieval,combined_stress,9,0.5291666667,0.0139128324,0.4196567890,0.0157115899,0.4968237125,0.0016177458,0.2255602776,0.0022047371,0.4741618328,0.0027648365,0.0923987819,0.0016032997,0.2861149667,0.0005977587,0.1668660495,0.0014173416,0.0988809744,0.0007063354,0.5250282803,0.0015996991,80,96
uncertainty_gated_retrieval,cross_embodiment,0,0.5555989583,0.0140990489,0.4671562585,0.0159127560,0.5080261250,0.0016815234,0.2066661340,0.0021719348,0.4815126603,0.0028604186,0.0869879606,0.0015186996,0.2793186271,0.0006981245,0.1530140481,0.0014517086,0.0908613956,0.0005877299,0.5495650220,0.0018065222,80,96
uncertainty_gated_retrieval,cross_embodiment,1,0.5627604167,0.0129888985,0.4742871026,0.0146652953,0.5074843250,0.0016459530,0.2065242590,0.0023353133,0.4813190009,0.0029264844,0.0867579981,0.0015057422,0.2793493542,0.0006952114,0.1533898996,0.0014531406,0.0910081131,0.0006037420,0.5493166405,0.0018429441,80,96
uncertainty_gated_retrieval,cross_embodiment,2,0.5605468750,0.0141883503,0.4717703396,0.0157851020,0.5076428750,0.0015535099,0.2068826340,0.0022743782,0.4814580078,0.0028379199,0.0869569156,0.0014530305,0.2794362938,0.0007030039,0.1535821744,0.0014485396,0.0909377221,0.0006326669,0.5492943720,0.0018006498,80,96
uncertainty_gated_retrieval,cross_embodiment,3,0.5541666667,0.0123508071,0.4655176465,0.0139480541,0.5069259875,0.0014262329,0.2064906340,0.0023132044,0.4812731028,0.0028300395,0.0870282319,0.0014416743,0.2793564542,0.0006003067,0.1531462127,0.0015019772,0.0911554751,0.0006124024,0.5495472410,0.0017541046,80,96
uncertainty_gated_retrieval,cross_embodiment,4,0.5540364583,0.0135900125,0.4651157941,0.0148914248,0.5072596250,0.0014905704,0.2064738215,0.0023441633,0.4812501537,0.0027955263,0.0872384238,0.0014842111,0.2797143771,0.0006154329,0.1534245692,0.0015211350,0.0909290061,0.0006874817,0.5494614407,0.0016386135,80,96
uncertainty_gated_retrieval,cross_embodiment,5,0.5574218750,0.0136476440,0.4685063119,0.0156015695,0.5070680000,0.0015870480,0.2064570090,0.0024371449,0.4810521172,0.0028125241,0.0871602219,0.0015574178,0.2795728563,0.0006335955,0.1535059773,0.0015294522,0.0910777246,0.0006764425,0.5495337195,0.0017531272,80,96
uncertainty_gated_retrieval,cross_embodiment,6,0.5509114583,0.0131102950,0.4622940933,0.0148251512,0.5072265500,0.0016274204,0.2063151340,0.0023825430,0.4815588078,0.0028830188,0.0869512406,0.0015539421,0.2797949896,0.0006388561,0.1533689725,0.0014986138,0.0911494046,0.0006864762,0.5494414160,0.0016787363,80,96
uncertainty_gated_retrieval,cross_embodiment,7,0.5611979167,0.0118825397,0.4727714877,0.0136234970,0.5077352750,0.0015611684,0.2065484465,0.0023675946,0.4815271044,0.0028151968,0.0866162538,0.0015614464,0.2795568542,0.0006223288,0.1535586922,0.0014496587,0.0912270876,0.0007085717,0.5494546652,0.0016442602,80,96
uncertainty_gated_retrieval,cross_embodiment,8,0.5563802083,0.0129620534,0.4677027369,0.0145855581,0.5075436500,0.0015532633,0.2066566965,0.0024392643,0.4816748656,0.0028405333,0.0869946125,0.0015787170,0.2796052146,0.0006492705,0.1534394038,0.0013670313,0.0912277321,0.0006770321,0.5495194402,0.0015424736,80,96
uncertainty_gated_retrieval,cross_embodiment,9,0.5613281250,0.0146993258,0.4728004265,0.0161507187,0.5075271125,0.0016152876,0.2062646965,0.0023655023,0.4816650481,0.0029891057,0.0870120975,0.0015841185,0.2795918938,0.0006466014,0.1535005405,0.0013420554,0.0908451851,0.0006350252,0.5493280872,0.0016098981,80,96
uncertainty_gated_retrieval,heldout_mechanism,0,0.5670572917,0.0136951639,0.4870335837,0.0154136187,0.5116279000,0.0017261883,0.1993337091,0.0022303508,0.4852540252,0.0031769596,0.0842047284,0.0015249080,0.2770267104,0.0006459612,0.1482808945,0.0013636495,0.0881873493,0.0005969086,0.5584479095,0.0016503241,80,96
uncertainty_gated_retrieval,heldout_mechanism,1,0.5763020833,0.0129165918,0.4963988331,0.0144029218,0.5121436250,0.0016606655,0.1998221466,0.0022178297,0.4853954799,0.0031696271,0.0839843878,0.0014911821,0.2768061583,0.0006355462,0.1481828280,0.0013829010,0.0878218893,0.0006586130,0.5587505612,0.0016181563,80,96
uncertainty_gated_retrieval,heldout_mechanism,2,0.5736979167,0.0142518069,0.4934574339,0.0158395488,0.5124842625,0.0015807529,0.1999353966,0.0022091472,0.4844995411,0.0029637649,0.0843262528,0.0015353232,0.2766764542,0.0006689572,0.1479865011,0.0014364259,0.0879006513,0.0006757900,0.5588616172,0.0016273622,80,96
uncertainty_gated_retrieval,heldout_mechanism,3,0.5743489583,0.0119123025,0.4940622196,0.0133573883,0.5119494625,0.0017153402,0.1997985216,0.0021431853,0.4850130567,0.0029429290,0.0843669028,0.0014980151,0.2769514021,0.0006331436,0.1481537485,0.0014609937,0.0880504488,0.0006947444,0.5585174457,0.0016996845,80,96
uncertainty_gated_retrieval,heldout_mechanism,4,0.5708333333,0.0138272376,0.4901469316,0.0148156207,0.5115897500,0.0016008844,0.1999117716,0.0020952344,0.4848174680,0.0029807903,0.0847251740,0.0014737021,0.2770595708,0.0006578801,0.1481449153,0.0014172985,0.0877540233,0.0006629289,0.5587725737,0.0017125515,80,96
uncertainty_gated_retrieval,heldout_mechanism,5,0.5710937500,0.0130436241,0.4905522601,0.0144848497,0.5117553000,0.0016419239,0.1998999591,0.0021451845,0.4846262564,0.0027773881,0.0848566471,0.0014913198,0.2768147250,0.0006795774,0.1475300755,0.0014379116,0.0878307843,0.0006605764,0.5587770765,0.0017531999,80,96
uncertainty_gated_retrieval,heldout_mechanism,6,0.5730468750,0.0129202614,0.4924654763,0.0139485900,0.5119208500,0.0017432517,0.1996380216,0.0022585319,0.4839185367,0.0027855759,0.0849401428,0.0014104068,0.2769213688,0.0006879909,0.1472134273,0.0015026501,0.0878285058,0.0006220088,0.5587965867,0.0017990075,80,96
uncertainty_gated_retrieval,heldout_mechanism,7,0.5830729167,0.0149219061,0.5028141795,0.0167332921,0.5117362250,0.0017316891,0.1995011466,0.0023428174,0.4842569649,0.0027648793,0.0846619678,0.0015625610,0.2768399542,0.0007192800,0.1471837262,0.0014545203,0.0880533408,0.0006153595,0.5588806292,0.0018402541,80,96
uncertainty_gated_retrieval,heldout_mechanism,8,0.5726562500,0.0134969054,0.4924693357,0.0151539271,0.5122519500,0.0017015327,0.1994893341,0.0023722984,0.4840657533,0.0026687430,0.0846104409,0.0015082990,0.2768946625,0.0007212756,0.1470691365,0.0014758110,0.0881301018,0.0006371499,0.5588130960,0.0018380272,80,96
uncertainty_gated_retrieval,heldout_mechanism,9,0.5759114583,0.0129187298,0.4955078353,0.0145299639,0.5117171500,0.0017865113,0.1997276466,0.0024204655,0.4842159624,0.0027783103,0.0845554415,0.0015527670,0.2770581146,0.0006599386,0.1472598068,0.0014324256,0.0879857523,0.0006156921,0.5586465132,0.0017406776,80,96
uncertainty_gated_retrieval,heldout_object,0,0.5861979167,0.0125865957,0.5152508226,0.0138306726,0.5167360375,0.0015665854,0.1922339171,0.0023369119,0.4884563929,0.0029678936,0.0816393492,0.0015467835,0.2742422042,0.0005978689,0.1410500612,0.0014515942,0.0845706402,0.0007377793,0.5679344980,0.0016110581,80,96
uncertainty_gated_retrieval,heldout_object,1,0.5976562500,0.0132423496,0.5268175930,0.0151901159,0.5172307625,0.0015863786,0.1924572296,0.0022953994,0.4884110395,0.0030464591,0.0815016811,0.0016233650,0.2741317375,0.0006172482,0.1409314266,0.0013655238,0.0846421632,0.0007333159,0.5679392272,0.0015945586,80,96
uncertainty_gated_retrieval,heldout_object,2,0.5942708333,0.0137435093,0.5238724475,0.0150782511,0.5177254875,0.0016531241,0.1920552296,0.0021512576,0.4887377470,0.0030037331,0.0815874286,0.0015582184,0.2737788583,0.0005767049,0.1407779559,0.0013912089,0.0846286437,0.0006651476,0.5680815252,0.0015652057,80,96
uncertainty_gated_retrieval,heldout_object,3,0.5824218750,0.0129391355,0.5116758715,0.0143540784,0.5176949500,0.0017574640,0.1920284171,0.0022276705,0.4887011479,0.0029690401,0.0819268204,0.0015606061,0.2741447687,0.0006029625,0.1408480081,0.0014547154,0.0845460897,0.0006604073,0.5680592410,0.0016500846,80,96
uncertainty_gated_retrieval,heldout_object,4,0.5835937500,0.0117013170,0.5128497298,0.0127588193,0.5169640625,0.0017479239,0.1921266671,0.0022461838,0.4886601717,0.0028719719,0.0817404417,0.0015210449,0.2741783125,0.0006124530,0.1406236169,0.0013133600,0.0849157617,0.0006618824,0.5682735750,0.0016903596,80,96
uncertainty_gated_retrieval,heldout_object,5,0.5829427083,0.0133122370,0.5118720265,0.0148868624,0.5169335250,0.0017513259,0.1920998546,0.0021649497,0.4880983101,0.0028836609,0.0819533086,0.0015876642,0.2743124146,0.0006299173,0.1407031239,0.0013464066,0.0848332077,0.0006638096,0.5678510907,0.0017855320,80,96
uncertainty_gated_retrieval,heldout_object,6,0.5946614583,0.0131464671,0.5239155174,0.0146382615,0.5172531625,0.0016794129,0.1921981046,0.0021500018,0.4882324213,0.0028633960,0.0815020486,0.0015390997,0.2741983021,0.0006400768,0.1407757311,0.0013200173,0.0848276922,0.0006424065,0.5678493167,0.0017178954,80,96
uncertainty_gated_retrieval,heldout_object,7,0.5889322917,0.0123002052,0.5180143438,0.0136529653,0.5175728000,0.0016401409,0.1924214171,0.0022617485,0.4881870679,0.0027877566,0.0815236804,0.0015094417,0.2742534229,0.0006243277,0.1410572965,0.0013294925,0.0848992152,0.0006167619,0.5682402390,0.0017312218,80,96
uncertainty_gated_retrieval,heldout_object,8,0.5837239583,0.0145298625,0.5127801061,0.0161340649,0.5163166500,0.0016736552,0.1923946046,0.0022848170,0.4888508188,0.0027749967,0.0815184286,0.0015010432,0.2743012521,0.0006460167,0.1411147425,0.0013777774,0.0848916987,0.0006053553,0.5678197557,0.0017659801,80,96
uncertainty_gated_retrieval,heldout_object,9,0.5963541667,0.0142459051,0.5257226863,0.0156336642,0.5161110250,0.0016032442,0.1919926046,0.0023017319,0.4881270013,0.0027765752,0.0811658198,0.0015264142,0.2740993417,0.0006604112,0.1408801312,0.0014123159,0.0851783292,0.0005862942,0.5679060257,0.0017728007,80,96
uncertainty_gated_retrieval,seen_corpus,0,0.6117187500,0.0122250730,0.5522449166,0.0135124504,0.5223222375,0.0014863796,0.1835330040,0.0022722536,0.4934707699,0.0031535774,0.0775017353,0.0015775054,0.2711678625,0.0006575121,0.1333795113,0.0014725041,0.0813107531,0.0006381438,0.5787379488,0.0017221021,80,96
uncertainty_gated_retrieval,seen_corpus,1,0.6141927083,0.0130368908,0.5549374836,0.0142126772,0.5224457875,0.0014867291,0.1833661290,0.0023008661,0.4937682480,0.0030866783,0.0775645103,0.0015495388,0.2710991396,0.0006561629,0.1331250973,0.0014207183,0.0810668831,0.0006447547,0.5787243953,0.0016680466,80,96
uncertainty_gated_retrieval,seen_corpus,2,0.6154947917,0.0136244270,0.5562819406,0.0147802868,0.5230946000,0.0015077461,0.1833243165,0.0022492601,0.4931859114,0.0028962255,0.0774320209,0.0015133655,0.2708217104,0.0006867541,0.1334924478,0.0013875063,0.0809750891,0.0006663727,0.5790455090,0.0016567351,80,96
uncertainty_gated_retrieval,seen_corpus,3,0.6141927083,0.0124996691,0.5550161413,0.0138735345,0.5223427125,0.0015754441,0.1832825040,0.0022750228,0.4936540999,0.0029040949,0.0774964815,0.0014837812,0.2707308146,0.0006557516,0.1334406889,0.0014033441,0.0811084076,0.0006634920,0.5790544668,0.0016820783,80,96
uncertainty_gated_retrieval,seen_corpus,4,0.6130208333,0.0140059117,0.5536306590,0.0154599990,0.5228164375,0.0015806038,0.1834908165,0.0022647136,0.4937633589,0.0029239955,0.0778762572,0.0015205108,0.2706380958,0.0006369266,0.1335066963,0.0014227477,0.0812457281,0.0006613805,0.5789463660,0.0016547225,80,96
uncertainty_gated_retrieval,seen_corpus,5,0.6061197917,0.0104893537,0.5462229095,0.0116095058,0.5224147250,0.0016279790,0.1838241915,0.0022964631,0.4931678908,0.0028658601,0.0781427997,0.0014496335,0.2706255854,0.0006373849,0.1334909666,0.0014157805,0.0810098621,0.0007138268,0.5788607765,0.0017019747,80,96
uncertainty_gated_retrieval,seen_corpus,6,0.6220052083,0.0125929805,0.5626153105,0.0136255054,0.5221881000,0.0017135875,0.1834071915,0.0023765716,0.4934741233,0.0029362433,0.0779466597,0.0015170012,0.2704441396,0.0005940077,0.1331250894,0.0013735123,0.0812122151,0.0006849837,0.5790343165,0.0016689631,80,96
uncertainty_gated_retrieval,seen_corpus,7,0.6035156250,0.0121404476,0.5433807417,0.0132498986,0.5217863875,0.0017907804,0.1837405665,0.0023606912,0.4930537427,0.0030104842,0.0784217959,0.0014953828,0.2708189813,0.0006056509,0.1332062581,0.0014099636,0.0812014616,0.0007095369,0.5790487770,0.0017138954,80,96
uncertainty_gated_retrieval,seen_corpus,8,0.6162760417,0.0136884198,0.5565032471,0.0146214686,0.5215597625,0.0017248159,0.1835736915,0.0023867263,0.4931761333,0.0029085518,0.0779992647,0.0015241589,0.2707563229,0.0005644812,0.1331550957,0.0013492993,0.0811076666,0.0006932181,0.5793073595,0.0017048627,80,96
uncertainty_gated_retrieval,seen_corpus,9,0.6089843750,0.0116219592,0.5492088641,0.0125712350,0.5220334875,0.0015993439,0.1832817540,0.0023717796,0.4924274636,0.0029985064,0.0783041040,0.0014509978,0.2708243188,0.0005383123,0.1324136346,0.0014793738,0.0812369831,0.0006592957,0.5790291738,0.0016550864,80,96
uncertainty_gated_retrieval,sparse_corpus,0,0.5498697917,0.0150263787,0.4564910698,0.0166891003,0.5048417625,0.0017694667,0.2109960873,0.0022454215,0.4798106894,0.0029292409,0.0881511699,0.0015507397,0.2809088104,0.0006327652,0.1563896315,0.0015033053,0.0930679049,0.0007055171,0.5434502258,0.0017396703,80,96
uncertainty_gated_retrieval,sparse_corpus,1,0.5425781250,0.0128162144,0.4489882502,0.0144651833,0.5053294875,0.0018071509,0.2109642748,0.0023130846,0.4794170904,0.0029182340,0.0884051805,0.0015225208,0.2811328813,0.0005999361,0.1562617847,0.0013978817,0.0928321959,0.0006745996,0.5438659025,0.0017479011,80,96
uncertainty_gated_retrieval,sparse_corpus,2,0.5552083333,0.0127915206,0.4616609611,0.0145190497,0.5052919500,0.0017734260,0.2110575248,0.0022927719,0.4797194641,0.0029032688,0.0883843892,0.0015429789,0.2810780458,0.0005933893,0.1563271383,0.0013494724,0.0928986379,0.0006538486,0.5437318045,0.0017089468,80,96
uncertainty_gated_retrieval,sparse_corpus,3,0.5572916667,0.0137199738,0.4640814324,0.0153126176,0.5052544125,0.0017125214,0.2109006498,0.0022596785,0.4796804173,0.0029396230,0.0880106705,0.0015840877,0.2812459042,0.0006349182,0.1558871317,0.0013544864,0.0931111529,0.0006529583,0.5438128140,0.0017288317,80,96
uncertainty_gated_retrieval,sparse_corpus,4,0.5377604167,0.0128531179,0.4440177154,0.0140431214,0.5046916125,0.0016667356,0.2109938998,0.0022798212,0.4799827910,0.0030015122,0.0885687855,0.0015077082,0.2814912542,0.0006227512,0.1561525853,0.0013888231,0.0931025574,0.0006545523,0.5436366950,0.0016652224,80,96
uncertainty_gated_retrieval,sparse_corpus,5,0.5557291667,0.0141091323,0.4623571813,0.0158026922,0.5046540750,0.0016266810,0.2107119623,0.0022409881,0.4797730338,0.0029063193,0.0882005249,0.0015942626,0.2812866417,0.0006932437,0.1561102237,0.0014339007,0.0928628464,0.0005779517,0.5437252083,0.0016825460,80,96
uncertainty_gated_retrieval,sparse_corpus,6,0.5557291667,0.0137732313,0.4622994300,0.0151868121,0.5047916250,0.0015917401,0.2108052123,0.0023011596,0.4793750576,0.0029439512,0.0880318899,0.0015833721,0.2812585542,0.0006891669,0.1562882335,0.0014139939,0.0927041759,0.0005453663,0.5437051673,0.0017035379,80,96
uncertainty_gated_retrieval,sparse_corpus,7,0.5503906250,0.0137844502,0.4568492295,0.0150275523,0.5052793500,0.0016165150,0.2107733998,0.0023262924,0.4791565460,0.0029281231,0.0882507442,0.0015352890,0.2812301688,0.0007068231,0.1563573352,0.0014343356,0.0928436544,0.0005056804,0.5439207440,0.0017079973,80,96
uncertainty_gated_retrieval,sparse_corpus,8,0.5475260417,0.0149962816,0.4538860153,0.0169093246,0.5047165500,0.0014604545,0.2111167748,0.0022984311,0.4796252529,0.0028675499,0.0882262180,0.0015744700,0.2812421854,0.0007241706,0.1563309003,0.0014500004,0.0929140984,0.0005982599,0.5434294675,0.0017126830,80,96
uncertainty_gated_retrieval,sparse_corpus,9,0.5664062500,0.0126774465,0.4732511719,0.0142827906,0.5050291875,0.0015077033,0.2108348373,0.0023998235,0.4794154957,0.0028678877,0.0878415511,0.0014789581,0.2808747375,0.0007237063,0.1562885388,0.0014172360,0.0928994999,0.0006379973,0.5437460948,0.0017319263,80,96
uncertainty_gated_retrieval,stale_memory,0,0.5562500000,0.0156537141,0.4543419628,0.0174202146,0.4999203625,0.0015225768,0.2205418692,0.0024125591,0.4781494446,0.0028556630,0.0895339683,0.0015910544,0.2846571250,0.0006738228,0.1603330941,0.0014654895,0.0970585899,0.0007182058,0.5295695668,0.0016921993,80,96
uncertainty_gated_retrieval,stale_memory,1,0.5434895833,0.0123260839,0.4412712284,0.0138563267,0.4993505625,0.0015676245,0.2207551817,0.0023956860,0.4775651786,0.0029468833,0.0895253877,0.0015367157,0.2848046833,0.0006163740,0.1601156600,0.0014880089,0.0968988404,0.0007019925,0.5292816341,0.0016494699,80,96
uncertainty_gated_retrieval,stale_memory,2,0.5332031250,0.0131057664,0.4307306708,0.0147828256,0.4996562000,0.0015429541,0.2208434317,0.0023741486,0.4773354649,0.0030002239,0.0897636715,0.0015260930,0.2849176063,0.0006008430,0.1601863661,0.0014919607,0.0968871649,0.0006664357,0.5296715401,0.0016052395,80,96
uncertainty_gated_retrieval,stale_memory,3,0.5351562500,0.0119379171,0.4329401035,0.0136781629,0.4999618375,0.0015127625,0.2205564942,0.0023724360,0.4772939702,0.0030584451,0.0898304171,0.0015097688,0.2845590250,0.0006797351,0.1601367508,0.0014714025,0.0968694864,0.0006781066,0.5296837573,0.0015574565,80,96
uncertainty_gated_retrieval,stale_memory,4,0.5467447917,0.0138109803,0.4444397565,0.0155519395,0.4995671250,0.0016853986,0.2207698067,0.0023406771,0.4770598793,0.0030523966,0.0898337802,0.0014858983,0.2842156229,0.0006853604,0.1601131135,0.0015273085,0.0969348494,0.0006369886,0.5298100316,0.0015939266,80,96
uncertainty_gated_retrieval,stale_memory,5,0.5467447917,0.0141599656,0.4446382289,0.0154132286,0.5002229375,0.0016994765,0.2204828692,0.0023158776,0.4771934721,0.0029336853,0.0900107196,0.0014693373,0.2841845354,0.0006850069,0.1599602966,0.0014636674,0.0968421334,0.0006104880,0.5299503128,0.0016256395,80,96
uncertainty_gated_retrieval,stale_memory,6,0.5468750000,0.0130851481,0.4448661772,0.0144368441,0.5001784000,0.0017619836,0.2201959317,0.0023045607,0.4768018024,0.0029267062,0.0898851652,0.0015047285,0.2843017000,0.0006693313,0.1598169345,0.0013852627,0.0969745299,0.0006145198,0.5297344161,0.0016385659,80,96
uncertainty_gated_retrieval,stale_memory,7,0.5488281250,0.0131985407,0.4470901862,0.0147697561,0.5003089500,0.0016800383,0.2199089942,0.0022453514,0.4769353952,0.0028252046,0.0898768733,0.0015769727,0.2841682313,0.0006545319,0.1596641176,0.0014349518,0.0972570014,0.0006253037,0.5300327763,0.0016530998,80,96
uncertainty_gated_retrieval,stale_memory,8,0.5438802083,0.0153348548,0.4419667970,0.0167846936,0.5002644125,0.0016893577,0.2201223067,0.0022595003,0.4770514793,0.0028196401,0.0899527802,0.0015929757,0.2842814521,0.0006471557,0.1597342272,0.0014859694,0.0973223644,0.0006348259,0.5296868146,0.0016938542,80,96
uncertainty_gated_retrieval,stale_memory,9,0.5368489583,0.0155664373,0.4348254213,0.0171406776,0.5000447875,0.0016442174,0.2202105567,0.0023414152,0.4775221155,0.0028520515,0.0899823952,0.0016102604,0.2847239896,0.0006419336,0.1596922770,0.0014693980,0.0975358014,0.0006308810,0.5294343996,0.0017701406,80,96
uncertainty_gated_retrieval,visually_aliased,0,0.5382812500,0.0108459836,0.4391048784,0.0123347528,0.5029247250,0.0018341237,0.2145570218,0.0021377047,0.4767071442,0.0030245839,0.0903066415,0.0015254148,0.2825151875,0.0006441730,0.1614338874,0.0013950546,0.0941492923,0.0006277872,0.5397122567,0.0016533935,80,96
uncertainty_gated_retrieval,visually_aliased,1,0.5399739583,0.0128995702,0.4409527901,0.0146040941,0.5030832750,0.0018588377,0.2144151468,0.0020997033,0.4772138349,0.0029557120,0.0904002290,0.0015334617,0.2825474396,0.0006858957,0.1613969326,0.0014034005,0.0942960098,0.0006223023,0.5399201032,0.0016889902,80,96
uncertainty_gated_retrieval,visually_aliased,2,0.5398437500,0.0144448704,0.4407802764,0.0161273163,0.5021913000,0.0017440175,0.2143983343,0.0020685823,0.4764905358,0.0029555255,0.0901601959,0.0014707928,0.2824551375,0.0007242601,0.1610875954,0.0014147597,0.0941445783,0.0006194371,0.5399363539,0.0017034834,80,96
uncertainty_gated_retrieval,visually_aliased,3,0.5397135417,0.0141837010,0.4408517142,0.0156914225,0.5027000250,0.0016718317,0.2146316468,0.0021823168,0.4769840949,0.0028849662,0.0901627840,0.0015002262,0.2822127604,0.0007029159,0.1609677104,0.0014518162,0.0941472238,0.0005905483,0.5396494532,0.0018004857,80,96
uncertainty_gated_retrieval,visually_aliased,4,0.5369791667,0.0146584655,0.4378800738,0.0163828798,0.5025084000,0.0015851380,0.2146148343,0.0022961007,0.4766109708,0.0029097150,0.0901947384,0.0015368328,0.2823820292,0.0007091823,0.1611523201,0.0014563088,0.0943709798,0.0005780174,0.5394215819,0.0018183909,80,96
uncertainty_gated_retrieval,visually_aliased,5,0.5381510417,0.0152842341,0.4388615112,0.0169361855,0.5023167750,0.0015453017,0.2148481468,0.0022839601,0.4767543549,0.0028211717,0.0902489265,0.0014913301,0.2824215729,0.0007240829,0.1613388882,0.0014544710,0.0942985878,0.0006246339,0.5394788532,0.0018653982,80,96
uncertainty_gated_retrieval,visually_aliased,6,0.5421875000,0.0147437081,0.4432061464,0.0162187542,0.5015998875,0.0014208454,0.2144561468,0.0023214411,0.4767445374,0.0028134863,0.0901327428,0.0014599204,0.2821959000,0.0006160647,0.1609998249,0.0015369564,0.0944413033,0.0006172421,0.5395316222,0.0017480479,80,96
uncertainty_gated_retrieval,visually_aliased,7,0.5384114583,0.0138376978,0.4390631355,0.0155908514,0.5019335250,0.0014849250,0.2145643968,0.0023753300,0.4767172111,0.0027873848,0.0904173140,0.0015475567,0.2825298271,0.0006405236,0.1612838881,0.0014923515,0.0943669103,0.0006557944,0.5396384182,0.0016761251,80,96
uncertainty_gated_retrieval,visually_aliased,8,0.5395833333,0.0120096633,0.4401165476,0.0138729696,0.5017419000,0.0015825986,0.2146726468,0.0024600129,0.4765147974,0.0028269677,0.0903877103,0.0015501091,0.2825693708,0.0006217943,0.1612709528,0.0015377113,0.0943675548,0.0006813125,0.5396031432,0.0017312588,80,96
uncertainty_gated_retrieval,visually_aliased,9,0.5356770833,0.0132343782,0.4365745370,0.0150118811,0.5019004500,0.0016211061,0.2144057093,0.0024054426,0.4768507777,0.0028640061,0.0901981372,0.0015620721,0.2826049708,0.0006452064,0.1611313929,0.0015081199,0.0944372338,0.0006922191,0.5395183434,0.0016933682,80,96
visual_nearest_retrieval,combined_stress,0,0.4527343750,0.0154644138,0.2466419733,0.0178382842,0.4205276125,0.0015694857,0.3640717649,0.0032546417,0.3821427807,0.0028781197,0.1254290798,0.0016697292,0.1973473562,0.0006748615,0.2089004594,0.0015048759,0.1387881207,0.0007337329,0.6003160031,0.0017038200,80,96
visual_nearest_retrieval,combined_stress,1,0.4472656250,0.0179932242,0.2409530516,0.0204325222,0.4203079875,0.0016118458,0.3644101399,0.0032326338,0.3822544876,0.0029342060,0.1255231160,0.0016737241,0.1974678687,0.0007107883,0.2087761755,0.0015216899,0.1387804472,0.0006854177,0.6006488806,0.0016616195,80,96
visual_nearest_retrieval,combined_stress,2,0.4528645833,0.0155241417,0.2467448641,0.0181470473,0.4206136250,0.0014864984,0.3638730774,0.0032276338,0.3815213973,0.0030638597,0.1255817654,0.0016839515,0.1972083208,0.0007379667,0.2086277033,0.0015086424,0.1387587667,0.0007327009,0.6007761554,0.0016278038,80,96
visual_nearest_retrieval,combined_stress,3,0.4515625000,0.0163764841,0.2451441561,0.0190167863,0.4205690875,0.0016077064,0.3643365149,0.0032223779,0.3812785520,0.0030174862,0.1257596310,0.0016339075,0.1968953125,0.0007385555,0.2087155292,0.0015691880,0.1386780567,0.0006496137,0.6008153861,0.0016425035,80,96
visual_nearest_retrieval,combined_stress,4,0.4486979167,0.0159962055,0.2424691357,0.0181949467,0.4206996375,0.0017035790,0.3639245149,0.0031815615,0.3815916095,0.0029776257,0.1259793785,0.0016093133,0.1969793667,0.0007233035,0.2084538042,0.0015010328,0.1388834897,0.0006320569,0.6012213001,0.0016612910,80,96
visual_nearest_retrieval,combined_stress,5,0.4440104167,0.0161464099,0.2378338579,0.0188936690,0.4210052750,0.0017070973,0.3636375774,0.0031699508,0.3810248523,0.0029494073,0.1259405429,0.0017017088,0.1970139042,0.0007465800,0.2084136436,0.0014155059,0.1387907737,0.0006431579,0.6008333174,0.0016875891,80,96
visual_nearest_retrieval,combined_stress,6,0.4505208333,0.0157540931,0.2443927700,0.0183173400,0.4207856500,0.0016841075,0.3636007649,0.0030668158,0.3811496907,0.0028855968,0.1260178035,0.0017055465,0.1968166333,0.0007182794,0.2083722900,0.0014392934,0.1390022097,0.0006373738,0.6010886561,0.0016881950,80,96
visual_nearest_retrieval,combined_stress,7,0.4441406250,0.0176598667,0.2380130629,0.0203465372,0.4209162000,0.0016982064,0.3634388899,0.0031118059,0.3811038189,0.0028217159,0.1260932285,0.0017391721,0.1969499062,0.0007138216,0.2083283813,0.0014832507,0.1390615697,0.0006458832,0.6008792626,0.0017156637,80,96
visual_nearest_retrieval,combined_stress,8,0.4544270833,0.0179786705,0.2484373329,0.0206102103,0.4208716625,0.0016195212,0.3637772649,0.0032154029,0.3819158757,0.0028208384,0.1257535960,0.0017558049,0.1971499958,0.0006960355,0.2084916412,0.0015279342,0.1393540462,0.0006447642,0.6008259471,0.0017596150,80,96
visual_nearest_retrieval,combined_stress,9,0.4437500000,0.0159169466,0.2376064322,0.0184305393,0.4206520375,0.0017065980,0.3633652649,0.0030404059,0.3817036707,0.0029614730,0.1259638935,0.0017098676,0.1974935000,0.0006572213,0.2085395208,0.0014994523,0.1394844417,0.0006176210,0.6006035471,0.0017936599,80,96
visual_nearest_retrieval,cross_embodiment,0,0.5055989583,0.0172468249,0.3249684267,0.0198070194,0.4312391500,0.0014669496,0.3368649410,0.0031805685,0.3895808521,0.0028727473,0.1189693646,0.0016684882,0.1903128146,0.0007924769,0.1950847170,0.0014702102,0.1310044266,0.0005678101,0.6254959855,0.0017781527,80,96
visual_nearest_retrieval,cross_embodiment,1,0.5005208333,0.0161526381,0.3199893673,0.0186599545,0.4315517875,0.0015303557,0.3368331285,0.0032949296,0.3895374280,0.0028592240,0.1189584190,0.0016002576,0.1902057458,0.0007257360,0.1950506171,0.0014504635,0.1309938301,0.0006564219,0.6255975053,0.0017408522,80,96
visual_nearest_retrieval,cross_embodiment,2,0.4992187500,0.0158095723,0.3190014821,0.0183379178,0.4315142500,0.0014977483,0.3364261285,0.0032201992,0.3896822230,0.0029391350,0.1187782040,0.0016435044,0.1902709250,0.0006709670,0.1949962458,0.0014778993,0.1311273056,0.0006649258,0.6256935223,0.0017081111,80,96
visual_nearest_retrieval,cross_embodiment,3,0.5046875000,0.0169457399,0.3246109762,0.0194958312,0.4316518000,0.0014550043,0.3365193785,0.0031886765,0.3901596843,0.0028661269,0.1187362440,0.0016779662,0.1900912375,0.0006952116,0.1951584977,0.0014529277,0.1308935976,0.0006579581,0.6257735313,0.0017137145,80,96
visual_nearest_retrieval,cross_embodiment,4,0.4920572917,0.0152941560,0.3115358184,0.0177743238,0.4316142625,0.0015779036,0.3367376910,0.0032805120,0.3897573308,0.0029228144,0.1191038571,0.0016834542,0.1902399729,0.0006920573,0.1950420641,0.0015104402,0.1311121156,0.0006961398,0.6256319295,0.0016704756,80,96
visual_nearest_retrieval,cross_embodiment,5,0.4998697917,0.0153511900,0.3195371215,0.0177646252,0.4321019875,0.0016469666,0.3365808160,0.0031682539,0.3900684589,0.0029837718,0.1190772384,0.0016595061,0.1903276229,0.0007248210,0.1950960045,0.0015378011,0.1309494431,0.0007395280,0.6254548100,0.0017005277,80,96
visual_nearest_retrieval,cross_embodiment,6,0.5118489583,0.0163871282,0.3314443246,0.0189104691,0.4315391875,0.0017879636,0.3367991285,0.0030950168,0.3898411930,0.0030985902,0.1189268452,0.0016834474,0.1901318271,0.0007071013,0.1950764693,0.0015381880,0.1310178861,0.0007326810,0.6253712373,0.0017086002,80,96
visual_nearest_retrieval,cross_embodiment,7,0.4950520833,0.0150232235,0.3143880067,0.0173324062,0.4313265625,0.0017188474,0.3368923785,0.0030733841,0.3897933918,0.0030537535,0.1192856665,0.0016622707,0.1901137833,0.0006781096,0.1949480260,0.0015564583,0.1310092906,0.0007146244,0.6255232823,0.0016203618,80,96
visual_nearest_retrieval,cross_embodiment,8,0.5058593750,0.0162013343,0.3255130958,0.0185712837,0.4319893750,0.0017340099,0.3368605660,0.0031224243,0.3899250552,0.0029848349,0.1190638209,0.0016639457,0.1899343937,0.0006429981,0.1950108245,0.0015323962,0.1309986941,0.0007284528,0.6256528160,0.0017084969,80,96
visual_nearest_retrieval,cross_embodiment,9,0.5144531250,0.0142505052,0.3340859028,0.0167697763,0.4314265750,0.0017881427,0.3369538160,0.0031154301,0.3898772539,0.0030038783,0.1188905734,0.0016731207,0.1900861438,0.0006456087,0.1947823311,0.0014782075,0.1309150611,0.0007005193,0.6255767470,0.0017770936,80,96
visual_nearest_retrieval,heldout_mechanism,0,0.5289062500,0.0152324980,0.3588713184,0.0175614307,0.4367608500,0.0017078228,0.3262086584,0.0030054687,0.3929072520,0.0028752544,0.1162628561,0.0017028086,0.1876273125,0.0006536925,0.1887052591,0.0013450572,0.1279744610,0.0006476411,0.6351286485,0.0017956628,80,96
visual_nearest_retrieval,heldout_mechanism,1,0.5255208333,0.0163272750,0.3554221219,0.0185062864,0.4367303125,0.0016595714,0.3261818459,0.0031025853,0.3930457404,0.0028467786,0.1162247917,0.0016978751,0.1876496208,0.0007185817,0.1891723597,0.0013495219,0.1280419820,0.0006214768,0.6350063142,0.0017518324,80,96
visual_nearest_retrieval,heldout_mechanism,2,0.5269531250,0.0147874554,0.3570347507,0.0167589109,0.4356492500,0.0016893953,0.3261550334,0.0031220946,0.3933593163,0.0027410597,0.1159499336,0.0015764530,0.1875294437,0.0006252451,0.1890360088,0.0014038337,0.1280344655,0.0006097142,0.6348999880,0.0018008031,80,96
visual_nearest_retrieval,heldout_mechanism,3,0.5187500000,0.0164540306,0.3488904352,0.0187878972,0.4354436250,0.0016177258,0.3257530334,0.0031382611,0.3928105863,0.0027865365,0.1159723248,0.0016580444,0.1876192000,0.0006824870,0.1886981959,0.0014790870,0.1283210960,0.0005911149,0.6350863080,0.0018270399,80,96
visual_nearest_retrieval,heldout_mechanism,4,0.5199218750,0.0161252313,0.3499686061,0.0180796808,0.4350629125,0.0016315239,0.3256011584,0.0031880678,0.3933036270,0.0028139600,0.1161436248,0.0016782374,0.1877277812,0.0006824622,0.1890532368,0.0015229765,0.1280864660,0.0005576879,0.6350435135,0.0017638209,80,96
visual_nearest_retrieval,heldout_mechanism,5,0.5199218750,0.0138167098,0.3498321492,0.0161852222,0.4350323750,0.0015491586,0.3258244709,0.0031892464,0.3930831860,0.0030190325,0.1159120567,0.0015829474,0.1880028438,0.0006650674,0.1891378538,0.0015506048,0.1283831015,0.0005559806,0.6350062217,0.0017514416,80,96
visual_nearest_retrieval,heldout_mechanism,6,0.5326822917,0.0143623032,0.3627883659,0.0162894879,0.4348267500,0.0016660513,0.3260477834,0.0031861376,0.3932129201,0.0030944974,0.1156759136,0.0015688643,0.1874989604,0.0007127432,0.1892161677,0.0015542191,0.1280043995,0.0005937573,0.6346547730,0.0017532903,80,96
visual_nearest_retrieval,heldout_mechanism,7,0.5236979167,0.0145231938,0.3537352934,0.0163936764,0.4351463875,0.0016596038,0.3256457834,0.0032932173,0.3931894526,0.0031681435,0.1158624423,0.0015406164,0.1878247667,0.0006755808,0.1894692001,0.0015520504,0.1281409550,0.0006589794,0.6346830140,0.0017595384,80,96
visual_nearest_retrieval,heldout_mechanism,8,0.5376302083,0.0132678199,0.3675943992,0.0156125156,0.4349407625,0.0015741495,0.3259941584,0.0032324328,0.3933148095,0.0031845957,0.1159891473,0.0015664680,0.1876046271,0.0007098832,0.1891530206,0.0015434594,0.1279893665,0.0007167698,0.6347242615,0.0017015882,80,96
visual_nearest_retrieval,heldout_mechanism,9,0.5257812500,0.0148687707,0.3557319902,0.0169687018,0.4356105750,0.0015976318,0.3259673459,0.0032880030,0.3932782104,0.0031141407,0.1161034267,0.0015994159,0.1875203125,0.0007156850,0.1894231728,0.0015498111,0.1280568875,0.0007057506,0.6349581052,0.0017149864,80,96
visual_nearest_retrieval,heldout_object,0,0.5596354167,0.0147931690,0.4013570005,0.0170412671,0.4403178750,0.0016906384,0.3141642254,0.0032662444,0.3970077071,0.0029674519,0.1130032583,0.0016211557,0.1845410667,0.0006061491,0.1817501014,0.0015041736,0.1248895126,0.0007145062,0.6446018265,0.0016808336,80,96
visual_nearest_retrieval,heldout_object,1,0.5463541667,0.0157138506,0.3877811448,0.0178375862,0.4404414250,0.0016155327,0.3142474754,0.0032580520,0.3965960809,0.0030639309,0.1132170608,0.0016448860,0.1847679542,0.0005860422,0.1816197569,0.0015685099,0.1249497946,0.0006638372,0.6446733155,0.0017051159,80,96
visual_nearest_retrieval,heldout_object,2,0.5424479167,0.0143256617,0.3838120674,0.0165117791,0.4398646250,0.0018018260,0.3140806004,0.0031396574,0.3967184715,0.0030560288,0.1132446045,0.0016679834,0.1848635917,0.0006253020,0.1817686945,0.0015369987,0.1247059246,0.0006195578,0.6447037840,0.0016997330,80,96
visual_nearest_retrieval,heldout_object,3,0.5471354167,0.0147753241,0.3887505410,0.0166359987,0.4403383500,0.0017615062,0.3140387879,0.0030466328,0.3970115724,0.0029815977,0.1131262152,0.0016038265,0.1849139542,0.0006868823,0.1816200372,0.0014953714,0.1248392431,0.0006160592,0.6445106407,0.0016580476,80,96
visual_nearest_retrieval,heldout_object,4,0.5464843750,0.0152799182,0.3884427231,0.0174529339,0.4404619000,0.0017824641,0.3136217879,0.0030354320,0.3973178049,0.0029351193,0.1128525439,0.0015910817,0.1851891312,0.0006652833,0.1816543600,0.0014478227,0.1248915211,0.0006295889,0.6447121947,0.0017089717,80,96
visual_nearest_retrieval,heldout_object,5,0.5497395833,0.0139108175,0.3914546681,0.0160781192,0.4402352750,0.0017048074,0.3137050379,0.0030962797,0.3972563537,0.0028096343,0.1129187652,0.0015946529,0.1851845083,0.0006954375,0.1821180123,0.0014510323,0.1247266906,0.0006161968,0.6445555697,0.0017284720,80,96
visual_nearest_retrieval,heldout_object,6,0.5503906250,0.0144250802,0.3922622836,0.0163329808,0.4405339125,0.0016233154,0.3137882879,0.0031132964,0.3975450774,0.0029202919,0.1126566739,0.0016293031,0.1852913812,0.0006376256,0.1822752116,0.0014247158,0.1248620101,0.0005983075,0.6445410157,0.0017906974,80,96
visual_nearest_retrieval,heldout_object,7,0.5488281250,0.0142879454,0.3908052684,0.0165401317,0.4404823750,0.0015763523,0.3138715379,0.0031335775,0.3974836262,0.0030244461,0.1123593889,0.0016557553,0.1852041312,0.0006994202,0.1824387139,0.0015060278,0.1249222921,0.0005908997,0.6442983477,0.0018326971,80,96
visual_nearest_retrieval,heldout_object,8,0.5437500000,0.0127450303,0.3855766711,0.0148824786,0.4407810125,0.0014975735,0.3142049129,0.0031431417,0.3974134205,0.0031467759,0.1125180814,0.0016677135,0.1850160250,0.0006957020,0.1824135295,0.0014369451,0.1251366511,0.0006487263,0.6442687862,0.0017976877,80,96
visual_nearest_retrieval,heldout_object,9,0.5493489583,0.0140089429,0.3915319076,0.0161791644,0.4409045625,0.0014187323,0.3140380379,0.0031267351,0.3977108987,0.0031081822,0.1123745314,0.0016932292,0.1847534771,0.0006732925,0.1823592155,0.0014909658,0.1247427061,0.0006524044,0.6444553327,0.0017461109,80,96
visual_nearest_retrieval,seen_corpus,0,0.5776041667,0.0143216326,0.4330921749,0.0164426363,0.4468044500,0.0016770483,0.3006540085,0.0031564184,0.4016900847,0.0029687117,0.1088256931,0.0015947981,0.1813580292,0.0006840151,0.1739834089,0.0015335704,0.1210381016,0.0006415405,0.6558801655,0.0017186549,80,96
visual_nearest_retrieval,seen_corpus,1,0.5910156250,0.0142932530,0.4468762511,0.0161726493,0.4470820875,0.0016631996,0.3005971960,0.0031720972,0.4017876231,0.0029548872,0.1084651850,0.0015964164,0.1811271812,0.0006463974,0.1740256966,0.0015475097,0.1210121051,0.0006731819,0.6561604852,0.0017111375,80,96
visual_nearest_retrieval,seen_corpus,2,0.5891927083,0.0133735319,0.4452235839,0.0156063129,0.4470095500,0.0016775219,0.3001651960,0.0032101759,0.4017232056,0.0029439267,0.1085027075,0.0015995290,0.1811096146,0.0006136777,0.1739539661,0.0014802808,0.1211301806,0.0006577266,0.6565353522,0.0016959584,80,96
visual_nearest_retrieval,seen_corpus,3,0.5838541667,0.0137961978,0.4396332516,0.0150187207,0.4462366625,0.0018058035,0.2999833210,0.0032256167,0.4016500338,0.0028853529,0.1087710950,0.0015535313,0.1812913417,0.0006072350,0.1738936488,0.0014583798,0.1211021831,0.0006418304,0.6565390337,0.0017173498,80,96
visual_nearest_retrieval,seen_corpus,4,0.5803385417,0.0149096077,0.4362468922,0.0172753523,0.4465143000,0.0018017483,0.2995513210,0.0032091176,0.4012354413,0.0028376744,0.1088390862,0.0016557443,0.1812224354,0.0007044904,0.1738282215,0.0014700523,0.1210701836,0.0006609974,0.6566417647,0.0018155140,80,96
visual_nearest_retrieval,seen_corpus,5,0.5790364583,0.0133875802,0.4349880027,0.0149844030,0.4464417625,0.0018684868,0.2994945085,0.0031703091,0.4015080672,0.0028042303,0.1088184593,0.0016014482,0.1813476521,0.0006400688,0.1738673577,0.0014876064,0.1211942621,0.0006462183,0.6563938205,0.0017095471,80,96
visual_nearest_retrieval,seen_corpus,6,0.5764322917,0.0134232508,0.4322191836,0.0151995632,0.4456688750,0.0016583810,0.2993126335,0.0032011518,0.4016099828,0.0029611211,0.1090376281,0.0016169819,0.1814910979,0.0006104414,0.1738038888,0.0014312861,0.1210912271,0.0006860308,0.6560973520,0.0017504723,80,96
visual_nearest_retrieval,seen_corpus,7,0.5860677083,0.0143024789,0.4422333418,0.0163697235,0.4450710750,0.0016091375,0.2995059460,0.0031682876,0.4016987669,0.0030338429,0.1085374850,0.0016981837,0.1810880021,0.0006229112,0.1734573898,0.0014610328,0.1211442701,0.0007074544,0.6557923792,0.0017395463,80,96
visual_nearest_retrieval,seen_corpus,8,0.5837239583,0.0120537577,0.4398572012,0.0144412428,0.4451736250,0.0014785289,0.2991990085,0.0031536642,0.4019801472,0.0030023058,0.1087432118,0.0016854327,0.1813778771,0.0006189601,0.1735851627,0.0014058858,0.1212643466,0.0007110835,0.6556734995,0.0017076147,80,96
visual_nearest_retrieval,seen_corpus,9,0.5911458333,0.0139180462,0.4473733191,0.0158603725,0.4452761750,0.0015824275,0.2993923210,0.0031896433,0.4022440188,0.0030405834,0.1085080250,0.0016625593,0.1813809583,0.0006217123,0.1737357621,0.0014435536,0.1210922771,0.0007010867,0.6556246547,0.0017278609,80,96
visual_nearest_retrieval,sparse_corpus,0,0.4930989583,0.0163355289,0.3068061573,0.0189282010,0.4287590750,0.0018288191,0.3428871402,0.0031748103,0.3879986776,0.0030901269,0.1206747436,0.0017194489,0.1917743646,0.0007340901,0.1977361451,0.0014430868,0.1330896242,0.0006330853,0.6193382476,0.0017937783,80,96
visual_nearest_retrieval,sparse_corpus,1,0.4953125000,0.0152797293,0.3092354914,0.0176034985,0.4283503625,0.0017224687,0.3425902027,0.0031357335,0.3882937079,0.0030285298,0.1205049892,0.0016555979,0.1920064375,0.0007142136,0.1975719724,0.0014188410,0.1329907482,0.0006379149,0.6192859168,0.0017543571,80,96
visual_nearest_retrieval,sparse_corpus,2,0.4975260417,0.0173547130,0.3115580497,0.0200363873,0.4284669125,0.0016901085,0.3425433902,0.0030809540,0.3884048963,0.0029767232,0.1202777061,0.0017578241,0.1921634729,0.0007807538,0.1977225144,0.0013935060,0.1329709117,0.0006567141,0.6195607496,0.0017127393,80,96
visual_nearest_retrieval,sparse_corpus,3,0.4915364583,0.0160345827,0.3054581354,0.0184911798,0.4287585500,0.0016122532,0.3428717652,0.0030896461,0.3886780407,0.0029858387,0.1202993798,0.0016948261,0.1922102396,0.0007707833,0.1978870247,0.0013855035,0.1330321157,0.0006319101,0.6195269281,0.0017140289,80,96
visual_nearest_retrieval,sparse_corpus,4,0.4825520833,0.0138385617,0.2962226531,0.0161910644,0.4290501875,0.0016487860,0.3430750777,0.0030634489,0.3884302998,0.0030336451,0.1203662054,0.0016335254,0.1925240458,0.0007459861,0.1978551831,0.0014044549,0.1330913187,0.0006216625,0.6194005603,0.0017803486,80,96
visual_nearest_retrieval,sparse_corpus,5,0.4777343750,0.0166070197,0.2912837724,0.0188434511,0.4289916500,0.0015708918,0.3432783902,0.0030680395,0.3883576463,0.0030361173,0.1202829936,0.0016871023,0.1925544063,0.0007351454,0.1980202899,0.0015018185,0.1330754842,0.0006211865,0.6192461786,0.0017527436,80,96
visual_nearest_retrieval,sparse_corpus,6,0.4743489583,0.0160339657,0.2878976722,0.0183390413,0.4292832875,0.0016127948,0.3432315777,0.0031380395,0.3882937473,0.0030292623,0.1204566417,0.0016717308,0.1921144896,0.0007191880,0.1983740835,0.0014777967,0.1329806102,0.0006489695,0.6195350183,0.0017607613,80,96
visual_nearest_retrieval,sparse_corpus,7,0.4848958333,0.0154684917,0.2983568450,0.0180132773,0.4292247500,0.0016571172,0.3434348902,0.0031970168,0.3882210938,0.0028992061,0.1203970173,0.0016715598,0.1920047833,0.0006993502,0.1985391904,0.0014763082,0.1331148507,0.0006689648,0.6195807366,0.0017895208,80,96
visual_nearest_retrieval,sparse_corpus,8,0.4841145833,0.0164683547,0.2973260808,0.0188715001,0.4291662125,0.0016082518,0.3433880777,0.0032046645,0.3876319323,0.0029688054,0.1204487529,0.0016455216,0.1922037458,0.0006671684,0.1986022887,0.0014611597,0.1330199767,0.0006637065,0.6198415623,0.0017835532,80,96
visual_nearest_retrieval,sparse_corpus,9,0.4882812500,0.0144064647,0.3017769418,0.0166976721,0.4294578500,0.0016504705,0.3432162027,0.0032394688,0.3880976729,0.0029235662,0.1204026717,0.0016063128,0.1920332875,0.0006797760,0.1987408210,0.0014471567,0.1330731767,0.0006851555,0.6199378058,0.0017706541,80,96
visual_nearest_retrieval,stale_memory,0,0.4792968750,0.0160156501,0.2830646087,0.0182672043,0.4240815375,0.0016197848,0.3553602908,0.0031196010,0.3864788373,0.0030300163,0.1222049891,0.0016525061,0.1955345562,0.0007024147,0.2019481440,0.0015048933,0.1375318097,0.0006905658,0.6057409556,0.0017060052,80,96
visual_nearest_retrieval,stale_memory,1,0.4800781250,0.0142629962,0.2837138620,0.0167377294,0.4241910875,0.0016121203,0.3553084783,0.0031351204,0.3858828508,0.0030861473,0.1223753247,0.0016214884,0.1955585687,0.0006650546,0.2016069402,0.0014929785,0.1375088932,0.0007054468,0.6055112783,0.0017094484,80,96
visual_nearest_retrieval,stale_memory,2,0.4867187500,0.0165562302,0.2903025877,0.0187525588,0.4237753750,0.0016761772,0.3552566658,0.0031125344,0.3851117767,0.0030248027,0.1222150791,0.0017354359,0.1952004000,0.0006742742,0.2017691380,0.0014160606,0.1377861267,0.0007017320,0.6057398301,0.0017632859,80,96
visual_nearest_retrieval,stale_memory,3,0.4860677083,0.0152280321,0.2895090680,0.0175823030,0.4237098375,0.0017725965,0.3548296658,0.0030574174,0.3847040092,0.0029933999,0.1224599704,0.0017063954,0.1953195021,0.0006571967,0.2019079128,0.0014426598,0.1376071322,0.0007237100,0.6058188071,0.0017627137,80,96
visual_nearest_retrieval,stale_memory,4,0.4822916667,0.0157117518,0.2856178536,0.0181478814,0.4238193875,0.0017438828,0.3550279783,0.0030735347,0.3849747058,0.0029159038,0.1226548085,0.0017691395,0.1954073167,0.0006896610,0.2017624643,0.0014039872,0.1376632552,0.0007007260,0.6058742723,0.0017517947,80,96
visual_nearest_retrieval,stale_memory,5,0.4747395833,0.0173263051,0.2780500904,0.0199467392,0.4234036750,0.0016627569,0.3547260408,0.0030649162,0.3849127361,0.0028743373,0.1227325229,0.0018133007,0.1956230333,0.0006955658,0.2016004926,0.0013260906,0.1375612992,0.0007152557,0.6057176316,0.0017773576,80,96
visual_nearest_retrieval,stale_memory,6,0.4785156250,0.0150818015,0.2822429993,0.0177477421,0.4238634000,0.0016023224,0.3541739783,0.0031708675,0.3848595208,0.0028371627,0.1226638597,0.0017620102,0.1954550437,0.0006778989,0.2015271576,0.0013870068,0.1375303787,0.0006844867,0.6055459833,0.0018199129,80,96
visual_nearest_retrieval,stale_memory,7,0.4805989583,0.0161274808,0.2846312953,0.0186427342,0.4237978625,0.0016085535,0.3539971033,0.0032326778,0.3853184364,0.0028718598,0.1225768910,0.0017357839,0.1955358646,0.0006918944,0.2011613378,0.0013158128,0.1372803487,0.0006465532,0.6057100028,0.0018201944,80,96
visual_nearest_retrieval,stale_memory,8,0.4798177083,0.0164497961,0.2841303606,0.0191325233,0.4235572375,0.0017081971,0.3540703533,0.0032446134,0.3859436851,0.0029290527,0.1222588435,0.0017093419,0.1956567896,0.0007184786,0.2010038796,0.0014077696,0.1371843957,0.0006693702,0.6055448578,0.0018777071,80,96
visual_nearest_retrieval,stale_memory,9,0.4820312500,0.0168797364,0.2863876138,0.0191921123,0.4233166125,0.0016555229,0.3540185408,0.0031044344,0.3862231361,0.0029639681,0.1221782854,0.0016526037,0.1957357875,0.0007031626,0.2011471679,0.0014666927,0.1373865917,0.0006727261,0.6052871666,0.0017368962,80,96
visual_nearest_retrieval,visually_aliased,0,0.4787760417,0.0162403690,0.2849607728,0.0185291019,0.4261797500,0.0016562779,0.3500912432,0.0030714821,0.3851558590,0.0029161201,0.1227755808,0.0017216820,0.1935854104,0.0007229945,0.2028613505,0.0014991352,0.1346958399,0.0006453010,0.6154505054,0.0017434365,80,96
visual_nearest_retrieval,visually_aliased,1,0.4743489583,0.0147662540,0.2803385952,0.0173170358,0.4259671250,0.0016070933,0.3500594307,0.0031451681,0.3847622599,0.0029532520,0.1229029914,0.0017028957,0.1935442646,0.0007393222,0.2029336037,0.0014458578,0.1343100559,0.0005680513,0.6154099542,0.0017635137,80,96
visual_nearest_retrieval,visually_aliased,2,0.4622395833,0.0159986793,0.2681522696,0.0183849596,0.4266299375,0.0016135246,0.3501526807,0.0031780932,0.3847144587,0.0029256040,0.1230273626,0.0017047757,0.1936106708,0.0007107297,0.2030052604,0.0015040957,0.1343014604,0.0005383121,0.6155319842,0.0017668390,80,96
visual_nearest_retrieval,visually_aliased,3,0.4653645833,0.0188329576,0.2712629166,0.0212771399,0.4264173125,0.0015736497,0.3502459307,0.0031659931,0.3850168324,0.0028787441,0.1230275901,0.0016858269,0.1936138708,0.0007870580,0.2030706139,0.0014765844,0.1344429399,0.0005728448,0.6151837792,0.0017839885,80,96
visual_nearest_retrieval,visually_aliased,4,0.4763020833,0.0159722730,0.2823660250,0.0185311351,0.4262046875,0.0015229140,0.3502141182,0.0032533622,0.3847983209,0.0028789733,0.1228784383,0.0016371308,0.1932075458,0.0007313783,0.2030396655,0.0014551177,0.1344323434,0.0006568882,0.6152432779,0.0017329146,80,96
visual_nearest_retrieval,visually_aliased,5,0.4714843750,0.0169022621,0.2778136689,0.0190642306,0.4263422375,0.0014686156,0.3499321807,0.0032144485,0.3847636512,0.0029202058,0.1226201839,0.0016028073,0.1933219438,0.0006705565,0.2029941524,0.0014866093,0.1344927824,0.0006706348,0.6153457982,0.0017006170,80,96
visual_nearest_retrieval,visually_aliased,6,0.4770833333,0.0149060960,0.2835415438,0.0174126074,0.4266548750,0.0015032268,0.3497753057,0.0031973262,0.3852498668,0.0028476076,0.1227084464,0.0016397893,0.1933655458,0.0006678992,0.2031449912,0.0014604893,0.1344051474,0.0006362036,0.6155548717,0.0017280587,80,96
visual_nearest_retrieval,visually_aliased,7,0.4674479167,0.0169748090,0.2735798050,0.0192365666,0.4262671625,0.0015668257,0.3501186807,0.0032390267,0.3850182237,0.0029543176,0.1228808326,0.0017156275,0.1932472417,0.0007252014,0.2031311626,0.0014770606,0.1344755914,0.0006995810,0.6154778022,0.0016744603,80,96
visual_nearest_retrieval,visually_aliased,8,0.4747395833,0.0158927910,0.2810400187,0.0183993692,0.4267548875,0.0016362492,0.3500868682,0.0031879870,0.3851498871,0.0029676008,0.1227973058,0.0016733054,0.1932671458,0.0007247643,0.2030939111,0.0015448793,0.1344649949,0.0006955060,0.6151931289,0.0016888614,80,96
visual_nearest_retrieval,visually_aliased,9,0.4651041667,0.0151766477,0.2710004712,0.0177427006,0.4263671750,0.0017291085,0.3500550557,0.0031031836,0.3849313756,0.0030808494,0.1230935039,0.0016755013,0.1934489917,0.0007074753,0.2033631127,0.0015033046,0.1343793609,0.0007365341,0.6150385207,0.0016977993,80,96
