stress_level,method,seed,mean_success_rate,ci95_success_rate,mean_utility,ci95_utility,mean_mechanism_precision,ci95_mechanism_precision,mean_incompatible_retrieval_rate,ci95_incompatible_retrieval_rate,mean_recovery_success,ci95_recovery_success,mean_damage_rate,ci95_damage_rate,mean_query_cost,ci95_query_cost,mean_regret,ci95_regret,mean_calibration_error,ci95_calibration_error,mean_retrieval_coverage,ci95_retrieval_coverage,groups,episodes_per_group
0.0000000000,action_conditioned_mechanism_retrieval_v5,0,0.7687500000,0.0105913891,0.8776712436,0.0108863811,0.6877675125,0.0017330831,0.0718411036,0.0013112301,0.6490968264,0.0030325583,0.0422774648,0.0013175996,0.2130023000,0.0005801065,0.0750759068,0.0013240162,0.0430760002,0.0006073154,0.7956496848,0.0016004779,80,96
0.0000000000,action_conditioned_mechanism_retrieval_v5,1,0.7552083333,0.0119744636,0.8636566914,0.0125330530,0.6878419750,0.0016311716,0.0720143536,0.0013887795,0.6482827876,0.0030462008,0.0424812173,0.0013542011,0.2132868333,0.0005545867,0.0750288557,0.0012548446,0.0433417972,0.0006091693,0.7958838968,0.0016007976,80,96
0.0000000000,action_conditioned_mechanism_retrieval_v5,2,0.7587239583,0.0112147303,0.8676419904,0.0118263089,0.6882666125,0.0016012810,0.0715622911,0.0014892589,0.6483660723,0.0030861644,0.0421840916,0.0012911188,0.2132575271,0.0006234190,0.0750375638,0.0012696000,0.0433724767,0.0006066463,0.7959835415,0.0016688081,80,96
0.0000000000,action_conditioned_mechanism_retrieval_v5,3,0.7580729167,0.0112647923,0.8669185751,0.0120523123,0.6881659875,0.0015648082,0.0721107286,0.0015148685,0.6487645145,0.0030407997,0.0422571135,0.0013501959,0.2131364792,0.0005956560,0.0746854215,0.0013592811,0.0434191642,0.0005875300,0.7959811353,0.0016133530,80,96
0.0000000000,action_conditioned_mechanism_retrieval_v5,4,0.7622395833,0.0092509930,0.8709748750,0.0098790296,0.6884155375,0.0015613931,0.0721589161,0.0014731539,0.6486552029,0.0029322673,0.0422083991,0.0013722930,0.2131730958,0.0005866011,0.0751203076,0.0013261931,0.0433077727,0.0006202732,0.7960367580,0.0015416809,80,96
0.0000000000,action_conditioned_mechanism_retrieval_v5,5,0.7700520833,0.0109849590,0.8785279431,0.0117045021,0.6881398250,0.0016093921,0.0719569786,0.0014849761,0.6476792082,0.0028515771,0.0422266260,0.0013171383,0.2132337083,0.0005831614,0.0752593883,0.0013481181,0.0432674167,0.0006287789,0.7959653173,0.0014463521,80,96
0.0000000000,action_conditioned_mechanism_retrieval_v5,6,0.7536458333,0.0107686295,0.8619004544,0.0114377891,0.6878641125,0.0015696062,0.0720051661,0.0014976176,0.6479200717,0.0028626143,0.0423981491,0.0013620591,0.2134833083,0.0005868165,0.0753878212,0.0013564739,0.0432310627,0.0006613697,0.7963791190,0.0014183812,80,96
0.0000000000,action_conditioned_mechanism_retrieval_v5,7,0.7595052083,0.0107446779,0.8680890078,0.0113232325,0.6879385750,0.0014159229,0.0720533536,0.0015681004,0.6478107601,0.0026997378,0.0420188160,0.0013411399,0.2131210396,0.0005714516,0.0753224572,0.0013507628,0.0430446337,0.0006733511,0.7958204348,0.0014787357,80,96
0.0000000000,action_conditioned_mechanism_retrieval_v5,8,0.7614583333,0.0111092926,0.8700727102,0.0115981365,0.6878379500,0.0014910912,0.0717263536,0.0014884858,0.6478896676,0.0027104541,0.0421337573,0.0013425012,0.2131136083,0.0005365917,0.0755369719,0.0013328767,0.0429272392,0.0006109990,0.7960706548,0.0014769843,80,96
0.0000000000,action_conditioned_mechanism_retrieval_v5,9,0.7670572917,0.0113014365,0.8761529764,0.0116470626,0.6879124125,0.0014524576,0.0712742911,0.0014064702,0.6479729523,0.0028316620,0.0417991316,0.0013221741,0.2128300229,0.0005343221,0.0754456300,0.0013161151,0.0431079937,0.0005682423,0.7962423355,0.0014384636,80,96
0.0000000000,conformal_retrieval_filter,0,0.6299479167,0.0125761110,0.5915026104,0.0134522414,0.5417566625,0.0016303542,0.1702747955,0.0020191954,0.5089981972,0.0027911667,0.0732105982,0.0014214967,0.2570398792,0.0005897868,0.1292200482,0.0013024871,0.0768219017,0.0005627227,0.6033897453,0.0016636521,80,96
0.0000000000,conformal_retrieval_filter,1,0.6325520833,0.0129990503,0.5939763392,0.0139686201,0.5412008625,0.0014969761,0.1702479830,0.0020079542,0.5084363356,0.0027682230,0.0732147963,0.0014362612,0.2569783333,0.0006082546,0.1289994052,0.0013349681,0.0769644602,0.0005520421,0.6033254400,0.0016559623,80,96
0.0000000000,conformal_retrieval_filter,2,0.6220052083,0.0130911638,0.5834281381,0.0139563962,0.5411703250,0.0015857127,0.1698459830,0.0020657898,0.5087630431,0.0029198860,0.0734294501,0.0014389638,0.2572509771,0.0005665079,0.1291460845,0.0014108875,0.0768759032,0.0005150498,0.6036258170,0.0016034393,80,96
0.0000000000,conformal_retrieval_filter,3,0.6285156250,0.0107554148,0.5898513584,0.0119093963,0.5409647000,0.0014633925,0.1703194205,0.0020610433,0.5088840228,0.0030121024,0.0732482782,0.0013319464,0.2570597062,0.0006087938,0.1293358615,0.0014207702,0.0769514282,0.0005443133,0.6035595108,0.0015801229,80,96
0.0000000000,conformal_retrieval_filter,4,0.6214843750,0.0131702763,0.5825533806,0.0144422805,0.5409341625,0.0015676135,0.1704176705,0.0020859693,0.5088430465,0.0030827874,0.0734346682,0.0013904125,0.2572080937,0.0006543675,0.1295116703,0.0014108662,0.0766457627,0.0006058310,0.6032295728,0.0015821799,80,96
0.0000000000,conformal_retrieval_filter,5,0.6230468750,0.0125504850,0.5843579348,0.0136177742,0.5414288875,0.0015938370,0.1700156705,0.0021280561,0.5089946665,0.0031599375,0.0734313532,0.0013546563,0.2573112062,0.0006440974,0.1295614512,0.0014027404,0.0767823182,0.0006342923,0.6029716708,0.0015344806,80,96
0.0000000000,conformal_retrieval_filter,6,0.6337239583,0.0124202680,0.5951368017,0.0133280535,0.5410481750,0.0015323691,0.1702389830,0.0021745015,0.5089493131,0.0031705536,0.0733077476,0.0013562018,0.2569115271,0.0006332184,0.1293427666,0.0014080579,0.0767788037,0.0006703869,0.6033065650,0.0015344204,80,96
0.0000000000,conformal_retrieval_filter,7,0.6260416667,0.0143891716,0.5872306785,0.0157216881,0.5417179875,0.0014953284,0.1703372330,0.0021371050,0.5089083368,0.0030738754,0.0735808938,0.0014426109,0.2570690292,0.0006626370,0.1295185754,0.0014063111,0.0766982507,0.0006829603,0.6035329050,0.0015329386,80,96
0.0000000000,conformal_retrieval_filter,8,0.6286458333,0.0110348306,0.5901614194,0.0122237421,0.5418625375,0.0014681462,0.1701853580,0.0021273130,0.5088761150,0.0029497428,0.0733512251,0.0014533545,0.2570074833,0.0006245377,0.1291827210,0.0013784396,0.0763885832,0.0007099366,0.6031319315,0.0014616570,80,96
0.0000000000,conformal_retrieval_filter,9,0.6364583333,0.0116540148,0.5978774075,0.0123688538,0.5425323500,0.0014744380,0.1705337330,0.0020476170,0.5086512968,0.0030055007,0.0734380113,0.0014243923,0.2569480583,0.0005609416,0.1289728946,0.0013207868,0.0765371447,0.0006824684,0.6034433140,0.0014393088,80,96
0.0000000000,contrastive_mechanism_memory,0,0.6742187500,0.0115937268,0.6888474146,0.0122155714,0.5980523250,0.0015217880,0.1284068381,0.0018599803,0.5635149382,0.0028803335,0.0625957287,0.0014009065,0.2534281500,0.0005620863,0.1095050388,0.0013233830,0.0633380519,0.0006473506,0.6703347757,0.0014361017,80,96
0.0000000000,contrastive_mechanism_memory,1,0.6861979167,0.0119930388,0.7010980977,0.0127709204,0.5982108750,0.0014866565,0.1285150881,0.0018231891,0.5638377869,0.0028866845,0.0625216687,0.0014209530,0.2531663167,0.0005649893,0.1091824988,0.0012050605,0.0630385464,0.0006175490,0.6704275647,0.0014339785,80,96
0.0000000000,contrastive_mechanism_memory,2,0.6766927083,0.0131877923,0.6912591285,0.0144617369,0.5978441625,0.0016147517,0.1286233381,0.0017934218,0.5632851982,0.0030463959,0.0625341774,0.0015311806,0.2534303771,0.0005927711,0.1091758666,0.0012746202,0.0631142284,0.0006189389,0.6703782827,0.0014708662,80,96
0.0000000000,contrastive_mechanism_memory,3,0.6772135417,0.0115396627,0.6917189870,0.0124361743,0.5980027125,0.0016363385,0.1284814631,0.0017489916,0.5629164513,0.0032838424,0.0626488587,0.0014529236,0.2533289604,0.0005443422,0.1092547197,0.0012811541,0.0627356834,0.0006535192,0.6702859792,0.0014327913,80,96
0.0000000000,contrastive_mechanism_memory,4,0.6686197917,0.0116454870,0.6830034565,0.0120812143,0.5985114375,0.0016912623,0.1287147756,0.0017502891,0.5630598354,0.0031668438,0.0628037905,0.0014404419,0.2534301854,0.0005391025,0.1092411879,0.0012171520,0.0628884039,0.0006361174,0.6702992285,0.0015005270,80,96
0.0000000000,contrastive_mechanism_memory,5,0.6807291667,0.0135414234,0.6952914033,0.0142676442,0.5983198125,0.0017600351,0.1286979631,0.0016510626,0.5633870613,0.0031163406,0.0626435949,0.0014767396,0.2533166042,0.0005907640,0.1093131412,0.0012044131,0.0629620849,0.0005963922,0.6704715572,0.0014862002,80,96
0.0000000000,contrastive_mechanism_memory,6,0.6747395833,0.0093446296,0.6894394921,0.0102890786,0.5986534500,0.0017880214,0.1281809006,0.0015520976,0.5632065335,0.0029644321,0.0626991255,0.0013713082,0.2533813708,0.0005934009,0.1094717729,0.0012774676,0.0629527244,0.0005704793,0.6705158220,0.0015297376,80,96
0.0000000000,contrastive_mechanism_memory,7,0.6735677083,0.0113637106,0.6880827395,0.0121547009,0.5981116500,0.0017738080,0.1282891506,0.0015197103,0.5631792072,0.0029837749,0.0627117093,0.0013231186,0.2535287646,0.0006098337,0.1094556860,0.0013021387,0.0628783314,0.0005923522,0.6705525830,0.0015307390,80,96
0.0000000000,contrastive_mechanism_memory,8,0.6708333333,0.0120491400,0.6853532046,0.0132020866,0.5982702000,0.0016433319,0.1285224631,0.0015306529,0.5631475038,0.0029211892,0.0627611724,0.0013220352,0.2533978833,0.0007024597,0.1091451558,0.0013083040,0.0628809769,0.0005568561,0.6705378182,0.0015999728,80,96
0.0000000000,contrastive_mechanism_memory,9,0.6869791667,0.0123427942,0.7017176218,0.0131517983,0.5979034875,0.0015213348,0.1286307131,0.0016653444,0.5629450900,0.0028790222,0.0624620374,0.0013600227,0.2530026792,0.0006194626,0.1089321205,0.0013221472,0.0631067339,0.0005444918,0.6701883862,0.0016456088,80,96
0.0000000000,invariant_mechanism_alignment,0,0.6572916667,0.0127460652,0.6539771291,0.0140520479,0.5822357250,0.0016247590,0.1397447791,0.0017925093,0.5482036852,0.0031859798,0.0655718595,0.0014280147,0.2627261042,0.0006115495,0.1166281487,0.0012615248,0.0673067215,0.0005557320,0.6430378713,0.0015102266,80,96
0.0000000000,invariant_mechanism_alignment,1,0.6617187500,0.0122574010,0.6586401009,0.0133410890,0.5820511000,0.0016367362,0.1398580291,0.0017469474,0.5485333590,0.0031788641,0.0654119745,0.0013993536,0.2624979625,0.0005795569,0.1164097608,0.0012744351,0.0673854835,0.0005600605,0.6434070563,0.0015067338,80,96
0.0000000000,invariant_mechanism_alignment,2,0.6561197917,0.0125840736,0.6528756349,0.0136832782,0.5822166500,0.0015545330,0.1398462166,0.0017272187,0.5479919724,0.0030243663,0.0656489164,0.0014096298,0.2623351479,0.0005987795,0.1163014742,0.0013280495,0.0670870570,0.0006049737,0.6434115590,0.0014926510,80,96
0.0000000000,invariant_mechanism_alignment,3,0.6497395833,0.0144886380,0.6460676835,0.0154751298,0.5822071125,0.0015659049,0.1402095916,0.0016947380,0.5481378043,0.0029485474,0.0658511464,0.0014144643,0.2627085333,0.0006151220,0.1164978511,0.0013621039,0.0671698210,0.0006524950,0.6433795435,0.0015259208,80,96
0.0000000000,invariant_mechanism_alignment,4,0.6617187500,0.0128715780,0.6580105084,0.0139521286,0.5818474000,0.0015731252,0.1399476541,0.0016264164,0.5477802596,0.0030135117,0.0659042483,0.0014057290,0.2626748125,0.0006132317,0.1164750498,0.0013481639,0.0673176175,0.0006687298,0.6434570828,0.0015633134,80,96
0.0000000000,invariant_mechanism_alignment,5,0.6579427083,0.0126673950,0.6541584768,0.0134302237,0.5814876875,0.0015286220,0.1401859666,0.0016229910,0.5479304687,0.0028783741,0.0662009239,0.0013528050,0.2624114396,0.0006379131,0.1159653701,0.0013575861,0.0670231930,0.0006020687,0.6434045570,0.0015744347,80,96
0.0000000000,invariant_mechanism_alignment,6,0.6524739583,0.0123766466,0.6489295296,0.0135588172,0.5818283250,0.0016335747,0.1396739041,0.0017354670,0.5481069409,0.0028276075,0.0663254670,0.0013592723,0.2626970271,0.0006509186,0.1156215507,0.0013695722,0.0670169125,0.0006304518,0.6438532818,0.0016246675,80,96
0.0000000000,invariant_mechanism_alignment,7,0.6640625000,0.0124576826,0.6603015505,0.0137723060,0.5818187875,0.0015776234,0.1399122166,0.0018407819,0.5472066249,0.0028160420,0.0662705427,0.0013627579,0.2625187000,0.0006605459,0.1155309805,0.0013562666,0.0670976755,0.0005704053,0.6435286200,0.0016784070,80,96
0.0000000000,invariant_mechanism_alignment,8,0.6580729167,0.0125172345,0.6545818857,0.0135985300,0.5821594250,0.0016567905,0.1397753416,0.0019075625,0.5471948780,0.0027215120,0.0660555364,0.0013909628,0.2625114292,0.0006513669,0.1154075326,0.0013636449,0.0672474730,0.0005947177,0.6438547835,0.0016875727,80,96
0.0000000000,invariant_mechanism_alignment,9,0.6627604167,0.0118324785,0.6593326690,0.0125743009,0.5825000625,0.0016427242,0.1398885916,0.0018908072,0.5473494643,0.0027024633,0.0658909639,0.0013886996,0.2626548292,0.0006061445,0.1154924463,0.0013103485,0.0674763100,0.0005981343,0.6434655895,0.0016564032,80,96
0.0000000000,learned_expected_utility_retrieval,0,0.6808593750,0.0123018137,0.6952435750,0.0132557572,0.6038349750,0.0016296113,0.1233326117,0.0017376016,0.5751987236,0.0029647292,0.0612077391,0.0014490910,0.2771317062,0.0005226268,0.1057818405,0.0013815857,0.0609187268,0.0006005460,0.6809908913,0.0016090168,80,96
0.0000000000,learned_expected_utility_retrieval,1,0.6938802083,0.0132030374,0.7082378182,0.0140971445,0.6036853500,0.0015114109,0.1234708617,0.0017363798,0.5750372598,0.0029738808,0.0610599916,0.0014515397,0.2770984021,0.0005480491,0.1057935181,0.0014228315,0.0612380013,0.0006089457,0.6808811263,0.0014758435,80,96
0.0000000000,learned_expected_utility_retrieval,2,0.6863281250,0.0115310861,0.7001319281,0.0123240614,0.6031855500,0.0014489138,0.1238592367,0.0016933796,0.5739916042,0.0027999827,0.0611499903,0.0013921686,0.2772030438,0.0005561432,0.1056322668,0.0013045782,0.0609609778,0.0006224507,0.6808283898,0.0014886462,80,96
0.0000000000,learned_expected_utility_retrieval,3,0.6882812500,0.0124538436,0.7023499950,0.0130431981,0.6035611875,0.0014504460,0.1234972367,0.0016653076,0.5743729117,0.0029870143,0.0611664441,0.0013274179,0.2773246875,0.0005614917,0.1056116632,0.0013439522,0.0611972108,0.0005816819,0.6812909108,0.0014853469,80,96
0.0000000000,learned_expected_utility_retrieval,4,0.6854166667,0.0104849906,0.6991289651,0.0114300340,0.6032364750,0.0015407242,0.1236354867,0.0016538274,0.5738612730,0.0029155656,0.0613796716,0.0013466954,0.2772136292,0.0006150757,0.1057296940,0.0012470602,0.0612913728,0.0005512538,0.6812671888,0.0015157263,80,96
0.0000000000,learned_expected_utility_retrieval,5,0.6871093750,0.0129097922,0.7013512052,0.0138674667,0.6037872000,0.0016022809,0.1231484242,0.0017474659,0.5740718702,0.0028896137,0.0610168709,0.0014286660,0.2772638813,0.0006445011,0.1058065854,0.0013239024,0.0611504173,0.0005882989,0.6815511205,0.0015930970,80,96
0.0000000000,learned_expected_utility_retrieval,6,0.6808593750,0.0124085797,0.6951354550,0.0130628712,0.6039877500,0.0016100791,0.1227864242,0.0016988717,0.5744531777,0.0029869827,0.0611809809,0.0013851765,0.2774253313,0.0006137993,0.1061861819,0.0012900963,0.0610865003,0.0006076903,0.6814993845,0.0015912652,80,96
0.0000000000,learned_expected_utility_retrieval,7,0.6899739583,0.0114924125,0.7044690348,0.0125289331,0.6041883000,0.0016028373,0.1227996117,0.0016710758,0.5746462661,0.0029746219,0.0610947916,0.0014345472,0.2774467146,0.0006654202,0.1057856497,0.0012769053,0.0610285863,0.0005917631,0.6816252373,0.0016060614,80,96
0.0000000000,learned_expected_utility_retrieval,8,0.6868489583,0.0099752995,0.7014023911,0.0108814293,0.6045639375,0.0016395752,0.1228127992,0.0017586000,0.5743140920,0.0029507636,0.0607786897,0.0013932625,0.2774893771,0.0006051936,0.1060949223,0.0013068711,0.0608205973,0.0006250659,0.6810647470,0.0015657004,80,96
0.0000000000,learned_expected_utility_retrieval,9,0.6903645833,0.0118246721,0.7047434404,0.0128857050,0.6042392250,0.0015051904,0.1232011742,0.0017387022,0.5743189614,0.0029945754,0.0608945822,0.0014256606,0.2771389208,0.0005907267,0.1061148615,0.0013804553,0.0606186113,0.0006206586,0.6809259675,0.0015571962,80,96
0.0000000000,model_predictive_retrieval_arbitration,0,0.6910156250,0.0125181236,0.7188906613,0.0131374596,0.6153996625,0.0015168041,0.1157839655,0.0016749858,0.5859310137,0.0029503962,0.0585609463,0.0013403562,0.2691626187,0.0005839592,0.1000347202,0.0013450864,0.0586941859,0.0006416767,0.6974652351,0.0015481214,80,96
0.0000000000,model_predictive_retrieval_arbitration,1,0.6937500000,0.0104294874,0.7216653760,0.0109811117,0.6156282125,0.0014836893,0.1158171530,0.0017045214,0.5856261396,0.0030894229,0.0585279632,0.0013016980,0.2689851750,0.0005920251,0.0999602014,0.0013954885,0.0590237794,0.0006565409,0.6977081778,0.0015589049,80,96
0.0000000000,model_predictive_retrieval_arbitration,2,0.7010416667,0.0102044560,0.7290218242,0.0107314462,0.6158567625,0.0014614248,0.1161004655,0.0016486182,0.5858377737,0.0029771532,0.0584304576,0.0012869773,0.2687439292,0.0006199660,0.1000877410,0.0013663252,0.0591322624,0.0006423601,0.6975359131,0.0015072512,80,96
0.0000000000,model_predictive_retrieval_arbitration,3,0.6958333333,0.0124835982,0.7239703683,0.0131758364,0.6162604000,0.0014924629,0.1157584655,0.0017204624,0.5862463812,0.0029903161,0.0585141801,0.0013906760,0.2688277583,0.0006339136,0.1003836961,0.0013720544,0.0589305904,0.0006474898,0.6974151741,0.0015102038,80,96
0.0000000000,model_predictive_retrieval_arbitration,4,0.6968750000,0.0119887760,0.7248913844,0.0124651991,0.6164889500,0.0015193597,0.1160417780,0.0016936038,0.5861078403,0.0029989203,0.0585291745,0.0014468172,0.2688240875,0.0005401999,0.1003174389,0.0013448979,0.0590390734,0.0006545358,0.6975430593,0.0015232818,80,96
0.0000000000,model_predictive_retrieval_arbitration,5,0.6942708333,0.0104893930,0.7221248688,0.0114478200,0.6165424125,0.0015299800,0.1159499030,0.0016789102,0.5854571684,0.0029794777,0.0583584182,0.0014844911,0.2691716083,0.0005502360,0.1004436166,0.0012718190,0.0589914784,0.0006896145,0.6975793988,0.0015980569,80,96
0.0000000000,model_predictive_retrieval_arbitration,6,0.6996093750,0.0117377221,0.7276175146,0.0125058864,0.6162457000,0.0016065875,0.1159830905,0.0016811973,0.5856775568,0.0029285842,0.0581284851,0.0014264237,0.2691077812,0.0005203027,0.1004596930,0.0012977133,0.0590959594,0.0006893931,0.6975802206,0.0014762891,80,96
0.0000000000,model_predictive_retrieval_arbitration,7,0.6940104167,0.0101134002,0.7215754068,0.0110057322,0.6157739000,0.0016606798,0.1161413405,0.0016467622,0.5851932181,0.0028317376,0.0583292938,0.0014012926,0.2693471542,0.0005474621,0.1003940324,0.0012222678,0.0586021414,0.0005999748,0.6975595316,0.0015210603,80,96
0.0000000000,model_predictive_retrieval_arbitration,8,0.6903645833,0.0125970716,0.7180966183,0.0134566071,0.6156522750,0.0016599854,0.1157993405,0.0016119110,0.5852516506,0.0027451664,0.0583098538,0.0014516968,0.2693340708,0.0005616200,0.1003961406,0.0012546575,0.0587006194,0.0005835272,0.6975968716,0.0015281131,80,96
0.0000000000,model_predictive_retrieval_arbitration,9,0.6860677083,0.0127105374,0.7136969360,0.0133245447,0.6158808250,0.0016412659,0.1158325280,0.0016023763,0.5856471265,0.0029038588,0.0586285457,0.0014240144,0.2694051396,0.0006099369,0.1004090655,0.0011918005,0.0586550254,0.0005782105,0.6977397643,0.0015307519,80,96
0.0000000000,oracle_mechanism_retrieval,0,0.8039062500,0.0101355495,0.9652452644,0.0083002414,0.7564181625,0.0015127156,0.0417778584,0.0012673108,0.6931274775,0.0030276276,0.0304699876,0.0013474266,0.1743235125,0.0005036354,0.0547368090,0.0013057453,0.0314312257,0.0006681816,0.9031621815,0.0014161976,80,96
0.0000000000,oracle_mechanism_retrieval,1,0.8165364583,0.0096332187,0.9739632713,0.0070049245,0.7569128875,0.0015802591,0.0415009209,0.0011686948,0.6936248953,0.0030144865,0.0303512457,0.0013534625,0.1741216021,0.0005344016,0.0547859933,0.0012867057,0.0314197072,0.0006709834,0.9033970257,0.0013866775,80,96
0.0000000000,oracle_mechanism_retrieval,2,0.8076822917,0.0092948695,0.9680105588,0.0075593410,0.7570574375,0.0016836443,0.0414741084,0.0011856530,0.6934132087,0.0029540141,0.0305616938,0.0013730005,0.1742955104,0.0005612524,0.0548591971,0.0013245227,0.0314121907,0.0006134802,0.9032886985,0.0014748305,80,96
0.0000000000,oracle_mechanism_retrieval,3,0.8113281250,0.0108107700,0.9677571662,0.0083567572,0.7568518125,0.0016380511,0.0415723584,0.0012353230,0.6935473200,0.0029053864,0.0303307838,0.0014023773,0.1743694562,0.0005954454,0.0546316544,0.0011707632,0.0314817127,0.0006102212,0.9035450535,0.0015159387,80,96
0.0000000000,oracle_mechanism_retrieval,4,0.8108072917,0.0107584806,0.9687300312,0.0086265646,0.7568212750,0.0016597403,0.0414204834,0.0011346435,0.6929898356,0.0028682773,0.0304575151,0.0013424773,0.1745017354,0.0005818352,0.0548055047,0.0011993515,0.0316973077,0.0006245930,0.9032301230,0.0015868402,80,96
0.0000000000,oracle_mechanism_retrieval,5,0.8067708333,0.0115191040,0.9651953763,0.0089487242,0.7566156500,0.0016112946,0.0416437959,0.0011309076,0.6929444821,0.0028450751,0.0303736407,0.0013255130,0.1745331583,0.0005496062,0.0548869701,0.0011755363,0.0317688307,0.0006169380,0.9031788242,0.0015588960,80,96
0.0000000000,oracle_mechanism_retrieval,6,0.8162760417,0.0108791889,0.9721486498,0.0086775898,0.7567602000,0.0015569885,0.0417420459,0.0012244751,0.6930785934,0.0028180570,0.0300372620,0.0013429893,0.1745250729,0.0005947674,0.0549595774,0.0011990511,0.0316132402,0.0005866752,0.9034631932,0.0015605911,80,96
0.0000000000,oracle_mechanism_retrieval,7,0.8118489583,0.0096116274,0.9702590458,0.0076197218,0.7556791375,0.0016042183,0.0417152334,0.0012574829,0.6935672568,0.0027570718,0.0299429101,0.0013036695,0.1744869271,0.0005540981,0.0551202249,0.0012364464,0.0318308362,0.0005710398,0.9030567170,0.0016001310,80,96
0.0000000000,oracle_mechanism_retrieval,8,0.8140625000,0.0102154379,0.9717319997,0.0081159263,0.7556486000,0.0015885481,0.0413132334,0.0012780083,0.6930185268,0.0028022731,0.0300029138,0.0013027457,0.1744308500,0.0005614172,0.0548824620,0.0013134163,0.0317422792,0.0005421552,0.9032570440,0.0016050342,80,96
0.0000000000,oracle_mechanism_retrieval,9,0.8071614583,0.0092168416,0.9684083340,0.0074353334,0.7549177125,0.0015439419,0.0410362959,0.0012876811,0.6933408571,0.0027844095,0.0300106220,0.0013265129,0.1747274896,0.0005427369,0.0550348479,0.0013536078,0.0318808357,0.0005444052,0.9033938392,0.0015709326,80,96
0.0000000000,proposed_mechanism_retrieval_controller_v4,0,0.7165364583,0.0106738522,0.7728430992,0.0113066443,0.6287160125,0.0015551577,0.1021727238,0.0015486452,0.5903314572,0.0029452535,0.0525981719,0.0013449435,0.2276335021,0.0005860593,0.0937094063,0.0012828819,0.0575080936,0.0005911113,0.7292037676,0.0016731116,80,96
0.0000000000,proposed_mechanism_retrieval_controller_v4,1,0.7085937500,0.0099662454,0.7645849432,0.0105841657,0.6284473000,0.0014776309,0.1021008488,0.0015726575,0.5900582603,0.0028880904,0.0529120969,0.0013634381,0.2279927250,0.0005838500,0.0934454895,0.0013002442,0.0574728186,0.0005776968,0.7292291331,0.0015665651,80,96
0.0000000000,proposed_mechanism_retrieval_controller_v4,2,0.7109375000,0.0102244730,0.7665445964,0.0112180477,0.6283536750,0.0015571635,0.1024041613,0.0015724267,0.5901221069,0.0029529283,0.0531421663,0.0013901894,0.2280578625,0.0006081184,0.0937926893,0.0013172395,0.0573685091,0.0005900194,0.7293460443,0.0015598566,80,96
0.0000000000,proposed_mechanism_retrieval_controller_v4,3,0.7072916667,0.0102508870,0.7627215019,0.0105800312,0.6275597000,0.0016856047,0.1020821613,0.0015677190,0.5902078394,0.0029659983,0.0534362763,0.0013167203,0.2281318167,0.0005918607,0.0939112562,0.0013461293,0.0574793071,0.0005810284,0.7295444963,0.0015407701,80,96
0.0000000000,proposed_mechanism_retrieval_controller_v4,4,0.7087239583,0.0106969991,0.7642491448,0.0113295471,0.6276411625,0.0016567672,0.1017601613,0.0016207329,0.5902935719,0.0029164088,0.0535639425,0.0013686396,0.2281346771,0.0005792067,0.0939297730,0.0013024561,0.0576651426,0.0005729157,0.7295128333,0.0015650201,80,96
0.0000000000,proposed_mechanism_retrieval_controller_v4,5,0.7123697917,0.0120321247,0.7681806888,0.0128171922,0.6275475375,0.0016021911,0.1018133488,0.0017110348,0.5905412603,0.0029063103,0.0533028407,0.0013907562,0.2279564729,0.0005844685,0.0937621580,0.0013645848,0.0579320186,0.0005799387,0.7295447021,0.0015696965,80,96
0.0000000000,proposed_mechanism_retrieval_controller_v4,6,0.7154947917,0.0117329449,0.7713864899,0.0128116811,0.6272788250,0.0016244122,0.1018665363,0.0016790179,0.5902636862,0.0027605951,0.0532011888,0.0014004856,0.2277105229,0.0005845089,0.0935039478,0.0013624745,0.0578237071,0.0005631659,0.7294625138,0.0015757987,80,96
0.0000000000,proposed_mechanism_retrieval_controller_v4,7,0.7138020833,0.0096979167,0.7697054764,0.0105091335,0.6282357250,0.0016210397,0.1020447863,0.0016654459,0.5898066475,0.0029138433,0.0531199725,0.0013841103,0.2278321708,0.0005705557,0.0932545957,0.0013302624,0.0580175466,0.0005707399,0.7292707708,0.0015012975,80,96
0.0000000000,proposed_mechanism_retrieval_controller_v4,8,0.7067708333,0.0122795771,0.7623839511,0.0129958070,0.6279670125,0.0015670039,0.1022230363,0.0016550926,0.5898748712,0.0029034135,0.0534350000,0.0013634526,0.2278784833,0.0005711063,0.0931958890,0.0013417731,0.0577611611,0.0006432465,0.7292811288,0.0014475201,80,96
0.0000000000,proposed_mechanism_retrieval_controller_v4,9,0.7037760417,0.0118016063,0.7592893319,0.0129783131,0.6278733875,0.0015913338,0.1022762238,0.0016671050,0.5899474722,0.0031209478,0.0535185419,0.0014503160,0.2280183604,0.0006258484,0.0931314756,0.0013132402,0.0577278871,0.0006386093,0.7293129976,0.0014204075,80,96
0.0000000000,retrieved_context_behavior_clone,0,0.6236979167,0.0134548139,0.5201347506,0.0148709001,0.4872238250,0.0016087186,0.2501445252,0.0025265766,0.4482589316,0.0029947072,0.0960360043,0.0015123735,0.2161483042,0.0006690241,0.1544698929,0.0013797919,0.1029019299,0.0006432983,0.6939668845,0.0016087498,80,96
0.0000000000,retrieved_context_behavior_clone,1,0.6123697917,0.0128598833,0.5080565802,0.0141013693,0.4865349375,0.0016564995,0.2506479627,0.0024863803,0.4480706863,0.0029358907,0.0965712136,0.0014771108,0.2159996604,0.0006833996,0.1548906860,0.0013561880,0.1027708224,0.0006792141,0.6938841172,0.0015587892,80,96
0.0000000000,retrieved_context_behavior_clone,2,0.6342447917,0.0134234965,0.5307408793,0.0150203703,0.4867214875,0.0016340102,0.2501509002,0.0024680413,0.4480925460,0.0029277768,0.0958384318,0.0014903769,0.2157613604,0.0006925348,0.1547624247,0.0013630159,0.1026987444,0.0006411270,0.6940314650,0.0016420962,80,96
0.0000000000,retrieved_context_behavior_clone,3,0.6213541667,0.0140012018,0.5173486862,0.0157757721,0.4867329500,0.0017085884,0.2504042127,0.0025286492,0.4479130551,0.0029679161,0.0963092199,0.0014928525,0.2158597042,0.0006318068,0.1548716546,0.0012926929,0.1028637849,0.0005842474,0.6941197832,0.0015812045,80,96
0.0000000000,retrieved_context_behavior_clone,4,0.6101562500,0.0127314386,0.5057527165,0.0144063850,0.4865693250,0.0017000997,0.2506575252,0.0025999729,0.4480837391,0.0029781180,0.0965994643,0.0015101638,0.2160093875,0.0006126361,0.1551746813,0.0013158985,0.1029537879,0.0005950394,0.6943941945,0.0016258757,80,96
0.0000000000,retrieved_context_behavior_clone,5,0.6153645833,0.0117620348,0.5115196502,0.0135129140,0.4865807875,0.0017011439,0.2502855252,0.0026321253,0.4486264841,0.0029957671,0.0963255118,0.0014959501,0.2162295333,0.0006173879,0.1545424219,0.0013389994,0.1030337859,0.0005721709,0.6941198315,0.0016366890,80,96
0.0000000000,retrieved_context_behavior_clone,6,0.6187500000,0.0144486369,0.5149059171,0.0156844788,0.4869424250,0.0016258740,0.2499135252,0.0025425773,0.4475934416,0.0027457561,0.0961594093,0.0014939305,0.2161750500,0.0006415224,0.1548389767,0.0013568524,0.1032638589,0.0005843482,0.6943737325,0.0015814115,80,96
0.0000000000,retrieved_context_behavior_clone,7,0.6272135417,0.0126895043,0.5235083767,0.0139919332,0.4871289750,0.0015006366,0.2502919002,0.0024768639,0.4477597485,0.0026919237,0.0959544268,0.0014987430,0.2160494729,0.0005940445,0.1545474100,0.0013712167,0.1032808254,0.0005927689,0.6944685540,0.0015174886,80,96
0.0000000000,retrieved_context_behavior_clone,8,0.6175781250,0.0116743358,0.5136079886,0.0132710742,0.4869653500,0.0013943204,0.2504201502,0.0024272745,0.4482849847,0.0027491837,0.0962828293,0.0014574208,0.2162523187,0.0005922411,0.1547383770,0.0014239914,0.1032187524,0.0006291980,0.6942502190,0.0014807776,80,96
0.0000000000,retrieved_context_behavior_clone,9,0.6342447917,0.0128203307,0.5303198428,0.0139952414,0.4868017250,0.0014014468,0.2505484002,0.0024412413,0.4474095210,0.0028652650,0.0958376443,0.0014497580,0.2160118979,0.0005837645,0.1547544566,0.0014096107,0.1031566794,0.0006228962,0.6939318340,0.0015498951,80,96
0.0000000000,test_time_retrieval_adaptation,0,0.6562500000,0.0114737813,0.6307010661,0.0126510765,0.5677444125,0.0015107722,0.1513538392,0.0018976367,0.5344535806,0.0028539317,0.0686825062,0.0014271212,0.2872577625,0.0005528817,0.1217699083,0.0013183827,0.0707557539,0.0005899336,0.6169860726,0.0015030135,80,96
0.0000000000,test_time_retrieval_adaptation,1,0.6464843750,0.0090314251,0.6207451764,0.0103286605,0.5679169625,0.0015055278,0.1512219642,0.0019025960,0.5342735713,0.0028351009,0.0689140062,0.0013964804,0.2873813937,0.0005336227,0.1219538641,0.0013051532,0.0704584064,0.0006245711,0.6165020891,0.0015392996,80,96
0.0000000000,test_time_retrieval_adaptation,2,0.6514322917,0.0118967894,0.6255469485,0.0130053082,0.5682646000,0.0014595776,0.1514652767,0.0018496924,0.5340804303,0.0028956622,0.0689819631,0.0014207968,0.2875991854,0.0005510642,0.1216546897,0.0013252685,0.0704672119,0.0006111785,0.6162097014,0.0015084512,80,96
0.0000000000,test_time_retrieval_adaptation,3,0.6419270833,0.0124039612,0.6158683037,0.0129198776,0.5686122375,0.0014141483,0.1517085892,0.0018324940,0.5338872894,0.0030329894,0.0689348887,0.0012920287,0.2877942083,0.0005254992,0.1217557153,0.0013687637,0.0702509049,0.0006046276,0.6166176636,0.0015211939,80,96
0.0000000000,test_time_retrieval_adaptation,4,0.6494791667,0.0126708114,0.6240144951,0.0140106302,0.5684346125,0.0015136462,0.1510764642,0.0018480137,0.5346002263,0.0030411296,0.0685945400,0.0013318699,0.2879005042,0.0005911965,0.1218010368,0.0014274948,0.0703207409,0.0006126802,0.6166359311,0.0015646233,80,96
0.0000000000,test_time_retrieval_adaptation,5,0.6412760417,0.0124700852,0.6153349636,0.0132934967,0.5682569875,0.0015966782,0.1513197767,0.0018911281,0.5342319978,0.0031251876,0.0688241781,0.0012889147,0.2882273729,0.0005503507,0.1218051640,0.0014164948,0.0702545089,0.0005719868,0.6166016724,0.0016065573,80,96
0.0000000000,test_time_retrieval_adaptation,6,0.6545572917,0.0121192414,0.6290426857,0.0134813015,0.5680793625,0.0016344242,0.1509377767,0.0019200899,0.5349361803,0.0031363117,0.0686983631,0.0013946907,0.2881784229,0.0005550710,0.1217618487,0.0013917500,0.0702533094,0.0005614515,0.6169050824,0.0016005022,80,96
0.0000000000,test_time_retrieval_adaptation,7,0.6428385417,0.0117531646,0.6167080766,0.0124739079,0.5672013875,0.0014774844,0.1511810892,0.0019938804,0.5340426894,0.0030750338,0.0689162450,0.0014134507,0.2882543604,0.0005728075,0.1217754306,0.0014380460,0.0702621149,0.0005491829,0.6162144956,0.0015720351,80,96
0.0000000000,test_time_retrieval_adaptation,8,0.6382812500,0.0113057033,0.6124450318,0.0118321480,0.5673739375,0.0015253229,0.1511742767,0.0019738919,0.5347337403,0.0030445341,0.0689126744,0.0013224791,0.2880799625,0.0005361274,0.1216491851,0.0013912165,0.0704169934,0.0005826268,0.6165234084,0.0015530062,80,96
0.0000000000,test_time_retrieval_adaptation,9,0.6510416667,0.0129432446,0.6253961888,0.0134457810,0.5677215750,0.0015674466,0.1512925267,0.0019068760,0.5348951516,0.0029841506,0.0686811769,0.0013921266,0.2878882292,0.0005719906,0.1218382510,0.0013803384,0.0704988354,0.0006355321,0.6163385744,0.0015236379,80,96
0.2000000000,action_conditioned_mechanism_retrieval_v5,0,0.7592447917,0.0106447704,0.8585043270,0.0108457699,0.6813288525,0.0015644706,0.0771542343,0.0011544505,0.6446085948,0.0030142546,0.0456399777,0.0011181295,0.2165774529,0.0005499502,0.0828420258,0.0011463970,0.0473395062,0.0005512839,0.7827022041,0.0013859695,80,96
0.2000000000,action_conditioned_mechanism_retrieval_v5,1,0.7458333333,0.0120764785,0.8446170877,0.0125566056,0.6814033150,0.0014631785,0.0773274843,0.0012064472,0.6437945560,0.0030193204,0.0458413864,0.0011692111,0.2168601633,0.0005263049,0.0827949748,0.0010785549,0.0476053032,0.0005553596,0.7829364161,0.0013796920,80,96
0.2000000000,action_conditioned_mechanism_retrieval_v5,2,0.7496093750,0.0112499620,0.8488668554,0.0116868136,0.6818279525,0.0014211279,0.0768754218,0.0012796449,0.6438778407,0.0030545844,0.0455395733,0.0011013988,0.2168272112,0.0005753170,0.0828036828,0.0011029884,0.0476359827,0.0005589074,0.7830360609,0.0014438646,80,96
0.2000000000,action_conditioned_mechanism_retrieval_v5,3,0.7480468750,0.0113819788,0.8472177994,0.0120597694,0.6817273275,0.0013610959,0.0774238593,0.0013106692,0.6442762829,0.0030131816,0.0456290014,0.0011849404,0.2167189237,0.0005562052,0.0824515406,0.0011890927,0.0476826702,0.0005331726,0.7830336546,0.0013853563,80,96
0.2000000000,action_conditioned_mechanism_retrieval_v5,4,0.7533854167,0.0094205491,0.8524642088,0.0098984243,0.6819768775,0.0013721993,0.0774720468,0.0012765492,0.6441669714,0.0029062911,0.0455591933,0.0011882037,0.2167391342,0.0005383030,0.0828864266,0.0011534748,0.0475712787,0.0005673176,0.7830892774,0.0013496311,80,96
0.2000000000,action_conditioned_mechanism_retrieval_v5,5,0.7608072917,0.0111380127,0.8596205737,0.0117536191,0.6817011650,0.0014302880,0.0772701093,0.0013079685,0.6431909767,0.0028222846,0.0455844514,0.0011337258,0.2168052154,0.0005404066,0.0830255073,0.0011866213,0.0475309227,0.0005741033,0.7830178366,0.0012654411,80,96
0.2000000000,action_conditioned_mechanism_retrieval_v5,6,0.7444010417,0.0108530886,0.8429930851,0.0114200421,0.6814254525,0.0013891054,0.0773182968,0.0013145538,0.6434318401,0.0028300115,0.0457559745,0.0011535785,0.2170548154,0.0005415778,0.0831539402,0.0011882536,0.0474945687,0.0006061872,0.7834316384,0.0012317474,80,96
0.2000000000,action_conditioned_mechanism_retrieval_v5,7,0.7500000000,0.0106695645,0.8489171697,0.0111313674,0.6814999150,0.0012594384,0.0773664843,0.0013854439,0.6433225285,0.0026595723,0.0453813289,0.0011425604,0.2166961925,0.0005221219,0.0830885763,0.0011760517,0.0473081397,0.0006186543,0.7828729541,0.0012780504,80,96
0.2000000000,action_conditioned_mechanism_retrieval_v5,8,0.7522135417,0.0111749619,0.8511653409,0.0115489709,0.6813992900,0.0013527666,0.0770394843,0.0013162787,0.6434014360,0.0026737714,0.0454915827,0.0011517030,0.2166851154,0.0004922784,0.0833030909,0.0011634794,0.0471907452,0.0005598978,0.7831231741,0.0012707072,80,96
0.2000000000,action_conditioned_mechanism_retrieval_v5,9,0.7584635417,0.0113993498,0.8579810884,0.0117504091,0.6814737525,0.0013228884,0.0765874218,0.0012257601,0.6434847207,0.0027916631,0.0451452383,0.0011493926,0.2163924154,0.0005035970,0.0832117490,0.0011409655,0.0473714997,0.0005169324,0.7832948549,0.0012367308,80,96
0.2000000000,conformal_retrieval_filter,0,0.6113281250,0.0135145777,0.5608655690,0.0142158892,0.5353180025,0.0014531064,0.1798968171,0.0017150660,0.5043591544,0.0027538591,0.0770387959,0.0012399870,0.2607426362,0.0005622067,0.1371827820,0.0011358966,0.0811543501,0.0005187309,0.5901837312,0.0014588402,80,96
0.2000000000,conformal_retrieval_filter,1,0.6104166667,0.0133723297,0.5597689697,0.0143292356,0.5347622025,0.0013331156,0.1798700046,0.0017161987,0.5037972928,0.0027315026,0.0771062753,0.0012371878,0.2607303092,0.0005682751,0.1369621389,0.0011705712,0.0812969086,0.0005115077,0.5901194259,0.0014426507,80,96
0.2000000000,conformal_retrieval_filter,2,0.6022135417,0.0140810270,0.5516009874,0.0148355639,0.5347316650,0.0014127325,0.1794680046,0.0017814248,0.5041240003,0.0028894822,0.0772787416,0.0012440368,0.2609701404,0.0005322036,0.1371088182,0.0012286896,0.0812083516,0.0004802406,0.5904198029,0.0014124940,80,96
0.2000000000,conformal_retrieval_filter,3,0.6082031250,0.0105420395,0.5574952703,0.0113684494,0.5345260400,0.0013148058,0.1799414421,0.0017781385,0.5042449800,0.0029790521,0.0771069447,0.0010946235,0.2607861613,0.0005606573,0.1372985953,0.0012439519,0.0812838766,0.0005050209,0.5903534967,0.0013798322,80,96
0.2000000000,conformal_retrieval_filter,4,0.6045572917,0.0127245402,0.5536353861,0.0137426805,0.5344955025,0.0014142832,0.1800396921,0.0018175615,0.5042040038,0.0030530769,0.0772323972,0.0011720516,0.2608871529,0.0006130530,0.1374744041,0.0012386139,0.0809782111,0.0005605765,0.5900235587,0.0013815693,80,96
0.2000000000,conformal_retrieval_filter,5,0.6033854167,0.0124167162,0.5526630185,0.0132615673,0.5349902275,0.0014364522,0.1796376921,0.0018638569,0.5043556238,0.0031272655,0.0772783009,0.0011455101,0.2610285467,0.0005971290,0.1375241849,0.0012382494,0.0811147666,0.0005847139,0.5897656567,0.0013277194,80,96
0.2000000000,conformal_retrieval_filter,6,0.6118489583,0.0117337881,0.5611939010,0.0126724950,0.5346095150,0.0013734660,0.1798610046,0.0019021440,0.5043102703,0.0031335629,0.0771945391,0.0011720817,0.2606598571,0.0005969544,0.1373055003,0.0012402967,0.0811112521,0.0006189116,0.5901005509,0.0013257730,80,96
0.2000000000,conformal_retrieval_filter,7,0.6065104167,0.0138728350,0.5556679965,0.0149427900,0.5352793275,0.0013300361,0.1799592546,0.0018713499,0.5042692941,0.0030390601,0.0774254978,0.0012451744,0.2607845467,0.0006186508,0.1374813092,0.0012445477,0.0810306991,0.0006292929,0.5903268909,0.0013174724,80,96
0.2000000000,conformal_retrieval_filter,8,0.6061197917,0.0118197557,0.5555573468,0.0128710047,0.5354238775,0.0013160490,0.1798073796,0.0018549381,0.5042370722,0.0029165989,0.0772497353,0.0012674649,0.2607649279,0.0005919007,0.1371454548,0.0012298170,0.0807210316,0.0006399223,0.5899259174,0.0012344027,80,96
0.2000000000,conformal_retrieval_filter,9,0.6157552083,0.0117632614,0.5651246162,0.0123267517,0.5360936900,0.0013202098,0.1801557546,0.0017688468,0.5040122541,0.0029749764,0.0773037091,0.0012203541,0.2606799821,0.0005153155,0.1369356284,0.0011646834,0.0808695931,0.0006128092,0.5902372999,0.0012230570,80,96
0.2000000000,contrastive_mechanism_memory,0,0.6572916667,0.0113559087,0.6609549330,0.0119231258,0.5916136650,0.0013732228,0.1360283032,0.0016152591,0.5589459149,0.0028400210,0.0662534187,0.0012075963,0.2571072092,0.0005216789,0.1173764872,0.0011651264,0.0676384914,0.0005977152,0.6572487950,0.0012706855,80,96
0.2000000000,contrastive_mechanism_memory,1,0.6670572917,0.0124679693,0.6709576317,0.0129337968,0.5917722150,0.0013184900,0.1361365532,0.0015847746,0.5592687636,0.0028437883,0.0662192025,0.0012070804,0.2568763654,0.0005151910,0.1170539471,0.0010284101,0.0673389859,0.0005763303,0.6573415840,0.0012582218,80,96
0.2000000000,contrastive_mechanism_memory,2,0.6604166667,0.0126212639,0.6640278188,0.0135352977,0.5914055025,0.0014367360,0.1362448032,0.0015623098,0.5587161749,0.0029982824,0.0661801487,0.0013329185,0.2571003217,0.0005523092,0.1170473150,0.0011008935,0.0674146679,0.0005724083,0.6572923020,0.0012876337,80,96
0.2000000000,contrastive_mechanism_memory,3,0.6654947917,0.0114449673,0.6691158804,0.0121609534,0.5915640525,0.0014468766,0.1361029282,0.0015294641,0.5583474280,0.0032331715,0.0662127987,0.0012715557,0.2569351029,0.0004942208,0.1171261681,0.0010980184,0.0670361229,0.0005919246,0.6571999985,0.0012310437,80,96
0.2000000000,contrastive_mechanism_memory,4,0.6533854167,0.0118190930,0.6568300218,0.0121651492,0.5920727775,0.0015023589,0.1363362407,0.0015387266,0.5584908121,0.0031182817,0.0664310119,0.0012674319,0.2570855467,0.0005001966,0.1171126362,0.0010372031,0.0671888434,0.0005767370,0.6572132478,0.0012961129,80,96
0.2000000000,contrastive_mechanism_memory,5,0.6665364583,0.0138467510,0.6701758436,0.0145523459,0.5918811525,0.0015607458,0.1363194282,0.0014406228,0.5588180380,0.0030786393,0.0662520662,0.0013011241,0.2569573821,0.0005548534,0.1171845896,0.0010338309,0.0672625244,0.0005380220,0.6573855765,0.0012708316,80,96
0.2000000000,contrastive_mechanism_memory,6,0.6582031250,0.0097934679,0.6619437136,0.0105511200,0.5922147900,0.0015841489,0.1358023657,0.0013576334,0.5586375102,0.0029349434,0.0663497844,0.0011798634,0.2570549612,0.0005755258,0.1173432213,0.0010888195,0.0672531639,0.0005166600,0.6574298413,0.0013106553,80,96
0.2000000000,contrastive_mechanism_memory,7,0.6582031250,0.0117357553,0.6617770704,0.0124313907,0.5916729900,0.0015699243,0.1359106157,0.0013337334,0.5586101839,0.0029502958,0.0663412744,0.0011476873,0.2571859488,0.0005828397,0.1173271344,0.0011276217,0.0671787709,0.0005364754,0.6574666023,0.0013031455,80,96
0.2000000000,contrastive_mechanism_memory,8,0.6639322917,0.0125065268,0.6676427699,0.0133054764,0.5918315400,0.0014630187,0.1361439282,0.0013282483,0.5585784805,0.0028979572,0.0662383937,0.0011237260,0.2569365779,0.0006551271,0.1170166041,0.0011348550,0.0671814164,0.0004922661,0.6574518375,0.0013744516,80,96
0.2000000000,contrastive_mechanism_memory,9,0.6627604167,0.0104090726,0.6664200153,0.0108800456,0.5914648275,0.0013585462,0.1362521782,0.0014425538,0.5583760668,0.0028572268,0.0662509775,0.0011133266,0.2567838217,0.0005606790,0.1168035688,0.0011637940,0.0674071734,0.0004812338,0.6571024055,0.0014094876,80,96
0.2000000000,invariant_mechanism_alignment,0,0.6427083333,0.0130770808,0.6282019142,0.0140591775,0.5757970650,0.0014427026,0.1478792074,0.0015448016,0.5436167082,0.0031401697,0.0692232695,0.0012151041,0.2663723508,0.0005606347,0.1245230036,0.0010762013,0.0716153683,0.0005056757,0.6299211128,0.0013192358,80,96
0.2000000000,invariant_mechanism_alignment,1,0.6455729167,0.0131754397,0.6312780735,0.0139955162,0.5756124400,0.0014363427,0.1479924574,0.0015051446,0.5439463820,0.0031308624,0.0690915095,0.0011963610,0.2661660842,0.0005319836,0.1243046157,0.0011084791,0.0716941303,0.0005155177,0.6302902978,0.0013117851,80,96
0.2000000000,invariant_mechanism_alignment,2,0.6401041667,0.0126905763,0.6256458419,0.0133357799,0.5757779900,0.0013588859,0.1479806449,0.0014982072,0.5434049954,0.0029747300,0.0693261076,0.0011751341,0.2660014467,0.0005372504,0.1241963291,0.0011655789,0.0713957038,0.0005529474,0.6302948005,0.0012842836,80,96
0.2000000000,invariant_mechanism_alignment,3,0.6346354167,0.0144676826,0.6197635311,0.0153485195,0.5757684525,0.0013846321,0.1483440199,0.0014667985,0.5435508273,0.0029088156,0.0695119314,0.0012152225,0.2663620717,0.0005760413,0.1243927060,0.0012118035,0.0714784678,0.0005989806,0.6302627850,0.0013127839,80,96
0.2000000000,invariant_mechanism_alignment,4,0.6401041667,0.0115933001,0.6250946373,0.0125147387,0.5754087400,0.0013967177,0.1480820824,0.0014095322,0.5431932826,0.0029827985,0.0696822208,0.0011802576,0.2664194967,0.0005733173,0.1243699046,0.0012076985,0.0716262643,0.0006107084,0.6303403243,0.0013470842,80,96
0.2000000000,invariant_mechanism_alignment,5,0.6339843750,0.0120225280,0.6188623869,0.0125851127,0.5750490275,0.0013530775,0.1483203949,0.0014153131,0.5433434917,0.0028436801,0.0700210839,0.0011308939,0.2661889363,0.0006042247,0.1238602249,0.0012064793,0.0713318398,0.0005379833,0.6302877985,0.0013495801,80,96
0.2000000000,invariant_mechanism_alignment,6,0.6428385417,0.0127232442,0.6281792210,0.0136840984,0.5753896650,0.0014601681,0.1478083324,0.0015199936,0.5435199639,0.0028036031,0.0698878145,0.0011581056,0.2662740029,0.0006263455,0.1235164056,0.0012040665,0.0713255593,0.0005766703,0.6307365233,0.0014033536,80,96
0.2000000000,invariant_mechanism_alignment,7,0.6498697917,0.0131730303,0.6349230388,0.0144503258,0.5753801275,0.0014371978,0.1480466449,0.0016010212,0.5426196479,0.0027978675,0.0699149214,0.0011911914,0.2661594779,0.0006466868,0.1234258354,0.0012011243,0.0714063223,0.0005165002,0.6304118615,0.0014509786,80,96
0.2000000000,invariant_mechanism_alignment,8,0.6483072917,0.0131115526,0.6336993428,0.0141563337,0.5757207650,0.0015133363,0.1479097699,0.0016699863,0.5426079011,0.0027060847,0.0696202276,0.0012250929,0.2660902279,0.0006288032,0.1233023874,0.0011858119,0.0715561198,0.0005471117,0.6307380250,0.0014560310,80,96
0.2000000000,invariant_mechanism_alignment,9,0.6502604167,0.0131293040,0.6356732041,0.0140475525,0.5760614025,0.0015146288,0.1480230199,0.0016608943,0.5427624873,0.0026833874,0.0695048739,0.0012372850,0.2662719092,0.0005829982,0.1233873011,0.0011321507,0.0717849568,0.0005421983,0.6303488310,0.0014220035,80,96
0.2000000000,learned_expected_utility_retrieval,0,0.6766927083,0.0136111077,0.6804152430,0.0141561753,0.5973963150,0.0014526885,0.1307488915,0.0014874476,0.5706368818,0.0029337430,0.0646213787,0.0012395707,0.2806321196,0.0004691337,0.1136439262,0.0012183164,0.0652158833,0.0005489867,0.6679172217,0.0014009469,80,96
0.2000000000,learned_expected_utility_retrieval,1,0.6796875000,0.0126728934,0.6832274393,0.0133238297,0.5972466900,0.0013553650,0.1308871415,0.0014961280,0.5704754180,0.0029457439,0.0646540999,0.0012554249,0.2807391800,0.0004813933,0.1136556038,0.0012438666,0.0655351578,0.0005596838,0.6678074567,0.0012951445,80,96
0.2000000000,learned_expected_utility_retrieval,2,0.6680989583,0.0111929489,0.6710222836,0.0116583817,0.5967468900,0.0012854513,0.1312755165,0.0014515092,0.5694297624,0.0027602486,0.0648167549,0.0011851819,0.2809003321,0.0005013893,0.1134943525,0.0011207012,0.0652581343,0.0005743106,0.6677547202,0.0012968732,80,96
0.2000000000,learned_expected_utility_retrieval,3,0.6807291667,0.0115087930,0.6840835693,0.0119435607,0.5971225275,0.0012764404,0.1309135165,0.0014183456,0.5698110699,0.0029468488,0.0646410212,0.0011182457,0.2808724967,0.0005090252,0.1134737490,0.0011782604,0.0654943673,0.0005326496,0.6682172412,0.0012904673,80,96
0.2000000000,learned_expected_utility_retrieval,4,0.6686197917,0.0106886720,0.6714738987,0.0113494795,0.5967978150,0.0013814688,0.1310517665,0.0014164095,0.5692994312,0.0028816267,0.0650206549,0.0011465399,0.2808908654,0.0005657437,0.1135917797,0.0010783449,0.0655885293,0.0005058118,0.6681935192,0.0013155382,80,96
0.2000000000,learned_expected_utility_retrieval,5,0.6671875000,0.0128506802,0.6705225138,0.0138145794,0.5973485400,0.0014428720,0.1305647040,0.0015239942,0.5695100284,0.0028515997,0.0647141043,0.0012433074,0.2809848675,0.0006184412,0.1136686712,0.0011561564,0.0654475738,0.0005319493,0.6684774510,0.0013970548,80,96
0.2000000000,learned_expected_utility_retrieval,6,0.6718750000,0.0133594997,0.6754144511,0.0140098764,0.5975490900,0.0014651219,0.1302027040,0.0014920138,0.5698913359,0.0029548020,0.0646813393,0.0012132655,0.2809931925,0.0005953347,0.1140482676,0.0011210344,0.0653836568,0.0005618046,0.6684257150,0.0014019888,80,96
0.2000000000,learned_expected_utility_retrieval,7,0.6782552083,0.0111649238,0.6819711090,0.0117042876,0.5977496400,0.0014436753,0.1302158915,0.0014758690,0.5700844243,0.0029389227,0.0646443687,0.0012143126,0.2810528571,0.0006054844,0.1136477355,0.0011080508,0.0653257428,0.0005411780,0.6685515677,0.0014100701,80,96
0.2000000000,learned_expected_utility_retrieval,8,0.6734375000,0.0105082396,0.6771854185,0.0111163397,0.5981252775,0.0014746321,0.1302290790,0.0015428957,0.5697522502,0.0029160014,0.0643587355,0.0011849794,0.2811192175,0.0005724492,0.1139570081,0.0011444946,0.0651177538,0.0005764724,0.6679910775,0.0013581642,80,96
0.2000000000,learned_expected_utility_retrieval,9,0.6789062500,0.0120774342,0.6825099834,0.0126275761,0.5978005650,0.0013605596,0.1306174540,0.0015257066,0.5697571196,0.0029629078,0.0644394718,0.0012012942,0.2807414175,0.0005467996,0.1139769473,0.0012034925,0.0649157678,0.0005493349,0.6678522980,0.0013371773,80,96
0.2000000000,model_predictive_retrieval_arbitration,0,0.6796875000,0.0115282616,0.6969735050,0.0120347128,0.6089610025,0.0013574764,0.1228411711,0.0014720017,0.5813817395,0.0029278478,0.0620783570,0.0011435049,0.2727632925,0.0005483074,0.1078804214,0.0011754303,0.0629855972,0.0005712230,0.6844131099,0.0013305090,80,96
0.2000000000,model_predictive_retrieval_arbitration,1,0.6792968750,0.0119120256,0.6965745948,0.0124984121,0.6091895525,0.0013077051,0.1228743586,0.0014962115,0.5810768654,0.0030617979,0.0621016239,0.0011438551,0.2726295988,0.0005717759,0.1078059026,0.0012096825,0.0633151907,0.0005885288,0.6846560527,0.0013345822,80,96
0.2000000000,model_predictive_retrieval_arbitration,2,0.6897135417,0.0091066966,0.7071046680,0.0095483101,0.6094181025,0.0012966102,0.1231576711,0.0014398626,0.5812884995,0.0029524834,0.0619478682,0.0011240001,0.2723446029,0.0005783127,0.1079334422,0.0011855060,0.0634236737,0.0005783247,0.6844837879,0.0012970289,80,96
0.2000000000,model_predictive_retrieval_arbitration,3,0.6795572917,0.0123392869,0.6970283058,0.0130275787,0.6098217400,0.0013211618,0.1228156711,0.0014757403,0.5816971070,0.0029627605,0.0621206532,0.0012065411,0.2724977029,0.0005985992,0.1082293973,0.0011937692,0.0632220017,0.0005932081,0.6843630489,0.0012803183,80,96
0.2000000000,model_predictive_retrieval_arbitration,4,0.6833333333,0.0119502037,0.7007262438,0.0125489701,0.6100502900,0.0013662308,0.1230989836,0.0014534540,0.5815585661,0.0029730545,0.0620864289,0.0012542862,0.2724557508,0.0005119423,0.1081631401,0.0011763665,0.0633304847,0.0005964547,0.6844909342,0.0013067848,80,96
0.2000000000,model_predictive_retrieval_arbitration,5,0.6792968750,0.0109302975,0.6965051500,0.0115706002,0.6101037525,0.0013883003,0.1230071086,0.0014527717,0.5809078942,0.0029528128,0.0619414539,0.0012783238,0.2728233238,0.0005013768,0.1082893178,0.0011017866,0.0632828897,0.0006317826,0.6845272737,0.0013842820,80,96
0.2000000000,model_predictive_retrieval_arbitration,6,0.6873697917,0.0114593653,0.7047747178,0.0122033323,0.6098070400,0.0014480199,0.1230402961,0.0014466252,0.5811282826,0.0028986338,0.0616623020,0.0012297209,0.2727212154,0.0004687125,0.1083053942,0.0011228843,0.0633873707,0.0006356810,0.6845280954,0.0012870176,80,96
0.2000000000,model_predictive_retrieval_arbitration,7,0.6787760417,0.0102948266,0.6956912193,0.0108889977,0.6093352400,0.0014801275,0.1231985461,0.0014186978,0.5806439439,0.0027947267,0.0619170170,0.0012016386,0.2730025154,0.0005071986,0.1082397336,0.0010479909,0.0628935527,0.0005431344,0.6845074064,0.0013246213,80,96
0.2000000000,model_predictive_retrieval_arbitration,8,0.6796875000,0.0126050537,0.6968406339,0.0135918930,0.6092136150,0.0014588869,0.1228565461,0.0013787249,0.5807023764,0.0027020411,0.0618155457,0.0012751676,0.2729256300,0.0005406154,0.1082418418,0.0010975730,0.0629920307,0.0005303327,0.6845447464,0.0013194785,80,96
0.2000000000,model_predictive_retrieval_arbitration,9,0.6717447917,0.0117968550,0.6887383891,0.0120987757,0.6094421650,0.0014528110,0.1228897336,0.0013567831,0.5810978523,0.0028671660,0.0621998626,0.0011969841,0.2730477404,0.0005553941,0.1082547667,0.0010186463,0.0629464367,0.0005213328,0.6846876392,0.0013331638,80,96
0.2000000000,oracle_mechanism_retrieval,0,0.7977864583,0.0101804728,0.9541059796,0.0092170118,0.7499795025,0.0013519368,0.0459624701,0.0011289858,0.6886787440,0.0029959548,0.0336925667,0.0011566090,0.1778512696,0.0004743911,0.0624514338,0.0011399142,0.0356766755,0.0006005523,0.8902824120,0.0011995666,80,96
0.2000000000,oracle_mechanism_retrieval,1,0.8105468750,0.0099338892,0.9637175103,0.0082344065,0.7504742275,0.0014207531,0.0456855326,0.0010143130,0.6891761619,0.0029809145,0.0335714810,0.0011645722,0.1776475363,0.0005030977,0.0625006181,0.0011095655,0.0356651570,0.0005990784,0.8905172562,0.0011763068,80,96
0.2000000000,oracle_mechanism_retrieval,2,0.8016927083,0.0093479375,0.9570403354,0.0083990117,0.7506187775,0.0015226907,0.0456587201,0.0010245037,0.6889644753,0.0029289097,0.0337819292,0.0011856550,0.1778214446,0.0005360530,0.0625738218,0.0011433711,0.0356576405,0.0005404632,0.8904089290,0.0012619220,80,96
0.2000000000,oracle_mechanism_retrieval,3,0.8055989583,0.0108409275,0.9581364437,0.0093168518,0.7504131525,0.0014809130,0.0457569701,0.0010697030,0.6890985865,0.0028767352,0.0335463317,0.0012150344,0.1778917446,0.0005503394,0.0623462791,0.0009772833,0.0357271625,0.0005417866,0.8906652840,0.0013056290,80,96
0.2000000000,oracle_mechanism_retrieval,4,0.8042968750,0.0107845041,0.9580120234,0.0095834722,0.7503826150,0.0014866209,0.0456050951,0.0009717057,0.6885411022,0.0028395510,0.0336871254,0.0011618702,0.1780349613,0.0005444522,0.0625201294,0.0010181171,0.0359427575,0.0005607472,0.8903503535,0.0013866375,80,96
0.2000000000,oracle_mechanism_retrieval,5,0.8009114583,0.0114909776,0.9546128169,0.0096873343,0.7501769900,0.0014402945,0.0458284076,0.0009768926,0.6884957487,0.0028120001,0.0335915323,0.0011447591,0.1780572696,0.0005029467,0.0626015949,0.0010005044,0.0360142805,0.0005587979,0.8902990547,0.0013637252,80,96
0.2000000000,oracle_mechanism_retrieval,6,0.8098958333,0.0110192794,0.9625499447,0.0097364009,0.7503215400,0.0013663557,0.0459266576,0.0010482596,0.6886298600,0.0027885702,0.0332645285,0.0011648590,0.1780564758,0.0005571974,0.0626742021,0.0010378485,0.0358586900,0.0005350264,0.8905834237,0.0013584639,80,96
0.2000000000,oracle_mechanism_retrieval,7,0.8065104167,0.0098517597,0.9597480322,0.0084294881,0.7492404775,0.0014360421,0.0458998451,0.0010997724,0.6891185234,0.0027252738,0.0331514267,0.0011184940,0.1780037467,0.0005213488,0.0628348496,0.0010882259,0.0360762860,0.0005211522,0.8901769475,0.0014056024,80,96
0.2000000000,oracle_mechanism_retrieval,8,0.8084635417,0.0104034872,0.9620626419,0.0091802255,0.7492099400,0.0014284127,0.0454978451,0.0011217341,0.6885697934,0.0027714597,0.0332161179,0.0011107244,0.1779513154,0.0005260855,0.0625970867,0.0011536270,0.0359877290,0.0004988220,0.8903772745,0.0014055541,80,96
0.2000000000,oracle_mechanism_retrieval,9,0.8010416667,0.0092497452,0.9570097490,0.0082443225,0.7484790525,0.0013752690,0.0452209076,0.0011502268,0.6888921237,0.0027511171,0.0332332010,0.0011204748,0.1782552467,0.0005074399,0.0627494726,0.0011709665,0.0361262855,0.0005058449,0.8905140697,0.0013796608,80,96
0.2000000000,proposed_mechanism_retrieval_controller_v4,0,0.6983072917,0.0115450912,0.7442330635,0.0120214001,0.6222773525,0.0013833013,0.1086143736,0.0013579268,0.5858037274,0.0029120574,0.0561967124,0.0011604807,0.2313307904,0.0005498312,0.1015270197,0.0011236300,0.0617896560,0.0005419145,0.7161885758,0.0014613450,80,96
0.2000000000,proposed_mechanism_retrieval_controller_v4,1,0.6924479167,0.0110698901,0.7380906575,0.0116225429,0.6220086400,0.0013018988,0.1085424986,0.0014017496,0.5855305306,0.0028628140,0.0564731374,0.0011935468,0.2316608467,0.0005605644,0.1012631029,0.0011438253,0.0617543810,0.0005358099,0.7162139413,0.0013650053,80,96
0.2000000000,proposed_mechanism_retrieval_controller_v4,2,0.7014322917,0.0100713707,0.7467942638,0.0109957594,0.6219150150,0.0013700314,0.1088458111,0.0013863733,0.5855943771,0.0029240502,0.0565836755,0.0011885241,0.2316330154,0.0005723378,0.1016103027,0.0011491529,0.0616500715,0.0005464212,0.7163308525,0.0013469705,80,96
0.2000000000,proposed_mechanism_retrieval_controller_v4,3,0.6967447917,0.0100125871,0.7419132943,0.0104167584,0.6211210400,0.0015085902,0.1085238111,0.0013809646,0.5856801096,0.0029475521,0.0568965355,0.0011185214,0.2317215529,0.0005454756,0.1017288695,0.0011904749,0.0617608695,0.0005420337,0.7165293045,0.0013184428,80,96
0.2000000000,proposed_mechanism_retrieval_controller_v4,4,0.7007812500,0.0108896797,0.7460856247,0.0113101663,0.6212025025,0.0014592599,0.1082018111,0.0014177054,0.5857658421,0.0028934375,0.0569773268,0.0011462029,0.2316879550,0.0005283787,0.1017473863,0.0011504467,0.0619467050,0.0005256225,0.7164976415,0.0013305710,80,96
0.2000000000,proposed_mechanism_retrieval_controller_v4,5,0.7079427083,0.0116247964,0.7535874968,0.0123247945,0.6211088775,0.0014320278,0.1082549986,0.0015099541,0.5860135306,0.0028865724,0.0566529436,0.0011895892,0.2314605321,0.0005490254,0.1015797714,0.0011992060,0.0622135810,0.0005239211,0.7165295103,0.0013466837,80,96
0.2000000000,proposed_mechanism_retrieval_controller_v4,6,0.6998697917,0.0122257136,0.7454211417,0.0128858003,0.6208401650,0.0014613774,0.1083081861,0.0014426798,0.5857359565,0.0027334632,0.0567528543,0.0011935481,0.2313713529,0.0005592991,0.1013215612,0.0011934985,0.0621052695,0.0005039303,0.7164473220,0.0013556732,80,96
0.2000000000,proposed_mechanism_retrieval_controller_v4,7,0.7002604167,0.0093375688,0.7458558782,0.0101547209,0.6217970650,0.0014583475,0.1084864361,0.0014371305,0.5852789177,0.0028803170,0.0566341380,0.0012089384,0.2314638342,0.0005491337,0.1010722091,0.0011745119,0.0622991090,0.0005042350,0.7162555790,0.0012892660,80,96
0.2000000000,proposed_mechanism_retrieval_controller_v4,8,0.6945312500,0.0121210441,0.7398566966,0.0126986591,0.6215283525,0.0014311618,0.1086646861,0.0014134551,0.5853471415,0.0028651928,0.0569257280,0.0011722542,0.2314919175,0.0005353932,0.1010135023,0.0011825448,0.0620427235,0.0005854820,0.7162659370,0.0012380405,80,96
0.2000000000,proposed_mechanism_retrieval_controller_v4,9,0.6864583333,0.0118225803,0.7316049368,0.0127808992,0.6214347275,0.0014367131,0.1087178736,0.0014417616,0.5854197424,0.0030805422,0.0571006761,0.0012664993,0.2317028883,0.0005652974,0.1009490889,0.0011462427,0.0620094495,0.0005787590,0.7162978058,0.0012341697,80,96
0.2000000000,retrieved_context_behavior_clone,0,0.5992187500,0.0133297212,0.4817853839,0.0145921825,0.4807851650,0.0014658951,0.2632034002,0.0021619936,0.4434995990,0.0029675629,0.1002102505,0.0013123598,0.2199330925,0.0006450633,0.1625894502,0.0012150504,0.1072893679,0.0005866192,0.6805546592,0.0014100946,80,96
0.2000000000,retrieved_context_behavior_clone,1,0.5847656250,0.0127053473,0.4665335885,0.0135693564,0.4800962775,0.0015156179,0.2637068377,0.0021178655,0.4433113537,0.0029105819,0.1008017099,0.0012510208,0.2198281987,0.0006139342,0.1630102433,0.0011907624,0.1071582604,0.0006249012,0.6804718919,0.0013397186,80,96
0.2000000000,retrieved_context_behavior_clone,2,0.6080729167,0.0132473294,0.4906724657,0.0145972278,0.4802828275,0.0014802251,0.2632097752,0.0020993581,0.4433332134,0.0028979178,0.1000431468,0.0012976410,0.2195698467,0.0006265333,0.1628819820,0.0011745784,0.1070861824,0.0005806269,0.6806192397,0.0014248688,80,96
0.2000000000,retrieved_context_behavior_clone,3,0.5966145833,0.0142110231,0.4787348507,0.0155685075,0.4802942900,0.0015465509,0.2634630877,0.0021771632,0.4431537224,0.0029327073,0.1004881536,0.0012977922,0.2196481383,0.0005612642,0.1629912119,0.0011027486,0.1072512229,0.0005218166,0.6807075579,0.0013634653,80,96
0.2000000000,retrieved_context_behavior_clone,4,0.5895833333,0.0126838181,0.4713703810,0.0139519867,0.4801306650,0.0015197816,0.2637164002,0.0022199315,0.4433244065,0.0029387780,0.1007033980,0.0013206229,0.2197394883,0.0005422800,0.1632942387,0.0011131365,0.1073412259,0.0005275355,0.6809819692,0.0014063522,80,96
0.2000000000,retrieved_context_behavior_clone,5,0.5898437500,0.0114067606,0.4721124085,0.0128734206,0.4801421275,0.0015052908,0.2633444002,0.0022571018,0.4438671515,0.0029551625,0.1005185080,0.0012960212,0.2200289050,0.0005530853,0.1626619793,0.0011474207,0.1074212239,0.0005078330,0.6807076062,0.0014179066,80,96
0.2000000000,retrieved_context_behavior_clone,6,0.5895833333,0.0134264749,0.4717961129,0.0143657984,0.4805037650,0.0014377276,0.2629724002,0.0021766078,0.4428341090,0.0027074940,0.1004180305,0.0012857136,0.2200254633,0.0005887899,0.1629585340,0.0011741219,0.1076512969,0.0005248457,0.6809615072,0.0013514572,80,96
0.2000000000,retrieved_context_behavior_clone,7,0.5940104167,0.0129939754,0.4762993069,0.0140899528,0.4806903150,0.0013113800,0.2633507752,0.0021059135,0.4430004159,0.0026579843,0.1002857043,0.0013046766,0.2199563967,0.0005696608,0.1626669674,0.0011922555,0.1076682634,0.0005293969,0.6810563287,0.0013088427,80,96
0.2000000000,retrieved_context_behavior_clone,8,0.5903645833,0.0107421071,0.4724817001,0.0118932363,0.4805266900,0.0012293456,0.2634790252,0.0020606675,0.4435256521,0.0027140843,0.1005062943,0.0012374886,0.2200753883,0.0005386895,0.1628579344,0.0012415102,0.1076061904,0.0005667243,0.6808379937,0.0012734726,80,96
0.2000000000,retrieved_context_behavior_clone,9,0.6050781250,0.0132215078,0.4872100386,0.0141225836,0.4803630650,0.0012452564,0.2636072752,0.0020885074,0.4426501884,0.0028376130,0.1000962655,0.0012312316,0.2198623112,0.0005594171,0.1628740140,0.0012372021,0.1075441174,0.0005677633,0.6805196087,0.0013353597,80,96
0.2000000000,test_time_retrieval_adaptation,0,0.6377604167,0.0110877501,0.6006695728,0.0118383462,0.5613057525,0.0013618817,0.1600525270,0.0016483866,0.5298468546,0.0028295884,0.0724437269,0.0012184754,0.2909586967,0.0005071833,0.1296905103,0.0011626048,0.0750734289,0.0005304551,0.6038354586,0.0012843642,80,96
0.2000000000,test_time_retrieval_adaptation,1,0.6339843750,0.0110446511,0.5967964643,0.0119820974,0.5614783025,0.0013414332,0.1599206520,0.0016231985,0.5296668452,0.0028043816,0.0725674144,0.0012162132,0.2909984738,0.0005050116,0.1298744661,0.0011336529,0.0747760814,0.0005576923,0.6033514751,0.0013209444,80,96
0.2000000000,test_time_retrieval_adaptation,2,0.6292968750,0.0116432214,0.5918128927,0.0126234003,0.5618259400,0.0012785299,0.1601639645,0.0015708797,0.5294737042,0.0028676072,0.0728088088,0.0012481221,0.2913511612,0.0005143861,0.1295752917,0.0011364378,0.0747848869,0.0005494501,0.6030590873,0.0012864833,80,96
0.2000000000,test_time_retrieval_adaptation,3,0.6316406250,0.0134296369,0.5941675760,0.0139601154,0.5621735775,0.0012481371,0.1604072770,0.0015342449,0.5292805633,0.0030077929,0.0725484531,0.0011388553,0.2913802988,0.0005120392,0.1296763173,0.0011764756,0.0745685799,0.0005412827,0.6034670496,0.0012999176,80,96
0.2000000000,test_time_retrieval_adaptation,4,0.6324218750,0.0130861247,0.5954375799,0.0140516874,0.5619959525,0.0013397706,0.1597751520,0.0015590920,0.5299935002,0.0030152188,0.0723299794,0.0011567828,0.2915813863,0.0005249209,0.1297216388,0.0012193861,0.0746384159,0.0005547845,0.6034853171,0.0013566680,80,96
0.2000000000,test_time_retrieval_adaptation,5,0.6255208333,0.0119518594,0.5880803921,0.0126328180,0.5618183275,0.0014137610,0.1600184645,0.0016183991,0.5296252717,0.0030939853,0.0725361800,0.0011105235,0.2918900258,0.0005054442,0.1297257660,0.0012169681,0.0745721839,0.0005190090,0.6034510583,0.0014100133,80,96
0.2000000000,test_time_retrieval_adaptation,6,0.6380208333,0.0117829043,0.6009947080,0.0129363173,0.5616407025,0.0014645574,0.1596364645,0.0016518101,0.5303294542,0.0031044255,0.0724244275,0.0011994269,0.2918520133,0.0004952592,0.1296824507,0.0011975043,0.0745709844,0.0005133678,0.6037544683,0.0014175719,80,96
0.2000000000,test_time_retrieval_adaptation,7,0.6243489583,0.0128785898,0.5866765833,0.0133410395,0.5607627275,0.0013404798,0.1598797770,0.0017215242,0.5294359633,0.0030339684,0.0726774656,0.0012212973,0.2919552946,0.0005098188,0.1296960326,0.0012581006,0.0745797899,0.0005069824,0.6030638816,0.0013819277,80,96
0.2000000000,test_time_retrieval_adaptation,8,0.6244791667,0.0125494668,0.5871739760,0.0131411286,0.5609352775,0.0013785907,0.1598729645,0.0017132905,0.5301270142,0.0030024917,0.0725895200,0.0011503399,0.2917152717,0.0005290485,0.1295697871,0.0012187956,0.0747346684,0.0005358316,0.6033727943,0.0013553902,80,96
0.2000000000,test_time_retrieval_adaptation,9,0.6311197917,0.0122019533,0.5939101173,0.0126779046,0.5612829150,0.0014148038,0.1599912145,0.0016475365,0.5302884255,0.0029455677,0.0724681788,0.0011888629,0.2916092154,0.0005397818,0.1297588530,0.0012136584,0.0748165104,0.0005877416,0.6031879603,0.0013235823,80,96
0.4000000000,action_conditioned_mechanism_retrieval_v5,0,0.7488281250,0.0109321076,0.8369426196,0.0110326325,0.6740225925,0.0012830274,0.0833729762,0.0008920070,0.6396955468,0.0029929122,0.0499562896,0.0008171594,0.2203921662,0.0004952585,0.0913369441,0.0009079191,0.0518896621,0.0004704163,0.7688749788,0.0010527840,80,96
0.4000000000,action_conditioned_mechanism_retrieval_v5,1,0.7347656250,0.0121328394,0.8223942084,0.0123996617,0.6740970550,0.0011918265,0.0835462262,0.0009294013,0.6388815081,0.0029898246,0.0501694171,0.0008837488,0.2206839912,0.0004722417,0.0912898930,0.0008628022,0.0521554591,0.0004696080,0.7691091908,0.0010495128,80,96
0.4000000000,action_conditioned_mechanism_retrieval_v5,2,0.7386718750,0.0113302881,0.8267762105,0.0115521715,0.6745216925,0.0011571625,0.0830941637,0.0009914476,0.6389647928,0.0030213706,0.0498652602,0.0008239933,0.2206492163,0.0005063578,0.0912986011,0.0008686041,0.0521861386,0.0004872537,0.7692088356,0.0011206381,80,96
0.4000000000,action_conditioned_mechanism_retrieval_v5,3,0.7375000000,0.0115619676,0.8255238577,0.0120317558,0.6744210675,0.0011082979,0.0836426012,0.0010110610,0.6393632350,0.0029829773,0.0499476571,0.0009261213,0.2205354600,0.0004974890,0.0909464588,0.0009284326,0.0522328261,0.0004627996,0.7692064293,0.0010671713,80,96
0.4000000000,action_conditioned_mechanism_retrieval_v5,4,0.7424479167,0.0094847421,0.8303735639,0.0097639849,0.6746706175,0.0011184271,0.0836907887,0.0010018409,0.6392539234,0.0028775533,0.0498848802,0.0009126335,0.2205611392,0.0004822242,0.0913813449,0.0008899152,0.0521214346,0.0004977937,0.7692620521,0.0010602368,80,96
0.4000000000,action_conditioned_mechanism_retrieval_v5,5,0.7494791667,0.0112174133,0.8371332258,0.0116513677,0.6743949050,0.0011870060,0.0834888512,0.0010261090,0.6382779287,0.0027859979,0.0499171696,0.0008559748,0.2206326892,0.0004937548,0.0915204256,0.0009037165,0.0520810786,0.0005051626,0.7691906113,0.0009752579,80,96
0.4000000000,action_conditioned_mechanism_retrieval_v5,6,0.7338541667,0.0110575201,0.8212991433,0.0115075132,0.6741191925,0.0011482524,0.0835370387,0.0010453360,0.6385187921,0.0027882850,0.0500746302,0.0008719351,0.2208713517,0.0005012231,0.0916488585,0.0009117215,0.0520447246,0.0005226412,0.7696044131,0.0009524778,80,96
0.4000000000,action_conditioned_mechanism_retrieval_v5,7,0.7398437500,0.0108532785,0.8276199311,0.0111059339,0.6741936550,0.0010608642,0.0835852262,0.0011072496,0.6384094806,0.0026042984,0.0496929533,0.0008698914,0.2205072600,0.0004861068,0.0915834945,0.0008883156,0.0518582956,0.0005294811,0.7690457288,0.0009803538,80,96
0.4000000000,action_conditioned_mechanism_retrieval_v5,8,0.7415364583,0.0111536941,0.8293391647,0.0113192025,0.6740930300,0.0011765120,0.0832582262,0.0010566616,0.6384883881,0.0026233153,0.0498125821,0.0008751104,0.2205034746,0.0004449458,0.0917980092,0.0008856594,0.0517409011,0.0004862430,0.7692959488,0.0009765422,80,96
0.4000000000,action_conditioned_mechanism_retrieval_v5,9,0.7470052083,0.0115949712,0.8353615061,0.0118614744,0.6741674925,0.0011586480,0.0828061637,0.0009685940,0.6385716728,0.0027424054,0.0494803002,0.0008829513,0.2202217121,0.0004413000,0.0917066673,0.0008774091,0.0519216556,0.0004480972,0.7694676296,0.0009403965,80,96
0.4000000000,conformal_retrieval_filter,0,0.5824218750,0.0133308035,0.5181159547,0.0135422830,0.5280117425,0.0012025324,0.1908181747,0.0013224637,0.4992815149,0.0027094724,0.0820171035,0.0009190539,0.2648162038,0.0004960489,0.1458922806,0.0008885252,0.0857797478,0.0004518977,0.5760743489,0.0011335982,80,96
0.4000000000,conformal_retrieval_filter,1,0.5856770833,0.0127996391,0.5212508554,0.0135328745,0.5274559425,0.0011101998,0.1907913622,0.0013097633,0.4987196533,0.0027061813,0.0820095829,0.0009470918,0.2647455433,0.0005193230,0.1456716375,0.0009121523,0.0859223063,0.0004549833,0.5760100437,0.0010838877,80,96
0.4000000000,conformal_retrieval_filter,2,0.5805989583,0.0134859975,0.5162564981,0.0139116859,0.5274254050,0.0011543983,0.1903893622,0.0013570055,0.4990463608,0.0028659099,0.0821257991,0.0009296220,0.2649416246,0.0004781602,0.1458183168,0.0009594658,0.0858337493,0.0004241742,0.5763104207,0.0010708159,80,96
0.4000000000,conformal_retrieval_filter,3,0.5858072917,0.0113131026,0.5213573747,0.0117688096,0.5272197800,0.0010916095,0.1908627997,0.0013612290,0.4991673405,0.0029575943,0.0819680647,0.0007825568,0.2647685829,0.0005038236,0.1460080939,0.0009531699,0.0859092743,0.0004488436,0.5762441144,0.0010339524,80,96
0.4000000000,conformal_retrieval_filter,4,0.5815104167,0.0131794438,0.5168363187,0.0139027723,0.5271892425,0.0011929518,0.1909610497,0.0013895339,0.4991263643,0.0030283765,0.0821052360,0.0008691429,0.2648786892,0.0005584562,0.1461839027,0.0009544832,0.0856036088,0.0004909925,0.5759141764,0.0010479305,80,96
0.4000000000,conformal_retrieval_filter,5,0.5811197917,0.0119341527,0.5166573573,0.0122198082,0.5276839675,0.0012116410,0.1905590497,0.0014109292,0.4992779843,0.0030971238,0.0821370772,0.0008240712,0.2650091454,0.0005245627,0.1462336835,0.0009782097,0.0857401643,0.0005119856,0.5756562744,0.0010005019,80,96
0.4000000000,conformal_retrieval_filter,6,0.5881510417,0.0126543715,0.5237336617,0.0135423144,0.5273032550,0.0011452930,0.1907823622,0.0014295709,0.4992326308,0.0030956485,0.0820790966,0.0009257739,0.2646605079,0.0005703507,0.1460149989,0.0009710405,0.0857366498,0.0005325052,0.5759911687,0.0009907815,80,96
0.4000000000,conformal_retrieval_filter,7,0.5886718750,0.0149440728,0.5241583041,0.0157876631,0.5279730675,0.0011191808,0.1908806122,0.0014152538,0.4991916546,0.0029972046,0.0822045866,0.0009883691,0.2647031663,0.0005655315,0.1461908078,0.0009867579,0.0856560968,0.0005413710,0.5762175087,0.0009861977,80,96
0.4000000000,conformal_retrieval_filter,8,0.5833333333,0.0123112262,0.5190227481,0.0128815634,0.5281176175,0.0011095036,0.1907287372,0.0014086987,0.4991594327,0.0028786219,0.0821178866,0.0009368342,0.2647528183,0.0005237215,0.1458549534,0.0009816940,0.0853464293,0.0005491403,0.5758165352,0.0009336441,80,96
0.4000000000,conformal_retrieval_filter,9,0.5867187500,0.0119732243,0.5222427675,0.0125009342,0.5287874300,0.0011045886,0.1910771122,0.0013131246,0.4989346146,0.0029323355,0.0822843604,0.0009092252,0.2647553725,0.0004651028,0.1456451270,0.0009260528,0.0854949908,0.0005275860,0.5761279177,0.0009292444,80,96
0.4000000000,contrastive_mechanism_memory,0,0.6358072917,0.0119438204,0.6268618972,0.0121641888,0.5843074050,0.0011525799,0.1447663035,0.0012156968,0.5539446929,0.0027906291,0.0709452975,0.0008840264,0.2610768704,0.0004760649,0.1259863592,0.0008988421,0.0722289554,0.0005209484,0.6432704142,0.0009880902,80,96
0.4000000000,contrastive_mechanism_memory,1,0.6473958333,0.0115087930,0.6387158771,0.0118379419,0.5844659550,0.0010950085,0.1448745535,0.0012020805,0.5542675416,0.0028027782,0.0708782687,0.0009213370,0.2608205058,0.0004886516,0.1256638192,0.0007531347,0.0719294499,0.0004918401,0.6433632032,0.0009643143,80,96
0.4000000000,contrastive_mechanism_memory,2,0.6410156250,0.0122087081,0.6320505329,0.0126675376,0.5840992425,0.0011991957,0.1449828035,0.0011942584,0.5537149529,0.0029420843,0.0708345275,0.0009860908,0.2610408163,0.0004941664,0.1256571870,0.0008301876,0.0720051319,0.0004894639,0.6433139212,0.0009986601,80,96
0.4000000000,contrastive_mechanism_memory,3,0.6455729167,0.0106198408,0.6366096570,0.0110384966,0.5842577925,0.0011953250,0.1448409285,0.0011992520,0.5533462060,0.0031761931,0.0708765525,0.0009382942,0.2608828892,0.0004537663,0.1257360401,0.0008310425,0.0716265869,0.0005074979,0.6432216177,0.0009608009,80,96
0.4000000000,contrastive_mechanism_memory,4,0.6363281250,0.0125825011,0.6272329547,0.0126009469,0.5847665175,0.0012426657,0.1450742410,0.0012087166,0.5534895901,0.0030584807,0.0710432031,0.0009499633,0.2609932287,0.0004537732,0.1257225082,0.0007897667,0.0717793074,0.0004958268,0.6432348669,0.0010126711,80,96
0.4000000000,contrastive_mechanism_memory,5,0.6421875000,0.0147222197,0.6331736514,0.0153275846,0.5845748925,0.0012753520,0.1450574285,0.0011007195,0.5538168160,0.0030263588,0.0709955075,0.0010066851,0.2609671475,0.0004991075,0.1257944616,0.0008171965,0.0718529884,0.0004655692,0.6434071957,0.0009635900,80,96
0.4000000000,contrastive_mechanism_memory,6,0.6481770833,0.0094219493,0.6394873028,0.0100155555,0.5849085300,0.0013070678,0.1445403660,0.0010655305,0.5536362882,0.0029003599,0.0708354131,0.0008684978,0.2608642058,0.0005017509,0.1259530933,0.0008633330,0.0718436279,0.0004426112,0.6434514604,0.0009839090,80,96
0.4000000000,contrastive_mechanism_memory,7,0.6442708333,0.0116907435,0.6353536283,0.0122024666,0.5843667300,0.0013039620,0.1446486160,0.0010441592,0.5536089619,0.0029053064,0.0708972156,0.0008457749,0.2610498808,0.0005257414,0.1259370064,0.0009108974,0.0717692349,0.0004611167,0.6434882214,0.0009710124,80,96
0.4000000000,contrastive_mechanism_memory,8,0.6407552083,0.0113407614,0.6318306872,0.0119909371,0.5845252800,0.0012247956,0.1448819285,0.0010277583,0.5535772585,0.0028643233,0.0709607412,0.0008068462,0.2609299371,0.0005649143,0.1256264761,0.0009072358,0.0717718804,0.0004161238,0.6434734567,0.0010565056,80,96
0.4000000000,contrastive_mechanism_memory,9,0.6395833333,0.0110138911,0.6306079325,0.0110926372,0.5841585675,0.0011410894,0.1449901785,0.0011097954,0.5533748448,0.0028258972,0.0709733250,0.0007890424,0.2607771808,0.0004946116,0.1254134408,0.0009330679,0.0719976374,0.0004115588,0.6431240247,0.0010561195,80,96
0.4000000000,invariant_mechanism_alignment,0,0.6218750000,0.0123240772,0.5944830710,0.0129558106,0.5684908050,0.0012007077,0.1571770429,0.0011393825,0.5385958920,0.0030840816,0.0739426180,0.0008919003,0.2703328975,0.0004897775,0.1331584209,0.0008148222,0.0762147897,0.0004533449,0.6159091418,0.0010165793,80,96
0.4000000000,invariant_mechanism_alignment,1,0.6253906250,0.0114013746,0.5982204022,0.0119193482,0.5683061800,0.0011773788,0.1572902929,0.0011233882,0.5389255657,0.0030758221,0.0737991393,0.0008665952,0.2701175162,0.0004661929,0.1329400330,0.0008755848,0.0762935517,0.0004661442,0.6162783268,0.0010010617,80,96
0.4000000000,invariant_mechanism_alignment,2,0.6192708333,0.0118576746,0.5919269987,0.0121796102,0.5684717300,0.0011156024,0.1572784804,0.0011411276,0.5383841792,0.0029205244,0.0740454561,0.0008344134,0.2699619933,0.0004706158,0.1328317464,0.0009255293,0.0759951252,0.0004873726,0.6162828296,0.0009645718,80,96
0.4000000000,invariant_mechanism_alignment,3,0.6087239583,0.0132247500,0.5808875473,0.0138308341,0.5684621925,0.0011770019,0.1576418554,0.0011149944,0.5385300111,0.0028654969,0.0743226861,0.0008816233,0.2703937121,0.0005085901,0.1330281233,0.0009744199,0.0760778892,0.0005178443,0.6162508141,0.0010186401,80,96
0.4000000000,invariant_mechanism_alignment,4,0.6250000000,0.0115311219,0.5971941066,0.0121477107,0.5681024800,0.0011734964,0.1573799179,0.0010611582,0.5381724664,0.0029499679,0.0742984443,0.0008608791,0.2702998350,0.0005171368,0.1330053219,0.0009806891,0.0762256857,0.0005189357,0.6163283533,0.0010318947,80,96
0.4000000000,invariant_mechanism_alignment,5,0.6141927083,0.0119217113,0.5862014187,0.0122030678,0.5677427675,0.0011224265,0.1576182304,0.0010878117,0.5383226754,0.0028163464,0.0747216824,0.0008166936,0.2701348996,0.0005256225,0.1324956422,0.0009932858,0.0759312612,0.0004485585,0.6162758276,0.0010189057,80,96
0.4000000000,invariant_mechanism_alignment,6,0.6229166667,0.0131274201,0.5953860184,0.0137265850,0.5680834050,0.0012192830,0.1571061679,0.0011733824,0.5384991476,0.0027819727,0.0745907568,0.0008566160,0.2702217892,0.0005637304,0.1321518229,0.0009780243,0.0759249807,0.0004908404,0.6167245523,0.0010766208,80,96
0.4000000000,invariant_mechanism_alignment,7,0.6313802083,0.0127040494,0.6035844143,0.0136126381,0.5680738675,0.0012082274,0.1573444804,0.0012326627,0.5375988317,0.0027692125,0.0745920824,0.0008819315,0.2700872121,0.0005529773,0.1320612526,0.0009808837,0.0760057437,0.0004358411,0.6163998906,0.0011176365,80,96
0.4000000000,invariant_mechanism_alignment,8,0.6291666667,0.0125057687,0.6016995464,0.0131316154,0.5684145050,0.0012805185,0.1572076054,0.0012878877,0.5375870848,0.0026728108,0.0743091074,0.0009294572,0.2700270767,0.0005544024,0.1319378047,0.0009315584,0.0761555412,0.0004645249,0.6167260541,0.0011160881,80,96
0.4000000000,invariant_mechanism_alignment,9,0.6276041667,0.0119937262,0.6001030797,0.0125905253,0.5687551425,0.0012845674,0.1573208554,0.0012825021,0.5377416711,0.0026437844,0.0742570349,0.0009281557,0.2702579767,0.0005077656,0.1320227184,0.0008649980,0.0763843782,0.0004528810,0.6163368601,0.0010862598,80,96
0.4000000000,learned_expected_utility_retrieval,0,0.6570312500,0.0135154623,0.6482882801,0.0138582737,0.5900900550,0.0012395572,0.1392629578,0.0011454412,0.5656434975,0.0028921941,0.0692647695,0.0009384123,0.2845762600,0.0004151660,0.1222435801,0.0009672605,0.0698027643,0.0004842164,0.6539522769,0.0010833307,80,96
0.4000000000,learned_expected_utility_retrieval,1,0.6555989583,0.0124462614,0.6466045076,0.0128937706,0.5899404300,0.0011502883,0.1394012078,0.0011331665,0.5654820337,0.0029136758,0.0693771783,0.0009320556,0.2847452996,0.0004337109,0.1222552577,0.0009689824,0.0701220388,0.0004948513,0.6538425119,0.0010106819,80,96
0.4000000000,learned_expected_utility_retrieval,2,0.6531250000,0.0103902048,0.6436557582,0.0106056594,0.5894406300,0.0010720037,0.1397895828,0.0010930470,0.5644363781,0.0027228628,0.0693757708,0.0008865708,0.2847788475,0.0004481870,0.1220940064,0.0008454207,0.0698450153,0.0004943471,0.6537897754,0.0009850280,80,96
0.4000000000,learned_expected_utility_retrieval,3,0.6572916667,0.0124635051,0.6481218095,0.0127385507,0.5898162675,0.0010688252,0.1394275828,0.0010606083,0.5648176856,0.0029124290,0.0693523808,0.0008276352,0.2848695017,0.0004632907,0.1220734029,0.0009155640,0.0700812483,0.0004533668,0.6542522964,0.0009717560,80,96
0.4000000000,learned_expected_utility_retrieval,4,0.6544270833,0.0117058254,0.6449007795,0.0122775895,0.5894915550,0.0011522645,0.1395658328,0.0010660614,0.5643060469,0.0028436735,0.0695656083,0.0008839213,0.2847584433,0.0005274358,0.1221914336,0.0008151355,0.0701754103,0.0004388465,0.6542285744,0.0010143327,80,96
0.4000000000,learned_expected_utility_retrieval,5,0.6488281250,0.0128573186,0.6397178947,0.0135782697,0.5900422800,0.0012049927,0.1390787703,0.0011452622,0.5645166440,0.0028067629,0.0693340577,0.0009740925,0.2849107788,0.0005429073,0.1222683251,0.0008832970,0.0700344548,0.0004545920,0.6545125062,0.0010928374,80,96
0.4000000000,learned_expected_utility_retrieval,6,0.6472656250,0.0111634469,0.6382625820,0.0114496735,0.5902428300,0.0012238198,0.1387167703,0.0011353593,0.5648979515,0.0029153571,0.0694137927,0.0009008256,0.2850066038,0.0005292986,0.1226479215,0.0008463687,0.0699705378,0.0004944700,0.6544607702,0.0011055687,80,96
0.4000000000,learned_expected_utility_retrieval,7,0.6623697917,0.0113738632,0.6536789430,0.0118595615,0.5904433800,0.0012024926,0.1387299578,0.0011531821,0.5650910400,0.0028940007,0.0692197908,0.0009208640,0.2849441329,0.0005597971,0.1222473894,0.0008612080,0.0699126238,0.0004679818,0.6545866229,0.0011147453,80,96
0.4000000000,learned_expected_utility_retrieval,8,0.6548177083,0.0099382039,0.6461163306,0.0103195194,0.5908190175,0.0012138808,0.1387431453,0.0012092511,0.5647588659,0.0028761517,0.0689833764,0.0008605130,0.2850487746,0.0005119543,0.1225566620,0.0008962617,0.0697046348,0.0005072008,0.6540261327,0.0010825720,80,96
0.4000000000,learned_expected_utility_retrieval,9,0.6563802083,0.0125368140,0.6474738642,0.0129136540,0.5904943050,0.0011543686,0.1391315203,0.0012052508,0.5647637353,0.0029229597,0.0691344252,0.0008956240,0.2847256621,0.0004874192,0.1225766012,0.0009368983,0.0695026488,0.0004624071,0.6538873532,0.0010462799,80,96
0.4000000000,model_predictive_retrieval_arbitration,0,0.6632812500,0.0125435528,0.6683532870,0.0128297499,0.6016547425,0.0011405712,0.1309633527,0.0011583248,0.5764020712,0.0029017000,0.0666357222,0.0008565262,0.2766618600,0.0004905912,0.1164621936,0.0009340040,0.0675662081,0.0004805490,0.6704716782,0.0010208783,80,96
0.4000000000,model_predictive_retrieval_arbitration,1,0.6611979167,0.0113522781,0.6662353299,0.0117151150,0.6018832925,0.0011236422,0.1309965402,0.0011653266,0.5760971971,0.0030291529,0.0666894578,0.0008481246,0.2765518642,0.0005329360,0.1163876748,0.0009475661,0.0678958016,0.0004916094,0.6707146210,0.0010167452,80,96
0.4000000000,model_predictive_retrieval_arbitration,2,0.6704427083,0.0103955594,0.6755752937,0.0107003628,0.6021118425,0.0011052307,0.1312798527,0.0010893843,0.5763088312,0.0029175901,0.0665567959,0.0008562029,0.2762832746,0.0005193730,0.1165152144,0.0009211134,0.0680042846,0.0004896316,0.6705423562,0.0009979736,80,96
0.4000000000,model_predictive_retrieval_arbitration,3,0.6630208333,0.0128208773,0.6682758534,0.0132294566,0.6025154800,0.0011368341,0.1309378527,0.0011043860,0.5767174387,0.0029214994,0.0666803622,0.0009046713,0.2763980933,0.0005273348,0.1168111695,0.0009420516,0.0678026126,0.0005061292,0.6704216172,0.0009584630,80,96
0.4000000000,model_predictive_retrieval_arbitration,4,0.6632812500,0.0116550051,0.6684034633,0.0119965080,0.6027440300,0.0011810980,0.1312211652,0.0010988797,0.5765788977,0.0029291126,0.0667094191,0.0009229979,0.2764053600,0.0004331574,0.1167449123,0.0009298520,0.0679110956,0.0005129933,0.6705495025,0.0009990022,80,96
0.4000000000,model_predictive_retrieval_arbitration,5,0.6611979167,0.0115823434,0.6661658851,0.0119327373,0.6027974925,0.0012005487,0.1311292902,0.0011191595,0.5759282258,0.0028994582,0.0665292878,0.0009546021,0.2767455892,0.0004257895,0.1168710900,0.0008525710,0.0678635006,0.0005463847,0.6705858420,0.0010882385,80,96
0.4000000000,model_predictive_retrieval_arbitration,6,0.6733072917,0.0115496606,0.6785347184,0.0120447490,0.6025007800,0.0012153965,0.1311624777,0.0011233123,0.5761486143,0.0028510065,0.0661774797,0.0009307661,0.2765869704,0.0004106994,0.1168871664,0.0008723909,0.0679679816,0.0005525361,0.6705866637,0.0010069458,80,96
0.4000000000,model_predictive_retrieval_arbitration,7,0.6666666667,0.0105452064,0.6714347356,0.0107379904,0.6020289800,0.0012088197,0.1313207277,0.0011144503,0.5756642755,0.0027617659,0.0663970384,0.0008937269,0.2768409267,0.0004317065,0.1168215058,0.0008106320,0.0674741636,0.0004720933,0.6705659747,0.0010155988,80,96
0.4000000000,model_predictive_retrieval_arbitration,8,0.6647135417,0.0125557392,0.6696749940,0.0129569209,0.6019073550,0.0011741046,0.1309787277,0.0010943836,0.5757227080,0.0026626054,0.0663471297,0.0009476713,0.2768041454,0.0004726961,0.1168236140,0.0008636054,0.0675726416,0.0004676163,0.6706033147,0.0009978479,80,96
0.4000000000,model_predictive_retrieval_arbitration,9,0.6559895833,0.0115538357,0.6607793429,0.0116383466,0.6021359050,0.0011933829,0.1310119152,0.0010518530,0.5761181840,0.0028303490,0.0667455091,0.0008772830,0.2769371933,0.0004801658,0.1168365389,0.0007747503,0.0675270476,0.0004621543,0.6707462075,0.0010141120,80,96
0.4000000000,oracle_mechanism_retrieval,0,0.7908854167,0.0104242688,0.9386977874,0.0099471811,0.7426732425,0.0011208712,0.0509495746,0.0009036578,0.6838088034,0.0029504076,0.0378593827,0.0008359651,0.1816167642,0.0004418595,0.0708901524,0.0009122249,0.0402071252,0.0005145643,0.8765290849,0.0009172439,80,96
0.4000000000,oracle_mechanism_retrieval,1,0.8041666667,0.0100350000,0.9504015035,0.0090812485,0.7431679675,0.0011832050,0.0506726371,0.0007957498,0.6843062212,0.0029312399,0.0377289221,0.0008538934,0.1814057392,0.0004588742,0.0709393367,0.0008803093,0.0401956067,0.0005179047,0.8767639292,0.0008996952,80,96
0.4000000000,oracle_mechanism_retrieval,2,0.7947916667,0.0093476288,0.9423194808,0.0089490463,0.7433125175,0.0012784877,0.0506458246,0.0008039693,0.6840945346,0.0028803139,0.0379487452,0.0008916929,0.1815869392,0.0004897165,0.0710125405,0.0009027733,0.0401880902,0.0004627690,0.8766556019,0.0009701819,80,96
0.4000000000,oracle_mechanism_retrieval,3,0.7983072917,0.0109155037,0.9440984470,0.0100911470,0.7431068925,0.0012510098,0.0507440746,0.0008508619,0.6842286459,0.0028264548,0.0377201790,0.0009111624,0.1816627079,0.0004901205,0.0707849977,0.0007269801,0.0402576122,0.0004535968,0.8769119569,0.0010145887,80,96
0.4000000000,oracle_mechanism_retrieval,4,0.7985677083,0.0108834319,0.9449130538,0.0102335471,0.7430763550,0.0012264255,0.0505921996,0.0007728529,0.6836711615,0.0027963919,0.0378328477,0.0008677472,0.1817840496,0.0004870124,0.0709588481,0.0007693662,0.0404732072,0.0004715159,0.8765970264,0.0010943431,80,96
0.4000000000,oracle_mechanism_retrieval,5,0.7941406250,0.0119482373,0.9398436764,0.0107960421,0.7428707300,0.0011963374,0.0508155121,0.0008020024,0.6836258081,0.0027683460,0.0377560046,0.0008801506,0.1818209412,0.0004523449,0.0710403135,0.0007689509,0.0405447302,0.0004806975,0.8765457277,0.0010769066,80,96
0.4000000000,oracle_mechanism_retrieval,6,0.8039062500,0.0109548969,0.9500953169,0.0103219755,0.7430152800,0.0011471038,0.0509137621,0.0008595741,0.6837599193,0.0027508339,0.0374149383,0.0008908858,0.1818092100,0.0005047448,0.0711129207,0.0008278292,0.0403891397,0.0004544079,0.8768300967,0.0010686020,80,96
0.4000000000,oracle_mechanism_retrieval,7,0.7998697917,0.0097367323,0.9465847182,0.0091995243,0.7419342175,0.0012062468,0.0508869496,0.0009148275,0.6842485828,0.0026822276,0.0373135552,0.0008616220,0.1817655954,0.0004719067,0.0712735682,0.0008647416,0.0406067357,0.0004463415,0.8764236204,0.0010958053,80,96
0.4000000000,oracle_mechanism_retrieval,8,0.8020833333,0.0102919832,0.9485549230,0.0096497049,0.7419036800,0.0011822699,0.0504849496,0.0009233427,0.6836998528,0.0027472156,0.0373735590,0.0008388318,0.1817095183,0.0004698970,0.0710358054,0.0009028643,0.0405181787,0.0004343138,0.8766239474,0.0010735748,80,96
0.4000000000,oracle_mechanism_retrieval,9,0.7945312500,0.0093092720,0.9423638557,0.0088274232,0.7411727925,0.0011280571,0.0502080121,0.0009420411,0.6840221831,0.0027277000,0.0373929858,0.0008293562,0.1820152725,0.0004583315,0.0711881912,0.0008985768,0.0406567352,0.0004486444,0.8767607427,0.0010444606,80,96
0.4000000000,proposed_mechanism_retrieval_controller_v4,0,0.6855468750,0.0117526034,0.7196597830,0.0120956927,0.6149710925,0.0011208997,0.1160647529,0.0010606383,0.5808475721,0.0028728403,0.0606414265,0.0008615895,0.2351783163,0.0004958268,0.1100781376,0.0009065059,0.0663595180,0.0004742588,0.7022874522,0.0011238792,80,96
0.4000000000,proposed_mechanism_retrieval_controller_v4,1,0.6798177083,0.0128344706,0.7136496114,0.0130682934,0.6147023800,0.0010711997,0.1159928779,0.0011203694,0.5805743753,0.0028299319,0.0609155077,0.0008963842,0.2355065496,0.0004887727,0.1098142208,0.0009310025,0.0663242430,0.0004772087,0.7023128177,0.0010466222,80,96
0.4000000000,proposed_mechanism_retrieval_controller_v4,2,0.6837239583,0.0102614577,0.7171960771,0.0107238027,0.6146087550,0.0011268015,0.1162961904,0.0010984461,0.5806382218,0.0028985964,0.0611174521,0.0008497862,0.2355498121,0.0004803222,0.1101614206,0.0009295012,0.0662199335,0.0004764792,0.7024297290,0.0010176189,80,96
0.4000000000,proposed_mechanism_retrieval_controller_v4,3,0.6816406250,0.0115473761,0.7149597951,0.0120110482,0.6138147800,0.0012653432,0.1159741904,0.0010913280,0.5807239543,0.0029335109,0.0613834371,0.0008205174,0.2356018912,0.0004961493,0.1102799874,0.0009630616,0.0663307315,0.0004686743,0.7026281810,0.0009899423,80,96
0.4000000000,proposed_mechanism_retrieval_controller_v4,4,0.6906250000,0.0104597984,0.7241570317,0.0107383076,0.6138962425,0.0012125091,0.1156521904,0.0011186449,0.5808096868,0.0028687461,0.0613751658,0.0008311948,0.2354990225,0.0004601590,0.1102985042,0.0009222692,0.0665165670,0.0004476186,0.7025965180,0.0009975186,80,96
0.4000000000,proposed_mechanism_retrieval_controller_v4,5,0.6859375000,0.0121499851,0.7196255757,0.0125201630,0.6138026175,0.0011883605,0.1157053779,0.0011843945,0.5810573753,0.0028628003,0.0612640640,0.0008787606,0.2354374850,0.0004980741,0.1101308893,0.0009503936,0.0667834430,0.0004385974,0.7026283867,0.0010294455,80,96
0.4000000000,proposed_mechanism_retrieval_controller_v4,6,0.6841145833,0.0115698087,0.7178064706,0.0119545666,0.6135339050,0.0012502403,0.1157585654,0.0010839590,0.5807798012,0.0026958290,0.0612514746,0.0009048625,0.2352608058,0.0005251492,0.1098726790,0.0009396423,0.0666751315,0.0004304543,0.7025461985,0.0010326754,80,96
0.4000000000,proposed_mechanism_retrieval_controller_v4,7,0.6850260417,0.0103446780,0.7187701446,0.0107725582,0.6144908050,0.0012477262,0.1159368154,0.0010838577,0.5803227625,0.0028293584,0.0611233833,0.0009214771,0.2353459954,0.0005256121,0.1096233270,0.0009283685,0.0668689710,0.0004283502,0.7023544555,0.0009713630,80,96
0.4000000000,proposed_mechanism_retrieval_controller_v4,8,0.6802083333,0.0124994383,0.7136966037,0.0130201601,0.6142220925,0.0012369681,0.1161150654,0.0010540938,0.5803909862,0.0028133468,0.0613985671,0.0009128211,0.2353613183,0.0005211669,0.1095646202,0.0009170951,0.0666125855,0.0005031950,0.7023648135,0.0009470886,80,96
0.4000000000,proposed_mechanism_retrieval_controller_v4,9,0.6739583333,0.0115105122,0.7072961251,0.0120318693,0.6141284675,0.0012392837,0.1161682529,0.0011107251,0.5804635871,0.0030241508,0.0615407027,0.0009496399,0.2355467683,0.0004897057,0.1095002068,0.0008883068,0.0665793115,0.0005012053,0.7023966822,0.0009831260,80,96
0.4000000000,retrieved_context_behavior_clone,0,0.5606770833,0.0125488098,0.4273276649,0.0134937215,0.4734789050,0.0012229201,0.2778756537,0.0015742293,0.4382906781,0.0029376528,0.1056245583,0.0010061488,0.2241415558,0.0005681475,0.1714701022,0.0009603553,0.1119747800,0.0005074614,0.6662202232,0.0011060633,80,96
0.4000000000,retrieved_context_behavior_clone,1,0.5480468750,0.0130067540,0.4139271507,0.0135775501,0.4727900175,0.0012629751,0.2783790912,0.0015234817,0.4381024328,0.0028748715,0.1061832051,0.0009338225,0.2240111413,0.0005472913,0.1718908953,0.0009361021,0.1118436725,0.0005368955,0.6661374559,0.0010201798,80,96
0.4000000000,retrieved_context_behavior_clone,2,0.5736979167,0.0133039666,0.4404462467,0.0141509437,0.4729765675,0.0012505726,0.2778820287,0.0015424305,0.4381242925,0.0028616767,0.1053824545,0.0009601915,0.2237199767,0.0005479959,0.1717626340,0.0009104510,0.1117715945,0.0004951555,0.6662848037,0.0011058990,80,96
0.4000000000,retrieved_context_behavior_clone,3,0.5582031250,0.0134367563,0.4244093661,0.0140444293,0.4729880300,0.0013117187,0.2781353412,0.0016061395,0.4379448016,0.0028858584,0.1059001176,0.0009524735,0.2238547787,0.0004773799,0.1718718639,0.0008347170,0.1119366350,0.0004372541,0.6663731219,0.0010526824,80,96
0.4000000000,retrieved_context_behavior_clone,4,0.5578125000,0.0122623773,0.4237888495,0.0129633386,0.4728244050,0.0012856538,0.2783886537,0.0016273511,0.4381154856,0.0028825225,0.1059958308,0.0010019847,0.2238531600,0.0004660568,0.1721748907,0.0008349981,0.1120266380,0.0004464148,0.6666475332,0.0010924235,80,96
0.4000000000,retrieved_context_behavior_clone,5,0.5600260417,0.0115325160,0.4265143926,0.0123853522,0.4728358675,0.0012674665,0.2780166537,0.0017009503,0.4386582306,0.0029027445,0.1057757845,0.0009549087,0.2241152329,0.0004804544,0.1715426313,0.0008938262,0.1121066360,0.0004263778,0.6663731702,0.0010864709,80,96
0.4000000000,retrieved_context_behavior_clone,6,0.5589843750,0.0126126058,0.4254046907,0.0132089625,0.4731975050,0.0012065234,0.2776446537,0.0016290844,0.4376251881,0.0026504580,0.1056893695,0.0009570070,0.2241227287,0.0005127837,0.1718391860,0.0009197843,0.1123367090,0.0004495620,0.6666270712,0.0010320171,80,96
0.4000000000,retrieved_context_behavior_clone,7,0.5614583333,0.0133772611,0.4279243691,0.0141144342,0.4733840550,0.0011222549,0.2780230287,0.0015546397,0.4377914950,0.0026160280,0.1055921995,0.0009912279,0.2240810058,0.0005032679,0.1715476194,0.0009235795,0.1123536755,0.0004558432,0.6667218927,0.0010056762,80,96
0.4000000000,retrieved_context_behavior_clone,8,0.5640625000,0.0118476583,0.4304540123,0.0126347414,0.4732204300,0.0010500213,0.2781512787,0.0015365373,0.4383167312,0.0026765250,0.1057002895,0.0009334417,0.2241124975,0.0004802031,0.1717385864,0.0009629936,0.1122916025,0.0004833561,0.6665035577,0.0009473769,80,96
0.4000000000,retrieved_context_behavior_clone,9,0.5766927083,0.0131316586,0.4430666008,0.0137154548,0.4730568050,0.0010406729,0.2782795287,0.0015673398,0.4374412675,0.0028048503,0.1053277608,0.0009085439,0.2239285871,0.0005050991,0.1717546660,0.0009735912,0.1122295295,0.0004891325,0.6661851727,0.0010000835,80,96
0.4000000000,test_time_retrieval_adaptation,0,0.6170572917,0.0109877731,0.5667672868,0.0112245089,0.5539994925,0.0011307108,0.1699661813,0.0012627031,0.5248044847,0.0027806697,0.0772038389,0.0009067112,0.2949174204,0.0004226778,0.1383540274,0.0009226760,0.0796827034,0.0004638585,0.5897865385,0.0009673584,80,96
0.4000000000,test_time_retrieval_adaptation,1,0.6076822917,0.0116955028,0.5572081002,0.0120348683,0.5541720425,0.0011012731,0.1698343063,0.0012243106,0.5246244753,0.0027546530,0.0774283077,0.0009182906,0.2950355829,0.0004304818,0.1385379832,0.0008820624,0.0793853559,0.0004845519,0.5893025550,0.0010126558,80,96
0.4000000000,test_time_retrieval_adaptation,2,0.6113281250,0.0125373400,0.5606875285,0.0131682175,0.5545196800,0.0010358846,0.1700776188,0.0011735188,0.5244313343,0.0028310530,0.0775197021,0.0009500227,0.2952716038,0.0004363311,0.1382388088,0.0008694885,0.0793941614,0.0004836879,0.5890101673,0.0009614385,80,96
0.4000000000,test_time_retrieval_adaptation,3,0.6046875000,0.0127734612,0.5539180400,0.0130319902,0.5548673175,0.0010079572,0.1703209313,0.0011210722,0.5242381934,0.0029815043,0.0774210652,0.0008411482,0.2954265225,0.0004346044,0.1383398344,0.0009069170,0.0791778544,0.0004761970,0.5894181295,0.0009722007,80,96
0.4000000000,test_time_retrieval_adaptation,4,0.6098958333,0.0121162819,0.5596840126,0.0126562307,0.5546896925,0.0011178915,0.1696888063,0.0011708073,0.5249511303,0.0029870532,0.0771229039,0.0008599377,0.2955656308,0.0004437340,0.1383851559,0.0009363850,0.0792476904,0.0004804661,0.5894363970,0.0010370621,80,96
0.4000000000,test_time_retrieval_adaptation,5,0.6093750000,0.0120895790,0.5588063092,0.0124998058,0.5545120675,0.0012109609,0.1699321188,0.0012296723,0.5245829018,0.0030600947,0.0772142608,0.0008343996,0.2957849475,0.0004277382,0.1383892831,0.0009473202,0.0791814584,0.0004500808,0.5894021383,0.0011031956,80,96
0.4000000000,test_time_retrieval_adaptation,6,0.6178385417,0.0113267948,0.5676213594,0.0120237183,0.5543344425,0.0012753666,0.1695501188,0.0012422233,0.5252870843,0.0030684939,0.0771751646,0.0008988727,0.2958034454,0.0004209606,0.1383459678,0.0009213644,0.0791802589,0.0004346978,0.5897055483,0.0011215214,80,96
0.4000000000,test_time_retrieval_adaptation,7,0.6035156250,0.0123984765,0.5526420629,0.0125601536,0.5534564675,0.0011496664,0.1697934313,0.0012962185,0.5243935934,0.0029930119,0.0774399214,0.0008873031,0.2959158413,0.0004447308,0.1383595497,0.0009631670,0.0791890644,0.0004277464,0.5890149615,0.0010640497,80,96
0.4000000000,test_time_retrieval_adaptation,8,0.6053385417,0.0133149617,0.5548585025,0.0139011969,0.5536290175,0.0011650049,0.1697866188,0.0013101472,0.5250846443,0.0029593231,0.0773215071,0.0008587776,0.2956521204,0.0004730490,0.1382333042,0.0009358808,0.0793439429,0.0004546465,0.5893238743,0.0010380740,80,96
0.4000000000,test_time_retrieval_adaptation,9,0.6072916667,0.0121353194,0.5568342063,0.0125036589,0.5539766550,0.0011811974,0.1699048688,0.0012503127,0.5252460556,0.0029082389,0.0772845408,0.0008823178,0.2956116892,0.0004958842,0.1384223701,0.0009503816,0.0794257849,0.0004931351,0.5891390403,0.0010258550,80,96
0.6000000000,action_conditioned_mechanism_retrieval_v5,0,0.7348958333,0.0110216733,0.8096438504,0.0110252492,0.6654149325,0.0010034604,0.0909179690,0.0006875222,0.6341230001,0.0029721791,0.0556827203,0.0005456319,0.2246097983,0.0004337895,0.1009645146,0.0006619255,0.0568854780,0.0003875870,0.7536850665,0.0006946982,80,96
0.6000000000,action_conditioned_mechanism_retrieval_v5,1,0.7207031250,0.0122149192,0.7949632049,0.0122773940,0.6654893950,0.0009570777,0.0910912190,0.0007106786,0.6333089613,0.0029719355,0.0558981916,0.0006120956,0.2249034462,0.0004272433,0.1009174635,0.0006435895,0.0571512750,0.0003882666,0.7539192785,0.0006737411,80,96
0.6000000000,action_conditioned_mechanism_retrieval_v5,2,0.7250000000,0.0114657307,0.7997419101,0.0115939559,0.6659140325,0.0009331007,0.0906391565,0.0007231364,0.6333922460,0.0029971371,0.0555870035,0.0005605971,0.2248632025,0.0004449209,0.1009261716,0.0006389571,0.0571819545,0.0004195741,0.7540189232,0.0007336131,80,96
0.6000000000,action_conditioned_mechanism_retrieval_v5,3,0.7238281250,0.0113871928,0.7984895573,0.0116075035,0.6658134075,0.0009208382,0.0911875940,0.0007331601,0.6337906882,0.0029642668,0.0556694003,0.0006353317,0.2247494463,0.0004304477,0.1005740293,0.0006431989,0.0572286420,0.0004097299,0.7540165170,0.0006976027,80,96
0.6000000000,action_conditioned_mechanism_retrieval_v5,4,0.7287760417,0.0094531798,0.8033392635,0.0095452916,0.6660629575,0.0009423563,0.0912357815,0.0007442415,0.6336813766,0.0028637482,0.0556066235,0.0006102887,0.2247751254,0.0004260892,0.1010089154,0.0006065872,0.0571172505,0.0004403124,0.7540721397,0.0007178492,80,96
0.6000000000,action_conditioned_mechanism_retrieval_v5,5,0.7371093750,0.0112017843,0.8114212691,0.0113819757,0.6657872450,0.0009843964,0.0910338440,0.0007456880,0.6327053820,0.0027587529,0.0556154753,0.0005458875,0.2248284463,0.0004411522,0.1011479961,0.0005964876,0.0570768945,0.0004395014,0.7540006990,0.0006603993,80,96
0.6000000000,action_conditioned_mechanism_retrieval_v5,6,0.7191406250,0.0111498498,0.7932069679,0.0113572744,0.6655115325,0.0009558410,0.0910820315,0.0007789812,0.6329462454,0.0027558515,0.0558151235,0.0005783322,0.2250999213,0.0004593317,0.1012764290,0.0006189612,0.0570405405,0.0004438326,0.7544145007,0.0006480489,80,96
0.6000000000,action_conditioned_mechanism_retrieval_v5,7,0.7263020833,0.0108654258,0.8007178650,0.0109347377,0.6655859950,0.0009071282,0.0911302190,0.0008163306,0.6328369338,0.0025628302,0.0554123528,0.0005963414,0.2247194233,0.0004532992,0.1012110650,0.0006097737,0.0568541115,0.0004446640,0.7538558165,0.0006855321,80,96
0.6000000000,action_conditioned_mechanism_retrieval_v5,8,0.7281250000,0.0114944569,0.8025693331,0.0116149756,0.6654853700,0.0010034814,0.0908032190,0.0008192034,0.6329158413,0.0025841979,0.0555296378,0.0006320839,0.2247138150,0.0004281289,0.1014255797,0.0006160493,0.0567367170,0.0004143315,0.7541060365,0.0006904556,80,96
0.6000000000,action_conditioned_mechanism_retrieval_v5,9,0.7339843750,0.0117011408,0.8089883775,0.0118448110,0.6655598325,0.0009641272,0.0903511565,0.0007241494,0.6329991260,0.0027025647,0.0551903247,0.0006078592,0.2244265837,0.0004076809,0.1013342378,0.0006352079,0.0569174715,0.0003949656,0.7542777172,0.0006467837,80,96
0.6000000000,conformal_retrieval_filter,0,0.5531250000,0.0131183733,0.4724881469,0.0131505250,0.5194040825,0.0010544849,0.2036798063,0.0008538264,0.4935228858,0.0026797389,0.0883922614,0.0006252801,0.2692489400,0.0004289710,0.1557624493,0.0006123335,0.0908606299,0.0003998499,0.5605654382,0.0007649354,80,96
0.6000000000,conformal_retrieval_filter,1,0.5583333333,0.0124264065,0.4776065632,0.0126023144,0.5188482825,0.0009701945,0.2036529938,0.0008729420,0.4929610242,0.0026930144,0.0883495846,0.0006460195,0.2691509358,0.0004491052,0.1555418063,0.0006143140,0.0910031884,0.0003985695,0.5605011330,0.0007194078,80,96
0.6000000000,conformal_retrieval_filter,2,0.5471354167,0.0142758516,0.4663971902,0.0145980705,0.5188177450,0.0009622971,0.2032509938,0.0008713066,0.4932877317,0.0028476279,0.0885759571,0.0006582275,0.2694326942,0.0004374635,0.1556884856,0.0006365909,0.0909146314,0.0003844495,0.5608015100,0.0007205762,80,96
0.6000000000,conformal_retrieval_filter,3,0.5608072917,0.0107031631,0.4800933012,0.0107577661,0.5186121200,0.0009169669,0.2037244313,0.0008781052,0.4934087114,0.0029383708,0.0882658789,0.0005277546,0.2691411629,0.0004300577,0.1558782626,0.0006134254,0.0909901564,0.0004066399,0.5607352037,0.0007140704,80,96
0.6000000000,conformal_retrieval_filter,4,0.5496093750,0.0119592725,0.4685638233,0.0121960115,0.5185815825,0.0009823147,0.2038226813,0.0009222906,0.4933677352,0.0030038935,0.0885272689,0.0005680796,0.2693478837,0.0004617123,0.1560540714,0.0006340844,0.0906844909,0.0004242306,0.5604052657,0.0007096478,80,96
0.6000000000,conformal_retrieval_filter,5,0.5390625000,0.0110968179,0.4580705807,0.0111674972,0.5190763075,0.0009988219,0.2034206813,0.0009136767,0.4935193552,0.0030639688,0.0887419227,0.0005406201,0.2696205275,0.0004364110,0.1561038523,0.0006891594,0.0908210464,0.0004365192,0.5601473637,0.0006933349,80,96
0.6000000000,conformal_retrieval_filter,6,0.5557291667,0.0127796559,0.4749322288,0.0131151848,0.5186955950,0.0009085741,0.2036439938,0.0009314757,0.4934740017,0.0030534039,0.0885105046,0.0006013019,0.2691369942,0.0005104423,0.1558851677,0.0006736885,0.0908175319,0.0004500260,0.5604822580,0.0006765362,80,96
0.6000000000,conformal_retrieval_filter,7,0.5557291667,0.0128208773,0.4748279337,0.0132256776,0.5193654075,0.0008956591,0.2037422438,0.0009561117,0.4934330255,0.0029412074,0.0886453696,0.0006565733,0.2691869442,0.0004729451,0.1560609765,0.0006994395,0.0907369789,0.0004580619,0.5607085980,0.0006511519,80,96
0.6000000000,conformal_retrieval_filter,8,0.5545572917,0.0117309773,0.4739238778,0.0119549350,0.5195099575,0.0008775902,0.2035903688,0.0009583452,0.4934008036,0.0028339023,0.0884836696,0.0006008445,0.2691782629,0.0004722934,0.1557251221,0.0007079236,0.0904273114,0.0004540150,0.5603076245,0.0006303142,80,96
0.6000000000,conformal_retrieval_filter,9,0.5510416667,0.0120107616,0.4701354752,0.0120962661,0.5201797700,0.0008709904,0.2039387438,0.0008704359,0.4931759855,0.0028823849,0.0887743621,0.0005613065,0.2692774317,0.0004226881,0.1555152957,0.0006935860,0.0905758729,0.0004372980,0.5606190070,0.0006206465,80,96
0.6000000000,contrastive_mechanism_memory,0,0.6158854167,0.0118880891,0.5920203204,0.0120852587,0.5756997450,0.0009390771,0.1551594957,0.0008327954,0.5482724592,0.0027598650,0.0769789147,0.0005985429,0.2653783567,0.0004442890,0.1357438930,0.0006515302,0.0772703424,0.0004356312,0.6279096099,0.0006779858,80,96
0.6000000000,contrastive_mechanism_memory,1,0.6239583333,0.0119336346,0.6003039723,0.0119990459,0.5758582950,0.0009028289,0.1552677457,0.0008246541,0.5485953079,0.0027742353,0.0769751672,0.0006005295,0.2651712108,0.0004569635,0.1354213530,0.0005546334,0.0769708369,0.0004224611,0.6280023989,0.0006588845,80,96
0.6000000000,contrastive_mechanism_memory,2,0.6187500000,0.0115688110,0.5948287374,0.0115944608,0.5754915825,0.0009525375,0.1553759957,0.0008046122,0.5480427192,0.0028997601,0.0769103322,0.0006148602,0.2653751150,0.0004565046,0.1354147209,0.0005935839,0.0770465189,0.0004156799,0.6279531169,0.0006723711,80,96
0.6000000000,contrastive_mechanism_memory,3,0.6236979167,0.0115275465,0.5997845647,0.0116840087,0.5756501325,0.0009403548,0.1552341207,0.0008074558,0.5476739723,0.0031270429,0.0769453259,0.0006136141,0.2652117192,0.0004306942,0.1354935739,0.0005988461,0.0766679739,0.0004240758,0.6278608134,0.0006408364,80,96
0.6000000000,contrastive_mechanism_memory,4,0.6148437500,0.0126753653,0.5908045655,0.0126233716,0.5761588575,0.0009749370,0.1554674332,0.0008373340,0.5478173563,0.0030061913,0.0771049453,0.0006443741,0.2653165900,0.0004147674,0.1354800421,0.0005557703,0.0768206944,0.0004199505,0.6278740626,0.0006845123,80,96
0.6000000000,contrastive_mechanism_memory,5,0.6199218750,0.0150320837,0.5959518560,0.0154083388,0.5759672325,0.0009974390,0.1554506207,0.0007717217,0.5481445823,0.0029834318,0.0770713122,0.0007132864,0.2653014462,0.0004478459,0.1355519954,0.0005894705,0.0768943754,0.0004035371,0.6280463914,0.0006453185,80,96
0.6000000000,contrastive_mechanism_memory,6,0.6259114583,0.0106460096,0.6022655073,0.0109841658,0.5763008700,0.0010305160,0.1549335582,0.0007712592,0.5479640545,0.0028757369,0.0769112178,0.0005832424,0.2651985046,0.0004274558,0.1357106271,0.0006127076,0.0768850149,0.0003741649,0.6280906561,0.0006667549,80,96
0.6000000000,contrastive_mechanism_memory,7,0.6233072917,0.0119603754,0.5994541765,0.0120967314,0.5757590700,0.0010534176,0.1550418082,0.0007881019,0.5479367282,0.0028640068,0.0769495828,0.0005559213,0.2653659504,0.0004591517,0.1356945403,0.0006382726,0.0768106219,0.0003843626,0.6281274171,0.0006460842,80,96
0.6000000000,contrastive_mechanism_memory,8,0.6173177083,0.0116943748,0.5934187823,0.0119917960,0.5759176200,0.0010226812,0.1552751207,0.0007534281,0.5479050248,0.0028322274,0.0770576397,0.0005457141,0.2652806421,0.0004855422,0.1353840100,0.0006511785,0.0768132674,0.0003610643,0.6281126524,0.0007115795,80,96
0.6000000000,contrastive_mechanism_memory,9,0.6179687500,0.0110984523,0.5940473089,0.0111065953,0.5755509075,0.0009692624,0.1553833707,0.0007884773,0.5477026110,0.0027983604,0.0770374109,0.0005331751,0.2651023650,0.0004308309,0.1351709747,0.0006497843,0.0770390244,0.0003735388,0.6277632204,0.0006932395,80,96
0.6000000000,invariant_mechanism_alignment,0,0.5971354167,0.0121969861,0.5544243721,0.0124505617,0.5598831450,0.0009730061,0.1682031683,0.0007386109,0.5329015056,0.0030363869,0.0801072593,0.0005535711,0.2747018317,0.0004273589,0.1429448355,0.0005823827,0.0812663037,0.0004144087,0.6005103615,0.0006866173,80,96
0.6000000000,invariant_mechanism_alignment,1,0.5950520833,0.0129655194,0.5524756251,0.0131548769,0.5596985200,0.0009333546,0.1683164183,0.0007652320,0.5332311794,0.0030271443,0.0800645618,0.0005367756,0.2745648358,0.0004326864,0.1427264476,0.0006636252,0.0813450657,0.0004308659,0.6008795465,0.0006815052,80,96
0.6000000000,invariant_mechanism_alignment,2,0.5927083333,0.0119225757,0.5500170185,0.0120373650,0.5598640700,0.0009108715,0.1683046058,0.0008001666,0.5326897928,0.0028740194,0.0802429099,0.0005151555,0.2743564483,0.0004098853,0.1426181610,0.0006810066,0.0810466392,0.0004314819,0.6008840493,0.0006389438,80,96
0.6000000000,invariant_mechanism_alignment,3,0.5901041667,0.0130503223,0.5470438640,0.0132715310,0.5598545325,0.0009900107,0.1686679808,0.0007705357,0.5328356247,0.0028315571,0.0803771712,0.0005361249,0.2746769692,0.0004335720,0.1428145379,0.0007108691,0.0811294032,0.0004419630,0.6008520338,0.0006901692,80,96
0.6000000000,invariant_mechanism_alignment,4,0.5949218750,0.0120403444,0.5517137983,0.0123867886,0.5594948200,0.0010050531,0.1684060433,0.0007480957,0.5324780800,0.0029250250,0.0805591793,0.0005256467,0.2747435087,0.0004575446,0.1427917365,0.0007305844,0.0812771997,0.0004397936,0.6009295730,0.0006692291,80,96
0.6000000000,invariant_mechanism_alignment,5,0.5861979167,0.0114736376,0.5428368604,0.0116024960,0.5591351075,0.0009542052,0.1686443558,0.0007856078,0.5326282890,0.0027893242,0.0809449174,0.0005152780,0.2745494067,0.0004512264,0.1422820568,0.0007240793,0.0809827752,0.0003947323,0.6008770473,0.0006404337,80,96
0.6000000000,invariant_mechanism_alignment,6,0.6006510417,0.0123430280,0.5578397726,0.0124502072,0.5594757450,0.0009980382,0.1681322933,0.0008150815,0.5328047612,0.0027639044,0.0807108668,0.0005291064,0.2745560879,0.0004881824,0.1419382375,0.0007178817,0.0809764947,0.0004109699,0.6013257720,0.0006949720,80,96
0.6000000000,invariant_mechanism_alignment,7,0.6075520833,0.0116210015,0.5644513560,0.0121007560,0.5594662075,0.0009766743,0.1683706058,0.0008439584,0.5319044453,0.0027503251,0.0807403174,0.0005751807,0.2744433858,0.0004795980,0.1418476672,0.0007169326,0.0810572577,0.0003738395,0.6010011103,0.0007371670,80,96
0.6000000000,invariant_mechanism_alignment,8,0.6032552083,0.0122531964,0.5604507381,0.0124810619,0.5598068450,0.0010358244,0.1682337308,0.0008907716,0.5318926984,0.0026511911,0.0804948424,0.0006267590,0.2744124171,0.0004931878,0.1417242193,0.0006554282,0.0812070552,0.0003862071,0.6013272738,0.0007432585,80,96
0.6000000000,invariant_mechanism_alignment,9,0.6037760417,0.0119824132,0.5609700214,0.0123642067,0.5601474825,0.0010327935,0.1683469808,0.0009078774,0.5320472847,0.0026163874,0.0804052699,0.0006254529,0.2746141504,0.0004641309,0.1418091330,0.0005829008,0.0814358922,0.0003740908,0.6009380798,0.0007375507,80,96
0.6000000000,learned_expected_utility_retrieval,0,0.6296875000,0.0131800694,0.6060391241,0.0133961011,0.5814823950,0.0010382664,0.1494029766,0.0007828982,0.5599801248,0.0028432833,0.0754142584,0.0006112406,0.2889816525,0.0003825676,0.1319895617,0.0007042940,0.0748401006,0.0004172651,0.6386066630,0.0007526839,80,96
0.6000000000,learned_expected_utility_retrieval,1,0.6347656250,0.0122270623,0.6109670704,0.0125266861,0.5813327700,0.0009915781,0.1495412266,0.0007721156,0.5598186611,0.0028703842,0.0754094796,0.0006133948,0.2890595463,0.0004196525,0.1320012393,0.0007044085,0.0751593751,0.0004232141,0.6384968980,0.0007131089,80,96
0.6000000000,learned_expected_utility_retrieval,2,0.6335937500,0.0110925079,0.6093406647,0.0112396983,0.5808329700,0.0009435256,0.1499296016,0.0007674040,0.5587730054,0.0026837806,0.0753846346,0.0005990527,0.2890748650,0.0004359109,0.1318399880,0.0006099186,0.0748823516,0.0004158850,0.6384441615,0.0006553089,80,96
0.6000000000,learned_expected_utility_retrieval,3,0.6329427083,0.0123339406,0.6089140441,0.0124574886,0.5812086075,0.0009505584,0.1495676016,0.0007584697,0.5591543129,0.0028779112,0.0754479634,0.0005863520,0.2892329671,0.0004373727,0.1318193844,0.0006406670,0.0751185846,0.0003849631,0.6389066825,0.0006578065,80,96
0.6000000000,learned_expected_utility_retrieval,4,0.6300781250,0.0110521132,0.6056930142,0.0112919310,0.5808838950,0.0009463988,0.1497058516,0.0007934560,0.5586426742,0.0028193979,0.0756611909,0.0006059935,0.2891219087,0.0004659059,0.1319374152,0.0005616815,0.0752127466,0.0003961526,0.6388829605,0.0006810432,80,96
0.6000000000,learned_expected_utility_retrieval,5,0.6264322917,0.0125748981,0.6024936450,0.0128751557,0.5814346200,0.0009688157,0.1492187891,0.0008203546,0.5588532714,0.0027765592,0.0753944840,0.0006564273,0.2892469004,0.0004933591,0.1320143066,0.0005928584,0.0750717911,0.0004176895,0.6391668923,0.0007455248,80,96
0.6000000000,learned_expected_utility_retrieval,6,0.6315104167,0.0128889883,0.6077822854,0.0130206520,0.5816351700,0.0009816896,0.1488567891,0.0008065906,0.5592345789,0.0028885139,0.0753546877,0.0006205195,0.2892497567,0.0004825618,0.1323939031,0.0005581287,0.0750078741,0.0004454233,0.6391151563,0.0007514225,80,96
0.6000000000,learned_expected_utility_retrieval,7,0.6389322917,0.0107308575,0.6153968182,0.0107675400,0.5818357200,0.0009633030,0.1488699766,0.0008254828,0.5594276673,0.0028725482,0.0752989671,0.0005975985,0.2892948379,0.0004684913,0.1319933709,0.0005983855,0.0749499601,0.0004279388,0.6392410090,0.0007420638,80,96
0.6000000000,learned_expected_utility_retrieval,8,0.6377604167,0.0114563792,0.6143136902,0.0116782957,0.5822113575,0.0009696078,0.1488831641,0.0008511357,0.5590954933,0.0028552322,0.0749477090,0.0005668070,0.2893101567,0.0004492628,0.1323026435,0.0006156429,0.0747419711,0.0004429586,0.6386805188,0.0007401007,80,96
0.6000000000,learned_expected_utility_retrieval,9,0.6368489583,0.0122937689,0.6131587707,0.0124023408,0.5818866450,0.0009594489,0.1492715391,0.0008625087,0.5591003626,0.0028965698,0.0751432890,0.0005961090,0.2890216796,0.0004193568,0.1323225827,0.0006505661,0.0745399851,0.0003978406,0.6385417393,0.0007156841,80,96
0.6000000000,model_predictive_retrieval_arbitration,0,0.6389322917,0.0106939157,0.6293726368,0.0108563734,0.5930470825,0.0009490802,0.1406603183,0.0008106038,0.5707542054,0.0028815554,0.0727002910,0.0005522740,0.2810253254,0.0004210925,0.1261879586,0.0006789155,0.0725964556,0.0003985639,0.6551526475,0.0006911379,80,96
0.6000000000,model_predictive_retrieval_arbitration,1,0.6390625000,0.0122849471,0.6295026641,0.0125525939,0.5932756325,0.0009583532,0.1406935058,0.0007950101,0.5704493313,0.0030068325,0.0727141829,0.0005741202,0.2808843400,0.0004603826,0.1261134398,0.0006606123,0.0729260491,0.0004045526,0.6553955903,0.0006810586,80,96
0.6000000000,model_predictive_retrieval_arbitration,2,0.6552083333,0.0093912734,0.6458510498,0.0094214076,0.5935041825,0.0009270002,0.1409768183,0.0007160933,0.5706609654,0.0028898424,0.0724573023,0.0005350389,0.2805191358,0.0004226696,0.1262409794,0.0006473019,0.0730345321,0.0004134462,0.6552233255,0.0006562113,80,96
0.6000000000,model_predictive_retrieval_arbitration,3,0.6451822917,0.0123931557,0.6359069220,0.0126151377,0.5939078200,0.0009558478,0.1406348183,0.0007159476,0.5710695729,0.0028886091,0.0726277435,0.0005902281,0.2806704129,0.0004463970,0.1265369345,0.0006626160,0.0728328601,0.0004180758,0.6551025865,0.0006539856,80,96
0.6000000000,model_predictive_retrieval_arbitration,4,0.6490885417,0.0119667154,0.6397370944,0.0120261943,0.5941363700,0.0009597790,0.1409181308,0.0007347866,0.5709310319,0.0028938193,0.0725911754,0.0005905706,0.2806266379,0.0003830953,0.1264706773,0.0006581630,0.0729413431,0.0004307948,0.6552304718,0.0006980034,80,96
0.6000000000,model_predictive_retrieval_arbitration,5,0.6369791667,0.0118197906,0.6273174693,0.0119562582,0.5941898325,0.0009898824,0.1408262558,0.0007802270,0.5702803600,0.0028528235,0.0725915129,0.0006234796,0.2811072317,0.0003949157,0.1265968550,0.0005883573,0.0728937481,0.0004543283,0.6552668113,0.0007668939,80,96
0.6000000000,model_predictive_retrieval_arbitration,6,0.6503906250,0.0122620747,0.6410086464,0.0125035255,0.5938931200,0.0009798591,0.1408594433,0.0008036441,0.5705007485,0.0028022541,0.0722162673,0.0006537689,0.2809303838,0.0003917870,0.1266129315,0.0005906250,0.0729982291,0.0004644124,0.6552676330,0.0007246251,80,96
0.6000000000,model_predictive_retrieval_arbitration,7,0.6432291667,0.0116080824,0.6333797261,0.0117907256,0.5934213200,0.0009910377,0.1410176933,0.0008312694,0.5700164097,0.0027202449,0.0724452010,0.0006120348,0.2811916317,0.0004124850,0.1265472708,0.0005837371,0.0725044111,0.0004086259,0.6552469440,0.0006990770,80,96
0.6000000000,model_predictive_retrieval_arbitration,8,0.6462239583,0.0114705833,0.6366448907,0.0116575427,0.5932996950,0.0009747490,0.1406756933,0.0008076041,0.5700748422,0.0026251586,0.0723062298,0.0006354759,0.2810855796,0.0004387363,0.1265493790,0.0006194599,0.0726028891,0.0004063383,0.6552842840,0.0006672039,80,96
0.6000000000,model_predictive_retrieval_arbitration,9,0.6375000000,0.0115961443,0.6277492396,0.0115722027,0.5935282450,0.0009912403,0.1407088808,0.0007819547,0.5704703182,0.0028009207,0.0727046092,0.0005852927,0.2812186275,0.0004324629,0.1265623039,0.0005640936,0.0725572951,0.0003978821,0.6554271768,0.0006833189,80,96
0.6000000000,oracle_mechanism_retrieval,0,0.7825520833,0.0105725347,0.9187490518,0.0104259163,0.7340655825,0.0008777470,0.0571021142,0.0007186810,0.6782849925,0.0029078461,0.0433875605,0.0005170185,0.1857560108,0.0004273707,0.0804541853,0.0006960408,0.0451806618,0.0004286951,0.8614227197,0.0005949140,80,96
0.6000000000,oracle_mechanism_retrieval,1,0.7966145833,0.0101498556,0.9330159468,0.0099270553,0.7345603075,0.0009067873,0.0568251767,0.0006724302,0.6787824103,0.0028878715,0.0432430374,0.0005424139,0.1855340483,0.0004268954,0.0805033696,0.0006675575,0.0451691433,0.0004295413,0.8616575640,0.0005809249,80,96
0.6000000000,oracle_mechanism_retrieval,2,0.7864583333,0.0095196212,0.9224720198,0.0093439259,0.7347048575,0.0009825538,0.0567983642,0.0006603503,0.6785707238,0.0028446827,0.0434769230,0.0005858418,0.1857261858,0.0004482598,0.0805765734,0.0006733500,0.0451616268,0.0003815552,0.8615492367,0.0006256793,80,96
0.6000000000,oracle_mechanism_retrieval,3,0.7904947917,0.0109622322,0.9266887753,0.0107955866,0.7344992325,0.0009979546,0.0568966142,0.0006848494,0.6787048350,0.0027958470,0.0432389817,0.0005933400,0.1857946629,0.0004389308,0.0803490306,0.0005327473,0.0452311488,0.0003743261,0.8618055917,0.0006577557,80,96
0.6000000000,oracle_mechanism_retrieval,4,0.7898437500,0.0108824092,0.9254157172,0.0105934272,0.7344686950,0.0009811767,0.0567447392,0.0006284943,0.6781473506,0.0027690711,0.0433680567,0.0005628041,0.1859287650,0.0004399638,0.0805228810,0.0005419877,0.0454467438,0.0003829764,0.8614906612,0.0007133439,80,96
0.6000000000,oracle_mechanism_retrieval,5,0.7858072917,0.0119128561,0.9210160533,0.0113874596,0.7342630700,0.0010055477,0.0569680517,0.0006505344,0.6781019972,0.0027500916,0.0432841824,0.0006008085,0.1859601879,0.0003935006,0.0806043464,0.0005511623,0.0455182668,0.0003989787,0.8614393625,0.0007200446,80,96
0.6000000000,oracle_mechanism_retrieval,6,0.7947916667,0.0110962235,0.9310314408,0.0109863987,0.7344076200,0.0009966150,0.0570663017,0.0006778625,0.6782361084,0.0027307849,0.0429571786,0.0006117144,0.1859593942,0.0004476422,0.0806769536,0.0005877245,0.0453626763,0.0003825043,0.8617237315,0.0007085226,80,96
0.6000000000,oracle_mechanism_retrieval,7,0.7915364583,0.0100290418,0.9271743588,0.0098016412,0.7333265575,0.0010669596,0.0570394892,0.0007119802,0.6787247719,0.0026569841,0.0428417330,0.0006122936,0.1859048421,0.0004233876,0.0808376011,0.0006103130,0.0455802723,0.0003897084,0.8613172552,0.0007454171,80,96
0.6000000000,oracle_mechanism_retrieval,8,0.7940104167,0.0104760228,0.9299206226,0.0102600630,0.7332960200,0.0010301804,0.0566374892,0.0007419578,0.6781760419,0.0027381546,0.0428970492,0.0005797713,0.1858451192,0.0004302594,0.0805998383,0.0006151894,0.0454917153,0.0003896154,0.8615175822,0.0007233012,80,96
0.6000000000,oracle_mechanism_retrieval,9,0.7859375000,0.0093793265,0.9224618342,0.0093047177,0.7325651325,0.0009645359,0.0563605517,0.0007292919,0.6784983722,0.0027132797,0.0429258511,0.0005635381,0.1861581650,0.0004099824,0.0807522241,0.0005940267,0.0456302718,0.0004001658,0.8616543775,0.0007070869,80,96
0.6000000000,proposed_mechanism_retrieval_controller_v4,0,0.6626302083,0.0131980410,0.6825230513,0.0133390484,0.6063634325,0.0009157817,0.1250021987,0.0007586418,0.5752262895,0.0028431519,0.0666270477,0.0005834266,0.2395217296,0.0004562084,0.1197692457,0.0006469269,0.0713776132,0.0004113573,0.6870139927,0.0007469328,80,96
0.6000000000,proposed_mechanism_retrieval_controller_v4,1,0.6554687500,0.0116550051,0.6750583016,0.0118363781,0.6060947200,0.0009213187,0.1249303237,0.0008002043,0.5749530927,0.0028039127,0.0669269102,0.0006062317,0.2398700150,0.0004119593,0.1195053289,0.0006617853,0.0713423382,0.0004193115,0.6870393582,0.0006931126,80,96
0.6000000000,proposed_mechanism_retrieval_controller_v4,2,0.6634114583,0.0117160685,0.6827040329,0.0119140510,0.6060010950,0.0009278762,0.1252336362,0.0007773057,0.5750169392,0.0028784766,0.0670561983,0.0005480294,0.2398567671,0.0004209295,0.1198525287,0.0006654707,0.0712380287,0.0004023277,0.6871562694,0.0006549133,80,96
0.6000000000,proposed_mechanism_retrieval_controller_v4,3,0.6617187500,0.0103238161,0.6808644540,0.0104221497,0.6052071200,0.0010489471,0.1249116362,0.0007902824,0.5751026717,0.0029152543,0.0673151520,0.0004952319,0.2399033775,0.0004370234,0.1199710955,0.0006901530,0.0713488267,0.0003890639,0.6873547214,0.0006408164,80,96
0.6000000000,proposed_mechanism_retrieval_controller_v4,4,0.6665364583,0.0100553133,0.6858301907,0.0103380617,0.6052885825,0.0009999025,0.1245896362,0.0008269116,0.5751884042,0.0028377221,0.0673818808,0.0005401352,0.2398588421,0.0004486946,0.1199896124,0.0006721525,0.0715346622,0.0003741936,0.6873230584,0.0006771326,80,96
0.6000000000,proposed_mechanism_retrieval_controller_v4,5,0.6667968750,0.0115282259,0.6863236409,0.0117599606,0.6051949575,0.0009777418,0.1246428237,0.0008543970,0.5754360927,0.0028366802,0.0671817164,0.0005640953,0.2397280338,0.0004461146,0.1198219974,0.0006881469,0.0718015382,0.0003639408,0.6873549272,0.0007096229,80,96
0.6000000000,proposed_mechanism_retrieval_controller_v4,6,0.6647135417,0.0111950111,0.6842400671,0.0114000514,0.6049262450,0.0010300917,0.1246960112,0.0007508070,0.5751585186,0.0026617977,0.0671738145,0.0006132620,0.2395550004,0.0004794140,0.1195637872,0.0006859699,0.0716932267,0.0003785410,0.6872727389,0.0006994391,80,96
0.6000000000,proposed_mechanism_retrieval_controller_v4,7,0.6647135417,0.0107930628,0.6842781004,0.0109715397,0.6058831450,0.0010281449,0.1248742612,0.0007805044,0.5747014799,0.0027815930,0.0670621295,0.0006035774,0.2396529504,0.0004548677,0.1193144351,0.0006854471,0.0718870662,0.0003862739,0.6870809959,0.0006500507,80,96
0.6000000000,proposed_mechanism_retrieval_controller_v4,8,0.6548177083,0.0112868369,0.6740474189,0.0115852409,0.6056144325,0.0010200054,0.1250525112,0.0007542381,0.5747697036,0.0027708204,0.0674287195,0.0006060975,0.2397393671,0.0004711435,0.1192557283,0.0006525131,0.0716306807,0.0004275074,0.6870913539,0.0006431716,80,96
0.6000000000,proposed_mechanism_retrieval_controller_v4,9,0.6598958333,0.0130351516,0.6791513309,0.0133020688,0.6055208075,0.0010235328,0.1251056987,0.0007989013,0.5748423045,0.0029747375,0.0673669489,0.0006188160,0.2397662233,0.0004312136,0.1191913150,0.0006218043,0.0715974067,0.0004310732,0.6871232227,0.0007008246,80,96
0.6000000000,retrieved_context_behavior_clone,0,0.5223958333,0.0125715212,0.3704018682,0.0128239993,0.4648712450,0.0010195916,0.2949779377,0.0009151189,0.4323836262,0.0029118759,0.1124582806,0.0006477078,0.2287000733,0.0004822058,0.1815337719,0.0006687579,0.1171235125,0.0004127921,0.6504568733,0.0007301692,80,96
0.6000000000,retrieved_context_behavior_clone,1,0.5014322917,0.0132591177,0.3485383540,0.0135439867,0.4641823575,0.0010481698,0.2954813752,0.0008612952,0.4321953809,0.0028579274,0.1131669275,0.0006005372,0.2286863254,0.0004645459,0.1819545650,0.0006545912,0.1169924050,0.0004268866,0.6503741061,0.0006770101,80,96
0.6000000000,retrieved_context_behavior_clone,2,0.5209635417,0.0129813748,0.3688424344,0.0132436474,0.4643689075,0.0010602015,0.2949843127,0.0009219846,0.4322172406,0.0028424824,0.1124763331,0.0006197795,0.2284808379,0.0004538751,0.1818263037,0.0006449998,0.1169203270,0.0004034337,0.6505214538,0.0007446823,80,96
0.6000000000,retrieved_context_behavior_clone,3,0.5138020833,0.0131443661,0.3612685537,0.0134976816,0.4643803700,0.0010725168,0.2952376252,0.0009548018,0.4320377496,0.0028519050,0.1128439963,0.0006723326,0.2284989733,0.0003732001,0.1819355336,0.0005776072,0.1170853675,0.0003601750,0.6506097721,0.0007163771,80,96
0.6000000000,retrieved_context_behavior_clone,4,0.5179687500,0.0113115356,0.3652762403,0.0115578304,0.4642167450,0.0010159387,0.2954909377,0.0009745801,0.4322084337,0.0028351060,0.1128576781,0.0006710562,0.2284335525,0.0003818016,0.1822385604,0.0005796071,0.1171753705,0.0003749170,0.6508841833,0.0007477891,80,96
0.6000000000,retrieved_context_behavior_clone,5,0.5154947917,0.0106633424,0.3632413459,0.0108335305,0.4642282075,0.0010028164,0.2951189377,0.0010401391,0.4327511787,0.0028549188,0.1127220069,0.0005512515,0.2287612504,0.0003837140,0.1816063010,0.0006315553,0.1172553685,0.0003639393,0.6506098203,0.0007221759,80,96
0.6000000000,retrieved_context_behavior_clone,6,0.5121093750,0.0120044105,0.3597514253,0.0122044993,0.4645898450,0.0009784762,0.2947469377,0.0010066665,0.4317181362,0.0026026245,0.1126777794,0.0006314295,0.2288015587,0.0004476009,0.1819028557,0.0006431811,0.1174854415,0.0003770421,0.6508637213,0.0007009119,80,96
0.6000000000,retrieved_context_behavior_clone,7,0.5096354167,0.0122993003,0.3572461974,0.0127178713,0.4647763950,0.0009454934,0.2951253127,0.0009495203,0.4318844431,0.0025832515,0.1126696719,0.0006261064,0.2288291067,0.0004301647,0.1816112891,0.0006386821,0.1175024080,0.0003893469,0.6509585428,0.0006851536,80,96
0.6000000000,retrieved_context_behavior_clone,8,0.5183593750,0.0129342920,0.3659908562,0.0131673567,0.4646127700,0.0009056530,0.2952535627,0.0009970027,0.4324096793,0.0026436412,0.1126676056,0.0005989065,0.2287749213,0.0004306885,0.1818022561,0.0006553375,0.1174403350,0.0004192216,0.6507402078,0.0006533191,80,96
0.6000000000,retrieved_context_behavior_clone,9,0.5252604167,0.0126117233,0.3727851322,0.0127403377,0.4644491450,0.0009000272,0.2953818127,0.0010444107,0.4315342156,0.0027648128,0.1123982019,0.0005783499,0.2286712192,0.0004523132,0.1818183357,0.0006792488,0.1173782620,0.0004237131,0.6504218228,0.0006726631,80,96
0.6000000000,test_time_retrieval_adaptation,0,0.5904947917,0.0107838925,0.5245004113,0.0109249157,0.5453918325,0.0009212808,0.1816885331,0.0008510537,0.5190857303,0.0027339560,0.0834500286,0.0006011407,0.2993118754,0.0003647650,0.1481722108,0.0006541519,0.0847453570,0.0004115024,0.5743459846,0.0006191851,80,96
0.6000000000,test_time_retrieval_adaptation,1,0.5864583333,0.0105664505,0.5203628341,0.0107450345,0.5455643825,0.0008932858,0.1815566581,0.0008306068,0.5189057210,0.0027164839,0.0835784036,0.0005917621,0.2993552983,0.0003539185,0.1483561666,0.0006210349,0.0844480095,0.0004273582,0.5738620011,0.0007070974,80,96
0.6000000000,test_time_retrieval_adaptation,2,0.5813802083,0.0131960419,0.5149825593,0.0134244901,0.5459120200,0.0008704810,0.1817999706,0.0007935003,0.5187125800,0.0027985445,0.0838268292,0.0006227210,0.2997134546,0.0004121003,0.1480569922,0.0006004784,0.0844568150,0.0004229194,0.5735696134,0.0006454266,80,96
0.6000000000,test_time_retrieval_adaptation,3,0.5800781250,0.0132732870,0.5136346802,0.0133645479,0.5462596575,0.0008582536,0.1820432831,0.0007543389,0.5185194391,0.0029622044,0.0836320986,0.0005639126,0.2997936337,0.0003837981,0.1481580178,0.0006286274,0.0842405080,0.0004129521,0.5739775756,0.0006436740,80,96
0.6000000000,test_time_retrieval_adaptation,4,0.5863281250,0.0112602172,0.5204585278,0.0114624081,0.5460820325,0.0009668929,0.1814111581,0.0007991079,0.5192323760,0.0029639246,0.0833151873,0.0005609742,0.2999181587,0.0003648444,0.1482033393,0.0006459989,0.0843103440,0.0004057646,0.5739958431,0.0006912369,80,96
0.6000000000,test_time_retrieval_adaptation,5,0.5811197917,0.0120605955,0.5148203869,0.0121485567,0.5459044075,0.0010427895,0.1816544706,0.0008253445,0.5188641475,0.0030345938,0.0834909192,0.0005673755,0.3002031004,0.0003870640,0.1482074665,0.0006669729,0.0842441120,0.0003989784,0.5739615844,0.0007525575,80,96
0.6000000000,test_time_retrieval_adaptation,6,0.5873697917,0.0107649157,0.5213874527,0.0109403875,0.5457267825,0.0010882291,0.1812724706,0.0008233858,0.5195683300,0.0030390691,0.0834916667,0.0005931926,0.3002525879,0.0003679458,0.1481641512,0.0006508449,0.0842429125,0.0003922587,0.5742649944,0.0007705583,80,96
0.6000000000,test_time_retrieval_adaptation,7,0.5786458333,0.0122246683,0.5120942343,0.0122559489,0.5448488075,0.0010117051,0.1815157831,0.0008458678,0.5186748391,0.0029588258,0.0836556423,0.0005645902,0.3002865983,0.0004148117,0.1481777331,0.0006684956,0.0842517180,0.0003804130,0.5735744076,0.0007206421,80,96
0.6000000000,test_time_retrieval_adaptation,8,0.5761718750,0.0127045686,0.5099469395,0.0129532796,0.5450213575,0.0009823496,0.1815089706,0.0008765476,0.5193658900,0.0029208771,0.0836145717,0.0005562088,0.3000830338,0.0004403566,0.1480514877,0.0006418226,0.0844065965,0.0003899379,0.5738833204,0.0007072122,80,96
0.6000000000,test_time_retrieval_adaptation,9,0.5755208333,0.0128434928,0.5092779558,0.0129716754,0.5453689950,0.0009714319,0.1816272206,0.0008406226,0.5195273013,0.0028790688,0.0836244804,0.0005775851,0.3000790608,0.0004515175,0.1482405535,0.0006561079,0.0844884385,0.0004097503,0.5736984864,0.0006899928,80,96
0.8000000000,action_conditioned_mechanism_retrieval_v5,0,0.7187500000,0.0112941756,0.7781347699,0.0112833079,0.6556093725,0.0008689175,0.0996488785,0.0006085232,0.6279192663,0.0029592688,0.0626245090,0.0004370032,0.2291986200,0.0004165750,0.1116774127,0.0005326743,0.0623085086,0.0003636701,0.7371941671,0.0005195002,80,96
0.8000000000,action_conditioned_mechanism_retrieval_v5,1,0.7058593750,0.0115610762,0.7647764681,0.0115770432,0.6556838350,0.0008572691,0.0998221285,0.0006151082,0.6271052275,0.0029619895,0.0628165427,0.0004519005,0.2294740387,0.0004260668,0.1116303617,0.0005245438,0.0625743056,0.0003657852,0.7374283791,0.0005035080,80,96
0.8000000000,action_conditioned_mechanism_retrieval_v5,2,0.7082031250,0.0116986040,0.7675716577,0.0118340901,0.6561084725,0.0008561966,0.0993700660,0.0006116472,0.6271885122,0.0029828025,0.0625405109,0.0004591085,0.2294611387,0.0004441687,0.1116390697,0.0005138824,0.0626049851,0.0003839322,0.7375280238,0.0005320560,80,96
0.8000000000,action_conditioned_mechanism_retrieval_v5,3,0.7096354167,0.0114298658,0.7689639923,0.0115835545,0.6560078475,0.0008775613,0.0999185035,0.0006153145,0.6275869544,0.0029537535,0.0625760327,0.0004881139,0.2293109242,0.0004132715,0.1112869275,0.0004914498,0.0626516726,0.0003879853,0.7375256176,0.0005098887,80,96
0.8000000000,action_conditioned_mechanism_retrieval_v5,4,0.7106770833,0.0098128529,0.7698466673,0.0097962020,0.6562573975,0.0008855482,0.0999666910,0.0006387342,0.6274776428,0.0028616247,0.0625835684,0.0004467618,0.2293912908,0.0003983843,0.1117218135,0.0004792163,0.0625402811,0.0004004010,0.7375812403,0.0005359067,80,96
0.8000000000,action_conditioned_mechanism_retrieval_v5,5,0.7220052083,0.0118002091,0.7809700635,0.0119404718,0.6559816850,0.0009093510,0.0997647535,0.0006461532,0.6265016481,0.0027463213,0.0625385140,0.0004282872,0.2294026846,0.0004012021,0.1118608942,0.0004756219,0.0624999251,0.0004046672,0.7375097996,0.0005077305,80,96
0.8000000000,action_conditioned_mechanism_retrieval_v5,6,0.7053385417,0.0108180886,0.7640781061,0.0109055516,0.6557059725,0.0009023151,0.0998129410,0.0006603726,0.6267425116,0.0027339782,0.0627147246,0.0004157484,0.2296559304,0.0004295281,0.1119893271,0.0004922982,0.0624635711,0.0004072138,0.7379236013,0.0005027053,80,96
0.8000000000,action_conditioned_mechanism_retrieval_v5,7,0.7096354167,0.0107580591,0.7686798470,0.0107488031,0.6557804350,0.0008901150,0.0998611285,0.0006710567,0.6266332000,0.0025367818,0.0623635165,0.0004413064,0.2293155367,0.0004306616,0.1119239632,0.0004928175,0.0622771421,0.0004075258,0.7373649171,0.0005338945,80,96
0.8000000000,action_conditioned_mechanism_retrieval_v5,8,0.7153645833,0.0106867049,0.7744983463,0.0108182336,0.6556798100,0.0009036945,0.0995341285,0.0006906210,0.6267121075,0.0025623795,0.0624104890,0.0004975443,0.2292552408,0.0004119941,0.1121384778,0.0004991228,0.0621597476,0.0003927443,0.7376151371,0.0005340682,80,96
0.8000000000,action_conditioned_mechanism_retrieval_v5,9,0.7186197917,0.0117660645,0.7782727032,0.0118571656,0.6557542725,0.0008986962,0.0990820660,0.0006501420,0.6267953922,0.0026852722,0.0621180509,0.0004550468,0.2290044679,0.0003902988,0.1120471359,0.0005248633,0.0623405021,0.0003867093,0.7377868178,0.0005233646,80,96
0.8000000000,conformal_retrieval_filter,0,0.5113281250,0.0118314681,0.4119007688,0.0119100291,0.5095985225,0.0010088793,0.2183179419,0.0006496978,0.4871123990,0.0026693091,0.0962092747,0.0004825874,0.2741968762,0.0003848346,0.1667448942,0.0005024768,0.0963781761,0.0003765138,0.5437201053,0.0005285216,80,96
0.8000000000,conformal_retrieval_filter,1,0.5132812500,0.0128459318,0.4137133258,0.0128632763,0.5090427225,0.0009626158,0.2182911294,0.0006601619,0.4865505375,0.0026910305,0.0962251916,0.0004950460,0.2741444450,0.0004529842,0.1665242511,0.0004943299,0.0965207346,0.0003819070,0.5436558000,0.0005168096,80,96
0.8000000000,conformal_retrieval_filter,2,0.5114583333,0.0118170002,0.4120248278,0.0120685713,0.5090121850,0.0009188975,0.2178891294,0.0006358293,0.4868772450,0.0028384333,0.0962828141,0.0004565345,0.2742949533,0.0004267326,0.1666709304,0.0004956391,0.0964321776,0.0003870786,0.5439561770,0.0005282417,80,96
0.8000000000,conformal_retrieval_filter,3,0.5072916667,0.0112731327,0.4076048294,0.0110976548,0.5088065600,0.0008724711,0.2183625669,0.0006316803,0.4869982247,0.0029347707,0.0962938297,0.0004282346,0.2742531617,0.0004146554,0.1668607075,0.0004827165,0.0965077026,0.0003970271,0.5438898708,0.0005459219,80,96
0.8000000000,conformal_retrieval_filter,4,0.5059895833,0.0124485465,0.4061251641,0.0123985128,0.5087760225,0.0008445290,0.2184608169,0.0006510604,0.4869572484,0.0030035140,0.0963770947,0.0004262879,0.2743213408,0.0004098743,0.1670365163,0.0004807154,0.0962020371,0.0004040122,0.5435599328,0.0005282822,80,96
0.8000000000,conformal_retrieval_filter,5,0.5093750000,0.0107655667,0.4097809995,0.0109179334,0.5092707475,0.0008322809,0.2180588169,0.0006362229,0.4871088684,0.0030472312,0.0963409672,0.0004081198,0.2743989325,0.0004579441,0.1670862971,0.0005202153,0.0963385926,0.0004086619,0.5433020308,0.0005265602,80,96
0.8000000000,conformal_retrieval_filter,6,0.5121093750,0.0125260243,0.4124935695,0.0126215273,0.5088900350,0.0007700830,0.2182821294,0.0006490886,0.4870635150,0.0030288966,0.0963603303,0.0004251110,0.2741104512,0.0004493441,0.1668676126,0.0005262617,0.0963350781,0.0004087665,0.5436369250,0.0005217129,80,96
0.8000000000,conformal_retrieval_filter,7,0.5131510417,0.0136270893,0.4134471494,0.0137877275,0.5095598475,0.0007648196,0.2183803794,0.0006613820,0.4870225387,0.0029089745,0.0964764453,0.0004545299,0.2741458179,0.0004444398,0.1670434214,0.0005331870,0.0962545251,0.0004066037,0.5438632650,0.0005156191,80,96
0.8000000000,conformal_retrieval_filter,8,0.5208333333,0.0113756390,0.4215350310,0.0115427276,0.5097043975,0.0007652239,0.2182285044,0.0006663695,0.4869903168,0.0028080455,0.0961553703,0.0004042050,0.2740131783,0.0004386667,0.1667075670,0.0005439106,0.0959448576,0.0003979826,0.5434622915,0.0005021166,80,96
0.8000000000,conformal_retrieval_filter,9,0.5161458333,0.0123641504,0.4165565191,0.0125270532,0.5103742100,0.0007682969,0.2185768794,0.0006527543,0.4867654987,0.0028548078,0.0964671566,0.0004355350,0.2741287533,0.0004394460,0.1664977406,0.0005560678,0.0960934191,0.0003861012,0.5437736740,0.0004922332,80,96
0.8000000000,contrastive_mechanism_memory,0,0.5841145833,0.0112753265,0.5430209047,0.0113105261,0.5658941850,0.0008487485,0.1670549906,0.0006184702,0.5419579648,0.0027494728,0.0844234743,0.0004541220,0.2701859283,0.0004204932,0.1466011912,0.0005237094,0.0827440063,0.0003992036,0.6112288354,0.0005143417,80,96
0.8000000000,contrastive_mechanism_memory,1,0.5945312500,0.0117564260,0.5536847753,0.0117992228,0.5660527350,0.0008390203,0.1671632406,0.0006293313,0.5422808136,0.0027643287,0.0843775393,0.0004214264,0.2699459700,0.0004250200,0.1462786512,0.0005086725,0.0824445008,0.0004053261,0.6113216244,0.0005113943,80,96
0.8000000000,contrastive_mechanism_memory,2,0.5858072917,0.0116123075,0.5446392124,0.0115842961,0.5656860225,0.0008371605,0.1672714906,0.0006240604,0.5417282248,0.0028752006,0.0843759856,0.0004065712,0.2701990929,0.0004292987,0.1462720190,0.0005099853,0.0825201828,0.0004021145,0.6112723424,0.0005196981,80,96
0.8000000000,contrastive_mechanism_memory,3,0.5921875000,0.0113122645,0.5510496177,0.0113343511,0.5658445725,0.0008409031,0.1671296156,0.0006300888,0.5413594780,0.0031063887,0.0843851981,0.0004278351,0.2700156450,0.0004242727,0.1463508721,0.0005017922,0.0821416378,0.0003964055,0.6111800389,0.0005153842,80,96
0.8000000000,contrastive_mechanism_memory,4,0.5914062500,0.0123218025,0.5502681498,0.0123259414,0.5663532975,0.0008489313,0.1673629281,0.0006405587,0.5415028620,0.0029799953,0.0843995050,0.0004561918,0.2700074950,0.0004249055,0.1463373402,0.0004971153,0.0822943583,0.0003900258,0.6111932881,0.0005100883,80,96
0.8000000000,contrastive_mechanism_memory,5,0.5876302083,0.0143160764,0.5464235028,0.0145014596,0.5661616725,0.0008800434,0.1673461156,0.0006569835,0.5418300880,0.0029616081,0.0845252468,0.0004767708,0.2701163096,0.0004424612,0.1464092936,0.0005089973,0.0823680393,0.0003826259,0.6113656169,0.0004918647,80,96
0.8000000000,contrastive_mechanism_memory,6,0.6063802083,0.0109604270,0.5656961228,0.0112325168,0.5664953100,0.0008960160,0.1668290531,0.0006612968,0.5416495601,0.0028618091,0.0841354650,0.0004322988,0.2698347221,0.0004223161,0.1465679253,0.0005148099,0.0823586788,0.0003700140,0.6114098816,0.0005148456,80,96
0.8000000000,contrastive_mechanism_memory,7,0.5928385417,0.0117081846,0.5517771046,0.0117397301,0.5659535100,0.0009387804,0.1669373031,0.0006608738,0.5416222339,0.0028353087,0.0843707050,0.0004476838,0.2701552929,0.0004498471,0.1465518384,0.0005203562,0.0822842858,0.0003598226,0.6114466426,0.0005257626,80,96
0.8000000000,contrastive_mechanism_memory,8,0.5915364583,0.0110741717,0.5505021479,0.0113035183,0.5661120600,0.0009338510,0.1671706156,0.0006467996,0.5415905305,0.0028110196,0.0843943868,0.0004515796,0.2700043596,0.0004474237,0.1462413082,0.0005358849,0.0822869313,0.0003530307,0.6114318779,0.0005184620,80,96
0.8000000000,contrastive_mechanism_memory,9,0.5886718750,0.0117968550,0.5475603463,0.0118519813,0.5657453475,0.0009263483,0.1672788656,0.0006510486,0.5413881167,0.0027820709,0.0844374393,0.0004193538,0.2698753012,0.0004261305,0.1460282729,0.0005206746,0.0825126883,0.0003594507,0.6110824459,0.0004987564,80,96
0.8000000000,invariant_mechanism_alignment,0,0.5632812500,0.0125488098,0.5029487152,0.0126234485,0.5500775850,0.0008815983,0.1808019044,0.0006112201,0.5265623978,0.0030110684,0.0876385458,0.0004347246,0.2795385700,0.0004240021,0.1538342225,0.0004825973,0.0867512195,0.0003955440,0.5837873925,0.0005058202,80,96
0.8000000000,invariant_mechanism_alignment,1,0.5587239583,0.0115553698,0.4984875152,0.0117251463,0.5498929600,0.0008711390,0.1809151544,0.0006214015,0.5268920716,0.0029986889,0.0876403796,0.0004155352,0.2794362096,0.0004330483,0.1536158347,0.0005284344,0.0868299815,0.0004002914,0.5841565775,0.0005121413,80,96
0.8000000000,invariant_mechanism_alignment,2,0.5561197917,0.0121140702,0.4957644398,0.0122043261,0.5500585100,0.0008798067,0.1809033419,0.0006314325,0.5263506850,0.0028481399,0.0878234152,0.0004119460,0.2792314679,0.0003999309,0.1535075481,0.0005458733,0.0865315550,0.0003885538,0.5841610803,0.0004781335,80,96
0.8000000000,invariant_mechanism_alignment,3,0.5631510417,0.0118155698,0.5025766290,0.0119171484,0.5500489725,0.0009121211,0.1812667169,0.0006344216,0.5264965169,0.0028110970,0.0877842389,0.0003751628,0.2794170929,0.0004090789,0.1537039250,0.0005654154,0.0866143190,0.0003889774,0.5841290648,0.0004844657,80,96
0.8000000000,invariant_mechanism_alignment,4,0.5641927083,0.0111439328,0.5034117664,0.0112604075,0.5496892600,0.0009232395,0.1810047794,0.0006456777,0.5261389722,0.0029146432,0.0880342158,0.0003673429,0.2795364971,0.0003952398,0.1536811236,0.0005922713,0.0867621155,0.0003948516,0.5842066040,0.0004702798,80,96
0.8000000000,invariant_mechanism_alignment,5,0.5626302083,0.0131680225,0.5018077192,0.0134068283,0.5493295475,0.0009099904,0.1812430919,0.0006601832,0.5262891813,0.0027813124,0.0882910477,0.0003895324,0.2792421346,0.0004463643,0.1531714439,0.0005909984,0.0864676910,0.0003739066,0.5841540783,0.0004613159,80,96
0.8000000000,invariant_mechanism_alignment,6,0.5644531250,0.0114166943,0.5039838970,0.0115399890,0.5496701850,0.0009073702,0.1807310294,0.0006682770,0.5264656535,0.0027613984,0.0882843408,0.0004104789,0.2794256387,0.0004513641,0.1528276246,0.0005862567,0.0864614105,0.0003770120,0.5846028030,0.0004816917,80,96
0.8000000000,invariant_mechanism_alignment,7,0.5710937500,0.0116606628,0.5103310117,0.0118427875,0.5496606475,0.0009088644,0.1809693419,0.0006762856,0.5255653375,0.0027434453,0.0883184789,0.0004009353,0.2793165825,0.0004265305,0.1527370543,0.0005772901,0.0865421735,0.0003671286,0.5842781413,0.0005045134,80,96
0.8000000000,invariant_mechanism_alignment,8,0.5641927083,0.0124785449,0.5036857063,0.0124945949,0.5500012850,0.0009070816,0.1808324669,0.0006816191,0.5255535907,0.0026436837,0.0881198789,0.0004446268,0.2793220721,0.0004442586,0.1526136064,0.0005304556,0.0866919710,0.0003700457,0.5846043048,0.0005178602,80,96
0.8000000000,invariant_mechanism_alignment,9,0.5665364583,0.0112795301,0.5060562708,0.0115489847,0.5503419225,0.0009122163,0.1809457169,0.0006813368,0.5257081769,0.0025986695,0.0879974939,0.0004284575,0.2794982846,0.0004374042,0.1526985201,0.0004901606,0.0869208080,0.0003677168,0.5842151108,0.0005455315,80,96
0.8000000000,learned_expected_utility_retrieval,0,0.5983072917,0.0124117685,0.5575806080,0.0124676977,0.5716768350,0.0009552824,0.1610171751,0.0006100802,0.5536754759,0.0028193664,0.0828320960,0.0004178088,0.2937837554,0.0003729463,0.1428340243,0.0005294235,0.0803092638,0.0003723343,0.6219427663,0.0005421941,80,96
0.8000000000,learned_expected_utility_retrieval,1,0.5997395833,0.0124855793,0.5588059918,0.0125667977,0.5715272100,0.0009334829,0.1611554251,0.0006174686,0.5535140121,0.0028521166,0.0828929423,0.0004253687,0.2939126908,0.0003997524,0.1428457019,0.0005385113,0.0806285383,0.0003760529,0.6218330013,0.0005242536,80,96
0.8000000000,learned_expected_utility_retrieval,2,0.6006510417,0.0118745927,0.5592953361,0.0119129392,0.5710274100,0.0008965288,0.1615438001,0.0006205244,0.5524683565,0.0026694091,0.0828305973,0.0004257491,0.2938988429,0.0004373898,0.1426844506,0.0005041221,0.0803515148,0.0003803848,0.6217802648,0.0004946050,80,96
0.8000000000,learned_expected_utility_retrieval,3,0.6044270833,0.0123218025,0.5633646842,0.0123359684,0.5714030475,0.0008812171,0.1611818001,0.0006512271,0.5528496640,0.0028608084,0.0828142385,0.0004347791,0.2939949658,0.0004236098,0.1426638471,0.0005076875,0.0805877478,0.0003744240,0.6222427858,0.0005080904,80,96
0.8000000000,learned_expected_utility_retrieval,4,0.6066406250,0.0117646630,0.5653007949,0.0118396306,0.5710783350,0.0008409492,0.1613200501,0.0006708436,0.5523380252,0.0028094558,0.0829360598,0.0004308413,0.2938128138,0.0004371606,0.1427818778,0.0004874274,0.0806819098,0.0003887929,0.6222190638,0.0005042284,80,96
0.8000000000,learned_expected_utility_retrieval,5,0.6015625000,0.0124099417,0.5606468476,0.0125247097,0.5716290600,0.0008345926,0.1608329876,0.0006774642,0.5525486224,0.0027720929,0.0826951341,0.0004211085,0.2939578575,0.0004606609,0.1428587692,0.0004909199,0.0805409543,0.0004035973,0.6225029955,0.0005436449,80,96
0.8000000000,learned_expected_utility_retrieval,6,0.5975260417,0.0118595865,0.5566790817,0.0119353330,0.5718296100,0.0008332296,0.1604709876,0.0006603031,0.5529299299,0.0028807432,0.0828194004,0.0004430728,0.2940883179,0.0004395933,0.1432383657,0.0004843913,0.0804770373,0.0004161710,0.6224512595,0.0005530267,80,96
0.8000000000,learned_expected_utility_retrieval,7,0.6066406250,0.0101645877,0.5660126615,0.0103020883,0.5720301600,0.0008284702,0.1604841751,0.0006541573,0.5531230184,0.0028628668,0.0827332110,0.0004218648,0.2941097013,0.0004279751,0.1428378335,0.0004963326,0.0804191233,0.0004090294,0.6225771123,0.0005541071,80,96
0.8000000000,learned_expected_utility_retrieval,8,0.6098958333,0.0118130925,0.5694255022,0.0120360731,0.5724057975,0.0008462981,0.1604973626,0.0006430981,0.5527908443,0.0028410781,0.0823022654,0.0004236757,0.2940630408,0.0004285228,0.1431471061,0.0004972253,0.0802111343,0.0004087112,0.6220166220,0.0005806417,80,96
0.8000000000,learned_expected_utility_retrieval,9,0.6049479167,0.0125382935,0.5641713171,0.0125472015,0.5720810850,0.0008767214,0.1608857376,0.0006393965,0.5527957137,0.0028743312,0.0825705016,0.0004548159,0.2938310742,0.0004235395,0.1431670453,0.0005178026,0.0800091483,0.0003839798,0.6218778425,0.0005553447,80,96
0.8000000000,model_predictive_retrieval_arbitration,0,0.6089843750,0.0112821611,0.5826210426,0.0112972827,0.5832415225,0.0008620564,0.1517822479,0.0006446158,0.5644667858,0.0028572671,0.0800578886,0.0004426140,0.2858073763,0.0004024358,0.1370099590,0.0005306554,0.0780577425,0.0003673063,0.6385182869,0.0005410725,80,96
0.8000000000,model_predictive_retrieval_arbitration,1,0.6119791667,0.0121412964,0.5856602261,0.0123663459,0.5834700725,0.0008573489,0.1518154354,0.0006364334,0.5641619118,0.0029895306,0.0800202180,0.0004581556,0.2856262867,0.0004422381,0.1369354402,0.0005030962,0.0783873360,0.0003704206,0.6387612297,0.0005327994,80,96
0.8000000000,model_predictive_retrieval_arbitration,2,0.6251302083,0.0103271297,0.5989672212,0.0102889612,0.5836986225,0.0008376927,0.1520987479,0.0006244611,0.5643735458,0.0028779554,0.0798172436,0.0004285275,0.2853030096,0.0003914295,0.1370629798,0.0005024471,0.0784958190,0.0003851474,0.6385889649,0.0005187637,80,96
0.8000000000,model_predictive_retrieval_arbitration,3,0.6196614583,0.0128254743,0.5936512965,0.0129386926,0.5841022600,0.0008459420,0.1517567479,0.0006227260,0.5647821533,0.0028742249,0.0799056536,0.0004761452,0.2853904846,0.0004090096,0.1373589349,0.0005050861,0.0782941470,0.0003894576,0.6384682259,0.0005272882,80,96
0.8000000000,model_predictive_retrieval_arbitration,4,0.6236979167,0.0117541817,0.5976137033,0.0117707048,0.5843308100,0.0008528564,0.1520400604,0.0006317311,0.5646436124,0.0028841006,0.0798667417,0.0004503813,0.2853448867,0.0003799582,0.1372926777,0.0005150582,0.0784026300,0.0003995361,0.6385961112,0.0005205470,80,96
0.8000000000,model_predictive_retrieval_arbitration,5,0.6092447917,0.0116562430,0.5828138595,0.0117093300,0.5843842725,0.0008782123,0.1519481854,0.0006321984,0.5639929405,0.0028370026,0.0799092667,0.0004386855,0.2858582929,0.0003813706,0.1374188554,0.0004952053,0.0783550350,0.0004071443,0.6386324507,0.0005385866,80,96
0.8000000000,model_predictive_retrieval_arbitration,6,0.6204427083,0.0115245065,0.5942570522,0.0116517989,0.5840875600,0.0009068551,0.1519813729,0.0006445187,0.5642133289,0.0027811560,0.0795738649,0.0004434085,0.2857124346,0.0003764391,0.1374349319,0.0004975119,0.0784595160,0.0004135636,0.6386332724,0.0005307171,80,96
0.8000000000,model_predictive_retrieval_arbitration,7,0.6227864583,0.0108150398,0.5962812413,0.0108557208,0.5836157600,0.0009198589,0.1521396229,0.0006579347,0.5637289902,0.0026992598,0.0796317049,0.0004023653,0.2858406096,0.0003849181,0.1373692712,0.0004990007,0.0779656980,0.0003940441,0.6386125834,0.0005190090,80,96
0.8000000000,model_predictive_retrieval_arbitration,8,0.6186197917,0.0125893137,0.5922735153,0.0126780044,0.5834941350,0.0009013763,0.1517976229,0.0006671555,0.5637874227,0.0026074688,0.0796216399,0.0004727014,0.2858348179,0.0004343970,0.1373713794,0.0005082066,0.0780641760,0.0003866922,0.6386499234,0.0005242851,80,96
0.8000000000,model_predictive_retrieval_arbitration,9,0.6078125000,0.0117862623,0.5812621142,0.0117736006,0.5837226850,0.0009047991,0.1518308104,0.0006591185,0.5641828986,0.0027881508,0.0800575192,0.0004009647,0.2859970325,0.0004327924,0.1373843043,0.0005113710,0.0780185820,0.0003760434,0.6387928162,0.0005386795,80,96
0.8000000000,oracle_mechanism_retrieval,0,0.7717447917,0.0108546078,0.8937945028,0.0109038274,0.7242600225,0.0007724395,0.0642858931,0.0006380339,0.6721354082,0.0028827059,0.0501249563,0.0004000794,0.1902700929,0.0004385380,0.0910964878,0.0005510992,0.0505789383,0.0003885224,0.8450246482,0.0004867041,80,96
0.8000000000,oracle_mechanism_retrieval,1,0.7859375000,0.0102720978,0.9083963607,0.0102694428,0.7247547475,0.0007924574,0.0640089556,0.0006381728,0.6726328261,0.0028582520,0.0499780894,0.0004105115,0.1900463075,0.0004248316,0.0911456721,0.0005473672,0.0505674198,0.0003740892,0.8452594925,0.0004764718,80,96
0.8000000000,oracle_mechanism_retrieval,2,0.7765625000,0.0097245740,0.8985077744,0.0096584280,0.7248992975,0.0008502129,0.0639821431,0.0006349929,0.6724211395,0.0028231689,0.0501979125,0.0004315345,0.1902275075,0.0004347588,0.0912188759,0.0005438281,0.0505599033,0.0003547939,0.8451511652,0.0004802486,80,96
0.8000000000,oracle_mechanism_retrieval,3,0.7800781250,0.0110222343,0.9022939760,0.0109645467,0.7246936725,0.0009153177,0.0640803931,0.0006366313,0.6725552507,0.0027764069,0.0499693463,0.0004637207,0.1903032763,0.0004231383,0.0909913332,0.0004984244,0.0506294253,0.0003499945,0.8454075202,0.0004969753,80,96
0.8000000000,oracle_mechanism_retrieval,4,0.7795572917,0.0110189427,0.9016576817,0.0110778829,0.7246631350,0.0009322740,0.0639285181,0.0006287051,0.6719977664,0.0027503742,0.0500960775,0.0004202784,0.1904355554,0.0004336368,0.0911651835,0.0004861753,0.0508450203,0.0003538444,0.8450925897,0.0005142437,80,96
0.8000000000,oracle_mechanism_retrieval,5,0.7752604167,0.0120446232,0.8971723213,0.0119557238,0.7244575100,0.0009579891,0.0641518306,0.0006326711,0.6719524129,0.0027385127,0.0500168906,0.0004808128,0.1904706242,0.0003759491,0.0912466489,0.0004843164,0.0509165433,0.0003675730,0.8450412910,0.0005213108,80,96
0.8000000000,oracle_mechanism_retrieval,6,0.7855468750,0.0110264222,0.9078038375,0.0109929862,0.7246020600,0.0009762510,0.0642500806,0.0006370592,0.6720865242,0.0027171589,0.0496664494,0.0004408502,0.1904516013,0.0004325101,0.0913192562,0.0004958290,0.0507609528,0.0003702823,0.8453256600,0.0005265875,80,96
0.8000000000,oracle_mechanism_retrieval,7,0.7812500000,0.0100586334,0.9033428735,0.0101301795,0.7235209975,0.0010156993,0.0642232681,0.0006503722,0.6725751876,0.0026459891,0.0495697538,0.0004588723,0.1904116325,0.0004090034,0.0914799037,0.0005014146,0.0509785488,0.0003717246,0.8449191837,0.0005235381,80,96
0.8000000000,oracle_mechanism_retrieval,8,0.7835937500,0.0105137302,0.9057689324,0.0104801580,0.7234904600,0.0009978171,0.0638212681,0.0006570378,0.6720264576,0.0027385722,0.0496274138,0.0004185302,0.1903537325,0.0004169161,0.0912421408,0.0004961999,0.0508899918,0.0003774313,0.8451195107,0.0005216856,80,96
0.8000000000,oracle_mechanism_retrieval,9,0.7756510417,0.0096362992,0.8979486451,0.0096638140,0.7227595725,0.0009359032,0.0635443306,0.0006409514,0.6723487879,0.0027068943,0.0496538719,0.0004359714,0.1906649554,0.0003968749,0.0913945267,0.0004856711,0.0510285483,0.0003862743,0.8452563060,0.0005285764,80,96
0.8000000000,proposed_mechanism_retrieval_controller_v4,0,0.6402343750,0.0127994781,0.6438736402,0.0129329309,0.5965578725,0.0008687728,0.1352802388,0.0006167962,0.5689684061,0.0028267890,0.0737896355,0.0004407580,0.2441980512,0.0004191996,0.1305527394,0.0005099047,0.0768253978,0.0003850571,0.6704302655,0.0005328700,80,96
0.8000000000,proposed_mechanism_retrieval_controller_v4,1,0.6356770833,0.0126909661,0.6390535780,0.0128284614,0.5962891600,0.0009140392,0.1352083638,0.0006308084,0.5686952093,0.0027934707,0.0740426230,0.0004547674,0.2445098783,0.0003912038,0.1302888226,0.0005076187,0.0767901228,0.0003827593,0.6704556310,0.0005042357,80,96
0.8000000000,proposed_mechanism_retrieval_controller_v4,2,0.6406250000,0.0105326898,0.6436579187,0.0105774396,0.5961955350,0.0009235171,0.1355116763,0.0006280512,0.5687590558,0.0028678740,0.0742258173,0.0004031124,0.2445385575,0.0003853046,0.1306360224,0.0005180464,0.0766858133,0.0003664012,0.6705725422,0.0004928303,80,96
0.8000000000,proposed_mechanism_retrieval_controller_v4,3,0.6419270833,0.0125519630,0.6448597305,0.0125417702,0.5954015600,0.0009506432,0.1351896763,0.0006555311,0.5688447883,0.0028970466,0.0744308648,0.0004128677,0.2445432408,0.0004134931,0.1307545892,0.0005376802,0.0767966113,0.0003564387,0.6707709942,0.0004906298,80,96
0.8000000000,proposed_mechanism_retrieval_controller_v4,4,0.6428385417,0.0103952422,0.6458584358,0.0106175660,0.5954830225,0.0009322180,0.1348676763,0.0006617141,0.5689305208,0.0028231203,0.0745679061,0.0004008951,0.2445533929,0.0004337523,0.1307731061,0.0005525461,0.0769824468,0.0003476662,0.6707393312,0.0005261736,80,96
0.8000000000,proposed_mechanism_retrieval_controller_v4,5,0.6423177083,0.0106258556,0.6455584798,0.0107683749,0.5953893975,0.0009076299,0.1349208638,0.0006569677,0.5691782093,0.0028196248,0.0743818042,0.0004150096,0.2444335221,0.0004117970,0.1306054911,0.0005564676,0.0772493228,0.0003468232,0.6707712000,0.0005420832,80,96
0.8000000000,proposed_mechanism_retrieval_controller_v4,6,0.6404947917,0.0108229649,0.6437393747,0.0108389493,0.5951206850,0.0008818353,0.1349740513,0.0006391917,0.5689006352,0.0026435809,0.0743692148,0.0004589128,0.2442568429,0.0004473548,0.1303472809,0.0005549415,0.0771410113,0.0003665077,0.6706890117,0.0005318812,80,96
0.8000000000,proposed_mechanism_retrieval_controller_v4,7,0.6471354167,0.0118157443,0.6505213612,0.0118413347,0.5960775850,0.0008807338,0.1351523013,0.0006420154,0.5684435965,0.0027525091,0.0741379986,0.0004319466,0.2442618242,0.0004578900,0.1300979288,0.0005510965,0.0773348508,0.0003715121,0.6704972687,0.0005150685,80,96
0.8000000000,proposed_mechanism_retrieval_controller_v4,8,0.6390625000,0.0122688300,0.6421419609,0.0124208485,0.5958088725,0.0008984272,0.1353305513,0.0006403814,0.5685118202,0.0027488971,0.0744717761,0.0004553349,0.2443227200,0.0004687411,0.1300392220,0.0005279921,0.0770784653,0.0003958575,0.6705076267,0.0005087439,80,96
0.8000000000,proposed_mechanism_retrieval_controller_v4,9,0.6399739583,0.0123103891,0.6430143730,0.0125264641,0.5957152475,0.0008870888,0.1353837388,0.0006539250,0.5685844211,0.0029496853,0.0744850055,0.0004332771,0.2444079096,0.0004372887,0.1299748087,0.0005019483,0.0770451913,0.0004057748,0.6705394955,0.0005256366,80,96
0.8000000000,retrieved_context_behavior_clone,0,0.4627604167,0.0128500386,0.2892830901,0.0130012449,0.4550656850,0.0009475202,0.3143277894,0.0006335850,0.4258082294,0.0028929382,0.1209262078,0.0004668161,0.2338977492,0.0004704159,0.1927312124,0.0005102172,0.1227164461,0.0003823498,0.6333288374,0.0005419516,80,96
0.8000000000,retrieved_context_behavior_clone,1,0.4686197917,0.0135238472,0.2946598572,0.0136617123,0.4543767975,0.0009460795,0.3148312269,0.0006285042,0.4256199841,0.0028480098,0.1211520421,0.0004741650,0.2335084804,0.0004342594,0.1931520055,0.0005068348,0.1225853386,0.0003780773,0.6332460702,0.0005106691,80,96
0.8000000000,retrieved_context_behavior_clone,2,0.4479166667,0.0123593485,0.2741035157,0.0124118049,0.4545633475,0.0009465256,0.3143341644,0.0006374905,0.4256418437,0.0028326347,0.1211856665,0.0004586040,0.2338662742,0.0004010988,0.1930237442,0.0005052566,0.1225132606,0.0003652906,0.6333934179,0.0005102692,80,96
0.8000000000,retrieved_context_behavior_clone,3,0.4631510417,0.0123323362,0.2892739475,0.0124334219,0.4545748100,0.0009398306,0.3145874769,0.0006404700,0.4254623528,0.0028277371,0.1211502046,0.0004424691,0.2335708679,0.0003748461,0.1931329741,0.0004951124,0.1226783011,0.0003527383,0.6334817362,0.0005018973,80,96
0.8000000000,retrieved_context_behavior_clone,4,0.4597656250,0.0115639283,0.2856120404,0.0116682990,0.4544111850,0.0009073553,0.3148407894,0.0006534327,0.4256330369,0.0028129551,0.1212998240,0.0004163014,0.2336111762,0.0003909779,0.1934360009,0.0005010028,0.1227683041,0.0003548738,0.6337561474,0.0005189132,80,96
0.8000000000,retrieved_context_behavior_clone,5,0.4569010417,0.0110744695,0.2831804428,0.0111196727,0.4544226475,0.0008854740,0.3144687894,0.0006665703,0.4261757819,0.0028358032,0.1211711840,0.0004345965,0.2339443429,0.0003893441,0.1928037414,0.0005177216,0.1228483021,0.0003562201,0.6334817844,0.0005095344,80,96
0.8000000000,retrieved_context_behavior_clone,6,0.4609375000,0.0115225390,0.2872278816,0.0117215002,0.4547842850,0.0008818845,0.3140967894,0.0006667055,0.4251427394,0.0025915959,0.1209933628,0.0004417586,0.2338807450,0.0003867545,0.1931002962,0.0005210377,0.1230783751,0.0003634758,0.6337356854,0.0005170398,80,96
0.8000000000,retrieved_context_behavior_clone,7,0.4587239583,0.0118829213,0.2849871225,0.0119438452,0.4549708350,0.0008752041,0.3144751644,0.0006630487,0.4253090462,0.0025791046,0.1209805678,0.0004584426,0.2339046471,0.0004134293,0.1928087296,0.0005226786,0.1230953416,0.0003758644,0.6338305069,0.0005211679,80,96
0.8000000000,retrieved_context_behavior_clone,8,0.4548177083,0.0115935490,0.2809050469,0.0116724510,0.4548072100,0.0008644078,0.3146034144,0.0006769543,0.4258342825,0.0026338857,0.1212058453,0.0004185083,0.2340272846,0.0004196006,0.1929996966,0.0005175131,0.1230332686,0.0003888196,0.6336121719,0.0005258177,80,96
0.8000000000,retrieved_context_behavior_clone,9,0.4428385417,0.0120293836,0.2685253385,0.0121273893,0.4546435850,0.0008585557,0.3147316644,0.0006916835,0.4249588187,0.0027501906,0.1212762853,0.0003919825,0.2341879054,0.0004148677,0.1930157762,0.0005264162,0.1229711956,0.0003985016,0.6332937869,0.0005043411,80,96
0.8000000000,test_time_retrieval_adaptation,0,0.5468750000,0.0110759955,0.4627106361,0.0110786105,0.5355862725,0.0008645489,0.1950608346,0.0006324877,0.5127195478,0.0027041361,0.0912112459,0.0003849547,0.3042853325,0.0003889903,0.1590968957,0.0005312727,0.0902426499,0.0003996250,0.5575766017,0.0005016221,80,96
0.8000000000,test_time_retrieval_adaptation,1,0.5524739583,0.0096874970,0.4683584026,0.0097993306,0.5357588225,0.0008509734,0.1949289596,0.0006224416,0.5125395384,0.0026950760,0.0911661834,0.0004201609,0.3041938596,0.0003490936,0.1592808515,0.0005283053,0.0899453024,0.0004119637,0.5570926182,0.0005423943,80,96
0.8000000000,test_time_retrieval_adaptation,2,0.5501302083,0.0123811755,0.4657550497,0.0124060952,0.5361064600,0.0008506032,0.1951722721,0.0006253729,0.5123463975,0.0027748306,0.0913653903,0.0004339971,0.3045137346,0.0003794597,0.1589816771,0.0005002291,0.0899541079,0.0004081684,0.5568002305,0.0005237012,80,96
0.8000000000,test_time_retrieval_adaptation,3,0.5488281250,0.0126837856,0.4644071706,0.0127502778,0.5364540975,0.0008639694,0.1954155846,0.0006265790,0.5121532565,0.0029475759,0.0911706597,0.0004710162,0.3045939138,0.0003695381,0.1590827027,0.0005046581,0.0897378009,0.0003967704,0.5572081927,0.0005163917,80,96
0.8000000000,test_time_retrieval_adaptation,4,0.5437500000,0.0116018307,0.4597266276,0.0116382784,0.5362764725,0.0009180743,0.1947834596,0.0006430689,0.5128661934,0.0029505915,0.0910576547,0.0004608504,0.3048770325,0.0003666192,0.1591280242,0.0005143821,0.0898076369,0.0003923666,0.5572264602,0.0005411062,80,96
0.8000000000,test_time_retrieval_adaptation,5,0.5480468750,0.0129202614,0.4637415960,0.0129204383,0.5360988475,0.0009564897,0.1950267721,0.0006459714,0.5124979650,0.0030244120,0.0910622928,0.0004615776,0.3050289013,0.0003747216,0.1591321514,0.0005199812,0.0897414049,0.0003914922,0.5571922015,0.0005425805,80,96
0.8000000000,test_time_retrieval_adaptation,6,0.5477864583,0.0113622595,0.4636969431,0.0114184011,0.5359212225,0.0009654557,0.1946447721,0.0006452677,0.5132021475,0.0030231391,0.0911802278,0.0004836843,0.3051695346,0.0003500089,0.1590888361,0.0004986625,0.0897402054,0.0003757165,0.5574956115,0.0005588888,80,96
0.8000000000,test_time_retrieval_adaptation,7,0.5410156250,0.0123878326,0.4563872403,0.0123485621,0.5350432475,0.0009388958,0.1948880846,0.0006435594,0.5123086565,0.0029487032,0.0913090472,0.0003858559,0.3051762013,0.0003980741,0.1591024180,0.0005002561,0.0897490109,0.0003641808,0.5568050247,0.0005442414,80,96
0.8000000000,test_time_retrieval_adaptation,8,0.5468750000,0.0126442364,0.4627029455,0.0127404070,0.5352157975,0.0009100735,0.1948812721,0.0006512784,0.5129997075,0.0029087921,0.0911179765,0.0004298415,0.3048559700,0.0004267148,0.1589761725,0.0005032962,0.0899038894,0.0003642373,0.5571139375,0.0005403408,80,96
0.8000000000,test_time_retrieval_adaptation,9,0.5451822917,0.0121762508,0.4609760868,0.0122062346,0.5355634350,0.0008939909,0.1949995221,0.0006410133,0.5131611187,0.0028728569,0.0911466353,0.0004366881,0.3048665804,0.0004341901,0.1591652384,0.0005007373,0.0899857314,0.0003744768,0.5569291035,0.0005065995,80,96
1.0000000000,action_conditioned_mechanism_retrieval_v5,0,0.6972656250,0.0125885278,0.7400867025,0.0126595091,0.6451027125,0.0008590133,0.1090400652,0.0006105053,0.6213227027,0.0029516027,0.0702881108,0.0004554112,0.2340754812,0.0004327709,0.1230669943,0.0005277303,0.0679980635,0.0003659125,0.7198965631,0.0005191380,80,96
1.0000000000,action_conditioned_mechanism_retrieval_v5,1,0.6897135417,0.0114490005,0.7321500100,0.0114916973,0.6451771750,0.0008527427,0.1092133152,0.0006150381,0.6205086640,0.0029549282,0.0703840508,0.0004409073,0.2342761604,0.0004266860,0.1230199432,0.0005224480,0.0682638605,0.0003675013,0.7201307751,0.0005079919,80,96
1.0000000000,action_conditioned_mechanism_retrieval_v5,2,0.6858072917,0.0113666123,0.7285979496,0.0114446379,0.6456018125,0.0008551248,0.1087612527,0.0006106437,0.6205919487,0.0029746428,0.0702205189,0.0004385059,0.2343507604,0.0004312991,0.1230286513,0.0005047918,0.0682945400,0.0003836116,0.7202304198,0.0005225782,80,96
1.0000000000,action_conditioned_mechanism_retrieval_v5,3,0.6880208333,0.0106627625,0.7307836905,0.0107466102,0.6455011875,0.0008829910,0.1093096902,0.0006137048,0.6209903908,0.0029459823,0.0702419783,0.0004773722,0.2341896083,0.0004143999,0.1226765090,0.0004799737,0.0683412275,0.0003878843,0.7202280136,0.0005071442,80,96
1.0000000000,action_conditioned_mechanism_retrieval_v5,4,0.6940104167,0.0114471641,0.7366912718,0.0115362738,0.6457507375,0.0008881023,0.1093578777,0.0006386270,0.6208810793,0.0028551896,0.0701604514,0.0004556025,0.2342007042,0.0003938160,0.1231113951,0.0004740924,0.0682298360,0.0003973653,0.7202836363,0.0005334791,80,96
1.0000000000,action_conditioned_mechanism_retrieval_v5,5,0.6986979167,0.0108216318,0.7410707149,0.0107968646,0.6454750250,0.0009101430,0.1091559402,0.0006465589,0.6199050846,0.0027387425,0.0702349283,0.0004058690,0.2343050667,0.0004219261,0.1232504758,0.0004740617,0.0681894800,0.0004022379,0.7202121956,0.0005102732,80,96
1.0000000000,action_conditioned_mechanism_retrieval_v5,6,0.6889322917,0.0124854142,0.7311871793,0.0125920764,0.6451993125,0.0009071727,0.1092041277,0.0006590004,0.6201459480,0.0027245363,0.0702869202,0.0004217995,0.2344616979,0.0004240228,0.1233789087,0.0004900031,0.0681531260,0.0004051880,0.7206259973,0.0005071621,80,96
1.0000000000,action_conditioned_mechanism_retrieval_v5,7,0.6904947917,0.0117138165,0.7330119983,0.0117283484,0.6452737750,0.0008991789,0.1092523152,0.0006667966,0.6200366365,0.0025267257,0.0699849308,0.0004498246,0.2341595854,0.0004359554,0.1233135447,0.0004923457,0.0679666970,0.0004055391,0.7200673131,0.0005343044,80,96
1.0000000000,action_conditioned_mechanism_retrieval_v5,8,0.6937500000,0.0107410326,0.7363180445,0.0108318519,0.6451731500,0.0009006919,0.1089253152,0.0006864918,0.6201155440,0.0025532795,0.0700764346,0.0004815071,0.2341339250,0.0004109269,0.1235280594,0.0004963284,0.0678493025,0.0003935834,0.7203175331,0.0005326278,80,96
1.0000000000,action_conditioned_mechanism_retrieval_v5,9,0.7018229167,0.0119213309,0.7449850733,0.0120535893,0.6452476125,0.0008995597,0.1084732527,0.0006520300,0.6201988287,0.0026771157,0.0696972777,0.0004621190,0.2338157042,0.0003873919,0.1234367175,0.0005280537,0.0680300570,0.0003890666,0.7204892138,0.0005268782,80,96
1.0000000000,conformal_retrieval_filter,0,0.4587239583,0.0112440977,0.3390307450,0.0114309164,0.4990918625,0.0010116496,0.2339866435,0.0006486340,0.4802961225,0.0026617813,0.1048724588,0.0004398712,0.2795094146,0.0003900829,0.1784209188,0.0005017550,0.1021681713,0.0003790188,0.5260458504,0.0005094225,80,96
1.0000000000,conformal_retrieval_filter,1,0.4606770833,0.0118413937,0.3408433019,0.0121610291,0.4985360625,0.0009692373,0.2339598310,0.0006557389,0.4797342609,0.0026851556,0.1048883757,0.0004661604,0.2794569833,0.0004266296,0.1782002757,0.0004952082,0.1023107298,0.0003858264,0.5259815451,0.0005049013,80,96
1.0000000000,conformal_retrieval_filter,2,0.4727864583,0.0121195136,0.3533038821,0.0121641761,0.4985055250,0.0009215393,0.2335578310,0.0006296898,0.4800609684,0.0028315535,0.1046952169,0.0004625603,0.2794124396,0.0004351451,0.1783469550,0.0004932128,0.1022221728,0.0003909744,0.5262819221,0.0005178315,80,96
1.0000000000,conformal_retrieval_filter,3,0.4514322917,0.0112411644,0.3314289462,0.0112772073,0.4982999000,0.0008747531,0.2340312685,0.0006233119,0.4801819481,0.0029285959,0.1050156075,0.0004138653,0.2796112729,0.0004231520,0.1785367320,0.0004826906,0.1022976978,0.0003989674,0.5262156159,0.0005443968,80,96
1.0000000000,conformal_retrieval_filter,4,0.4639322917,0.0124864707,0.3439661246,0.0125545935,0.4982693625,0.0008337641,0.2341295185,0.0006408664,0.4801409719,0.0029981221,0.1048504350,0.0004357106,0.2794862229,0.0004269193,0.1787125408,0.0004749557,0.1019920323,0.0004048898,0.5258856779,0.0005305154,80,96
1.0000000000,conformal_retrieval_filter,5,0.4673177083,0.0099647149,0.3476219601,0.0100841310,0.4987640875,0.0008162367,0.2337275185,0.0006246674,0.4802925919,0.0030383325,0.1048143075,0.0004043175,0.2795638146,0.0004286479,0.1787623217,0.0005119382,0.1021285878,0.0004088299,0.5256277759,0.0005296572,80,96
1.0000000000,conformal_retrieval_filter,6,0.4602864583,0.0121933016,0.3404169520,0.0121437766,0.4983833750,0.0007607453,0.2339508310,0.0006364599,0.4802472384,0.0030181190,0.1050094519,0.0004295785,0.2794120521,0.0004136812,0.1785436371,0.0005252613,0.1021250733,0.0004068752,0.5259626701,0.0005287617,80,96
1.0000000000,conformal_retrieval_filter,7,0.4557291667,0.0132180466,0.3356844537,0.0134315557,0.4990531875,0.0007564242,0.2340490810,0.0006465097,0.4802062622,0.0028977957,0.1052263482,0.0004573647,0.2795258042,0.0004513634,0.1787194459,0.0005272854,0.1020445203,0.0004015587,0.5261890101,0.0005243364,80,96
1.0000000000,conformal_retrieval_filter,8,0.4627604167,0.0121373573,0.3431111634,0.0123037498,0.4991977375,0.0007622014,0.2338972060,0.0006546805,0.4801740403,0.0027977892,0.1049169919,0.0004569802,0.2794022792,0.0004398937,0.1783835915,0.0005379125,0.1017348528,0.0003916169,0.5257880366,0.0005139175,80,96
1.0000000000,conformal_retrieval_filter,9,0.4606770833,0.0110818000,0.3407773390,0.0113688569,0.4998675500,0.0007669526,0.2342455810,0.0006553985,0.4799492222,0.0028445772,0.1051819032,0.0004167333,0.2794813958,0.0004427290,0.1781737651,0.0005551504,0.1018834143,0.0003811022,0.5260994191,0.0005057242,80,96
1.0000000000,contrastive_mechanism_memory,0,0.5563802083,0.0108150398,0.4969016905,0.0108655309,0.5553875250,0.0008487901,0.1798091317,0.0006067082,0.5352436979,0.0027412306,0.0924349830,0.0004346455,0.2751502896,0.0004161692,0.1581442244,0.0005250524,0.0884873686,0.0003980058,0.5937294541,0.0005174986,80,96
1.0000000000,contrastive_mechanism_memory,1,0.5550781250,0.0120633296,0.4956644673,0.0122613427,0.5555460750,0.0008395575,0.1799173817,0.0006222911,0.5355665466,0.0027561887,0.0925999855,0.0004645134,0.2750743938,0.0004081763,0.1578216843,0.0005237600,0.0881878631,0.0004089417,0.5938222431,0.0005210731,80,96
1.0000000000,contrastive_mechanism_memory,2,0.5630208333,0.0122354542,0.5035449044,0.0121733503,0.5551793625,0.0008288960,0.1800256317,0.0006206766,0.5350139579,0.0028642519,0.0922984317,0.0003886816,0.2750941833,0.0004477157,0.1578150522,0.0005179202,0.0882635451,0.0004070905,0.5937729611,0.0005266092,80,96
1.0000000000,contrastive_mechanism_memory,3,0.5589843750,0.0112821611,0.4993765597,0.0114370330,0.5553379125,0.0008355748,0.1798837567,0.0006286624,0.5346452110,0.0030968282,0.0924951442,0.0004285144,0.2750565688,0.0004130173,0.1578939053,0.0005038482,0.0878850001,0.0003977574,0.5936806576,0.0005314278,80,96
1.0000000000,contrastive_mechanism_memory,4,0.5630208333,0.0119242352,0.5034877636,0.0121035601,0.5558466375,0.0008390121,0.1801170692,0.0006368923,0.5347885951,0.0029698290,0.0924227323,0.0004531399,0.2749809708,0.0004285132,0.1578803734,0.0005118929,0.0880377206,0.0003902743,0.5936939068,0.0005107080,80,96
1.0000000000,contrastive_mechanism_memory,5,0.5492187500,0.0142388429,0.4894610697,0.0144104412,0.5556550125,0.0008768030,0.1801002567,0.0006637534,0.5351158210,0.0029520429,0.0927289430,0.0004641445,0.2752301500,0.0004616048,0.1579523268,0.0005197103,0.0881114016,0.0003807278,0.5938662356,0.0004975505,80,96
1.0000000000,contrastive_mechanism_memory,6,0.5661458333,0.0117638571,0.5068824086,0.0120643941,0.5559886500,0.0008895850,0.1795831942,0.0006678406,0.5349352932,0.0028532795,0.0923719736,0.0004247222,0.2749740833,0.0004022969,0.1581109585,0.0005224814,0.0881020411,0.0003723602,0.5939105003,0.0005172075,80,96
1.0000000000,contrastive_mechanism_memory,7,0.5595052083,0.0117867870,0.4999718122,0.0118488789,0.5554468500,0.0009347680,0.1796914442,0.0006658202,0.5349079670,0.0028250315,0.0924829948,0.0004356371,0.2751980396,0.0004462340,0.1580948716,0.0005199143,0.0880276481,0.0003580049,0.5939472613,0.0005310198,80,96
1.0000000000,contrastive_mechanism_memory,8,0.5600260417,0.0115153459,0.5005481367,0.0117644498,0.5556054000,0.0009325370,0.1799247567,0.0006542683,0.5348762635,0.0028021923,0.0924738642,0.0004361217,0.2750215854,0.0004477244,0.1577843413,0.0005304656,0.0880302936,0.0003527447,0.5939324966,0.0005084901,80,96
1.0000000000,contrastive_mechanism_memory,9,0.5528645833,0.0117788453,0.4932426008,0.0118307825,0.5552386875,0.0009288641,0.1800330067,0.0006545601,0.5346738498,0.0027744430,0.0925942605,0.0004187672,0.2749526833,0.0004156893,0.1575713060,0.0005150669,0.0882560506,0.0003589125,0.5935830646,0.0004875649,80,96
1.0000000000,invariant_mechanism_alignment,0,0.5292968750,0.0122849135,0.4500991628,0.0124708680,0.5395709250,0.0008773661,0.1943033687,0.0006208153,0.5198219746,0.0030022146,0.0958148671,0.0004337111,0.2845904312,0.0003985756,0.1654113560,0.0004785801,0.0925065389,0.0003948978,0.5662431719,0.0005068625,80,96
1.0000000000,invariant_mechanism_alignment,1,0.5356770833,0.0117283415,0.4567456502,0.0119259104,0.5393863000,0.0008719604,0.1944166187,0.0006291290,0.5201516483,0.0029890744,0.0956198258,0.0004362459,0.2843349458,0.0004111894,0.1651929682,0.0005187478,0.0925853009,0.0003972422,0.5666123569,0.0005146070,80,96
1.0000000000,invariant_mechanism_alignment,2,0.5166666667,0.0121309706,0.4373610436,0.0122102735,0.5395518500,0.0008846561,0.1944048062,0.0006344735,0.5196102618,0.0028386158,0.0960981739,0.0003979175,0.2843598917,0.0004028223,0.1650846816,0.0005386238,0.0922868744,0.0003831140,0.5666168596,0.0004815388,80,96
1.0000000000,invariant_mechanism_alignment,3,0.5308593750,0.0120919997,0.4514461234,0.0120966651,0.5395423125,0.0009096881,0.1947681812,0.0006424611,0.5197560937,0.0028021443,0.0959300914,0.0003814292,0.2844452563,0.0004120916,0.1652810585,0.0005575867,0.0923696384,0.0003824512,0.5665848441,0.0004711979,80,96
1.0000000000,invariant_mechanism_alignment,4,0.5305989583,0.0112317728,0.4509589171,0.0113578330,0.5391826000,0.0009211468,0.1945062437,0.0006525308,0.5193985490,0.0029068669,0.0962035058,0.0003474382,0.2845828896,0.0004115441,0.1652582571,0.0005801069,0.0925174349,0.0003912898,0.5666623834,0.0004581759,80,96
1.0000000000,invariant_mechanism_alignment,5,0.5208333333,0.0114045920,0.4410241042,0.0116071022,0.5388228875,0.0009160994,0.1947445562,0.0006639097,0.5195487580,0.0027745680,0.0966079939,0.0003767420,0.2844033708,0.0004403018,0.1647485774,0.0005856968,0.0922230104,0.0003750824,0.5666098576,0.0004576216,80,96
1.0000000000,invariant_mechanism_alignment,6,0.5186197917,0.0117783904,0.4391010164,0.0118731447,0.5391635250,0.0009094415,0.1942324937,0.0006693672,0.5197252302,0.0027551951,0.0966739433,0.0003994020,0.2846433854,0.0004336723,0.1644047581,0.0005850872,0.0922167299,0.0003776216,0.5670585824,0.0004673670,80,96
1.0000000000,invariant_mechanism_alignment,7,0.5252604167,0.0131744384,0.4454481311,0.0133612487,0.5391539875,0.0009155631,0.1944708062,0.0006755059,0.5188249143,0.0027366945,0.0967080814,0.0004230936,0.2845343292,0.0004347891,0.1643141878,0.0005720378,0.0922974929,0.0003734250,0.5667339206,0.0004961102,80,96
1.0000000000,invariant_mechanism_alignment,8,0.5255208333,0.0126384972,0.4460757163,0.0127331283,0.5394946250,0.0009034149,0.1943339312,0.0006761306,0.5188131674,0.0026365318,0.0963805752,0.0004470397,0.2844395583,0.0004312842,0.1641907399,0.0005315825,0.0924472904,0.0003752895,0.5670600841,0.0005090874,80,96
1.0000000000,invariant_mechanism_alignment,9,0.5239583333,0.0115676707,0.4444792496,0.0118088323,0.5398352625,0.0009102446,0.1944471812,0.0006715217,0.5189677537,0.0025894109,0.0963285027,0.0004235582,0.2846704583,0.0004548193,0.1642756536,0.0005008970,0.0926761274,0.0003752017,0.5666708901,0.0005435465,80,96
1.0000000000,learned_expected_utility_retrieval,0,0.5638020833,0.0124940285,0.5047384415,0.0125982464,0.5611701750,0.0009560722,0.1734723869,0.0006072740,0.5469716715,0.0028097504,0.0909445546,0.0004139453,0.2988429083,0.0003780978,0.1543634173,0.0005118932,0.0860478432,0.0003706656,0.6044613208,0.0005343267,80,96
1.0000000000,learned_expected_utility_retrieval,1,0.5703125000,0.0122817254,0.5111209659,0.0123987723,0.5610205500,0.0009370774,0.1736106369,0.0006184186,0.5468102077,0.0028440959,0.0909139946,0.0004358688,0.2989007500,0.0003974602,0.1543750949,0.0005293536,0.0863671177,0.0003743322,0.6043515558,0.0005239071,80,96
1.0000000000,learned_expected_utility_retrieval,2,0.5704427083,0.0117534452,0.5108169040,0.0117317474,0.5605207500,0.0008994862,0.1739990119,0.0006189976,0.5457645521,0.0026619143,0.0908657121,0.0004016427,0.2988978396,0.0004406974,0.1542138436,0.0005064487,0.0860900942,0.0003805069,0.6042988193,0.0004969918,80,96
1.0000000000,learned_expected_utility_retrieval,3,0.5694010417,0.0119189448,0.5099935802,0.0118872741,0.5608963875,0.0008799055,0.1736370119,0.0006563511,0.5461458596,0.0028524409,0.0909360721,0.0004189483,0.2990614104,0.0004189791,0.1541932401,0.0005089596,0.0863263272,0.0003801101,0.6047613403,0.0005125709,80,96
1.0000000000,learned_expected_utility_retrieval,4,0.5700520833,0.0115766475,0.5103428784,0.0116649514,0.5605716750,0.0008388252,0.1737752619,0.0006729059,0.5456342208,0.0028020998,0.0910860183,0.0004145695,0.2989011333,0.0004484448,0.1543112708,0.0005030641,0.0864204892,0.0003931158,0.6047376183,0.0005046215,80,96
1.0000000000,learned_expected_utility_retrieval,5,0.5726562500,0.0131102006,0.5134907592,0.0132523289,0.5611224000,0.0008271947,0.1732881994,0.0006761259,0.5458448180,0.0027653237,0.0907068115,0.0004300730,0.2989386250,0.0004566828,0.1543881622,0.0005020743,0.0862795337,0.0004042035,0.6050215500,0.0005382994,80,96
1.0000000000,learned_expected_utility_retrieval,6,0.5677083333,0.0110878988,0.5085973528,0.0111699889,0.5613229500,0.0008219340,0.1729261994,0.0006597100,0.5462261255,0.0028731353,0.0908474840,0.0004441507,0.2990818458,0.0004312681,0.1547677587,0.0005031132,0.0862156167,0.0004148655,0.6049698140,0.0005434395,80,96
1.0000000000,learned_expected_utility_retrieval,7,0.5720052083,0.0112426312,0.5130382606,0.0113257256,0.5615235000,0.0008191554,0.1729393869,0.0006502992,0.5464192140,0.0028546210,0.0908480133,0.0004527284,0.2991706771,0.0004331684,0.1543672266,0.0005036078,0.0861577027,0.0004078912,0.6050956668,0.0005487111,80,96
1.0000000000,learned_expected_utility_retrieval,8,0.5696614583,0.0109778643,0.5107650232,0.0111507729,0.5618991375,0.0008402251,0.1729525744,0.0006355511,0.5460870399,0.0028329576,0.0905178490,0.0004057041,0.2992024021,0.0004365111,0.1546764991,0.0005013605,0.0859497137,0.0004041839,0.6045351765,0.0005848222,80,96
1.0000000000,learned_expected_utility_retrieval,9,0.5675781250,0.0131805385,0.5084199944,0.0132910996,0.5615744250,0.0008775506,0.1733409494,0.0006300738,0.5460919093,0.0028641748,0.0907345227,0.0004524248,0.2989303313,0.0004197189,0.1546964384,0.0005155997,0.0857477277,0.0003846730,0.6043963970,0.0005559624,80,96
1.0000000000,model_predictive_retrieval_arbitration,0,0.5805989583,0.0108336243,0.5362620535,0.0109321217,0.5727348625,0.0008637184,0.1637143335,0.0006413652,0.5577812908,0.0028465973,0.0880235721,0.0004584816,0.2907808521,0.0004155664,0.1485154818,0.0005158413,0.0837879518,0.0003671554,0.6210682290,0.0005476541,80,96
1.0000000000,model_predictive_retrieval_arbitration,1,0.5817708333,0.0116625009,0.5374499557,0.0118773632,0.5729634125,0.0008562214,0.1637475210,0.0006359102,0.5574764168,0.0029804476,0.0880187140,0.0004605769,0.2906252833,0.0004311732,0.1484409629,0.0004892694,0.0841175453,0.0003698681,0.6213111717,0.0005427390,80,96
1.0000000000,model_predictive_retrieval_arbitration,2,0.5944010417,0.0122432343,0.5502280133,0.0122791338,0.5731919625,0.0008373087,0.1640308335,0.0006331165,0.5576880508,0.0028695620,0.0878251146,0.0004501296,0.2903092979,0.0004046772,0.1485685026,0.0004952396,0.0842260283,0.0003865992,0.6211389070,0.0005264176,80,96
1.0000000000,model_predictive_retrieval_arbitration,3,0.5826822917,0.0118267288,0.5385648386,0.0119021548,0.5735956000,0.0008411112,0.1636888335,0.0006310805,0.5580966583,0.0028663653,0.0880260246,0.0004967183,0.2904842729,0.0004147538,0.1488644577,0.0004952478,0.0840243563,0.0003905696,0.6210181680,0.0005337302,80,96
1.0000000000,model_predictive_retrieval_arbitration,4,0.5938802083,0.0122924276,0.5498001360,0.0123314228,0.5738241500,0.0008508442,0.1639721460,0.0006384807,0.5579581174,0.0028770613,0.0878582065,0.0004692656,0.2903384146,0.0003763763,0.1487982005,0.0005083928,0.0841328393,0.0004001467,0.6211460532,0.0005125757,80,96
1.0000000000,model_predictive_retrieval_arbitration,5,0.5783854167,0.0123911931,0.5339424172,0.0124391732,0.5738776125,0.0008729680,0.1638802710,0.0006329814,0.5573074455,0.0028288622,0.0879194815,0.0004530384,0.2908664042,0.0003885228,0.1489243782,0.0004986613,0.0840852443,0.0004048571,0.6211823927,0.0005174471,80,96
1.0000000000,model_predictive_retrieval_arbitration,6,0.5924479167,0.0116979345,0.5482947662,0.0118960350,0.5735809000,0.0009076096,0.1639134585,0.0006417940,0.5575278340,0.0027725566,0.0875325171,0.0004423574,0.2906804417,0.0003760196,0.1489404546,0.0005011409,0.0841897253,0.0004093913,0.6211832145,0.0005178411,80,96
1.0000000000,model_predictive_retrieval_arbitration,7,0.5882812500,0.0113464667,0.5437072365,0.0114274039,0.5731091000,0.0009205813,0.1640717085,0.0006524323,0.5570434952,0.0026910332,0.0877075446,0.0004180154,0.2908997625,0.0004084393,0.1488747940,0.0005001989,0.0836959073,0.0003964082,0.6211625255,0.0005120107,80,96
1.0000000000,model_predictive_retrieval_arbitration,8,0.5865885417,0.0129054489,0.5422119637,0.0130164674,0.5729874750,0.0008995956,0.1637297085,0.0006674983,0.5571019277,0.0025999811,0.0876529483,0.0004687845,0.2908593354,0.0004315567,0.1488769022,0.0005085157,0.0837943853,0.0003871254,0.6211998655,0.0005230796,80,96
1.0000000000,model_predictive_retrieval_arbitration,9,0.5819010417,0.0111338668,0.5374155782,0.0111732130,0.5732160250,0.0009001090,0.1637628960,0.0006610524,0.5574974036,0.0027810593,0.0879786715,0.0003984475,0.2909358729,0.0004249858,0.1488898271,0.0005249877,0.0837487913,0.0003771560,0.6213427582,0.0005419370,80,96
1.0000000000,oracle_mechanism_retrieval,0,0.7605468750,0.0109170142,0.8670357450,0.0109732033,0.7137533625,0.0007701178,0.0720329688,0.0006380986,0.6655963886,0.0028728021,0.0574883141,0.0004011939,0.1950029437,0.0004421153,0.1024110486,0.0005452740,0.0562421875,0.0003856803,0.8278256909,0.0005005867,80,96
1.0000000000,oracle_mechanism_retrieval,1,0.7742187500,0.0104936365,0.8811691729,0.0105288903,0.7142480875,0.0007926496,0.0717560313,0.0006413794,0.6660938064,0.0028472017,0.0573508222,0.0004110475,0.1947864500,0.0004286042,0.1024602329,0.0005476733,0.0562306690,0.0003680597,0.8280605351,0.0004933528,80,96
1.0000000000,oracle_mechanism_retrieval,2,0.7640625000,0.0098806724,0.8707516778,0.0100154666,0.7143926375,0.0008490488,0.0717292188,0.0006388580,0.6658821198,0.0028133343,0.0575847078,0.0004320813,0.1949785875,0.0004355921,0.1025334367,0.0005398353,0.0562231525,0.0003556122,0.8279522079,0.0004837565,80,96
1.0000000000,oracle_mechanism_retrieval,3,0.7679687500,0.0113057033,0.8748110082,0.0113394867,0.7141870125,0.0009202600,0.0718274688,0.0006386875,0.6660162311,0.0027674550,0.0573491103,0.0004648457,0.1950488875,0.0004264533,0.1023058939,0.0005072227,0.0562926745,0.0003496094,0.8282085629,0.0004951401,80,96
1.0000000000,oracle_mechanism_retrieval,4,0.7680989583,0.0112692925,0.8747098294,0.0113701201,0.7141564750,0.0009387688,0.0716755938,0.0006345754,0.6654587467,0.0027425636,0.0574641228,0.0004205896,0.1951720521,0.0004381566,0.1024797443,0.0004910931,0.0565082695,0.0003533405,0.8278936324,0.0005054467,80,96
1.0000000000,oracle_mechanism_retrieval,5,0.7638020833,0.0121861662,0.8702867456,0.0121689006,0.7139508500,0.0009629067,0.0718989063,0.0006373549,0.6654133933,0.0027317945,0.0573849359,0.0004815279,0.1952071208,0.0003767450,0.1025612097,0.0004856708,0.0565797925,0.0003670482,0.8278423336,0.0005116971,80,96
1.0000000000,oracle_mechanism_retrieval,6,0.7734375000,0.0113378895,0.8801194391,0.0112921769,0.7140954000,0.0009829568,0.0719971563,0.0006400263,0.6655475045,0.0027097948,0.0570462134,0.0004369553,0.1951972125,0.0004361237,0.1026338170,0.0004955348,0.0564242020,0.0003744565,0.8281267026,0.0005202530,80,96
1.0000000000,oracle_mechanism_retrieval,7,0.7697916667,0.0101604097,0.8764964571,0.0103201182,0.7130143375,0.0010179057,0.0719703438,0.0006509682,0.6660361680,0.0026388412,0.0569377991,0.0004550786,0.1951481292,0.0004135755,0.1027944644,0.0005004995,0.0566417980,0.0003755342,0.8277202264,0.0005067235,80,96
1.0000000000,oracle_mechanism_retrieval,8,0.7720052083,0.0107188654,0.8787943233,0.0107728187,0.7129838000,0.0010024011,0.0715683438,0.0006550628,0.6654874380,0.0027328779,0.0569978028,0.0004174523,0.1950920521,0.0004208290,0.1025567016,0.0004953133,0.0565532410,0.0003821034,0.8279205534,0.0005082176,80,96
1.0000000000,oracle_mechanism_retrieval,9,0.7641927083,0.0097201221,0.8709254186,0.0097587727,0.7122529125,0.0009394688,0.0712914063,0.0006391041,0.6658097683,0.0027003435,0.0570219172,0.0004373290,0.1954014521,0.0004013868,0.1027090875,0.0004887782,0.0566917975,0.0003895709,0.8280573486,0.0005210174,80,96
1.0000000000,proposed_mechanism_retrieval_controller_v4,0,0.6131510417,0.0136609276,0.5992967007,0.0138116939,0.5860512125,0.0008747583,0.1463155366,0.0006161617,0.5623142987,0.0028190098,0.0816691063,0.0004386175,0.2491532979,0.0004211792,0.1420173418,0.0005077568,0.0825412586,0.0003852913,0.6530340148,0.0005210232,80,96
1.0000000000,proposed_mechanism_retrieval_controller_v4,1,0.6042968750,0.0127558609,0.5901129041,0.0128667412,0.5857825000,0.0009252637,0.1462436616,0.0006256763,0.5620411018,0.0027866774,0.0819994376,0.0004552042,0.2495252813,0.0003851574,0.1417534249,0.0005039224,0.0825059836,0.0003805800,0.6530593803,0.0004961885,80,96
1.0000000000,proposed_mechanism_retrieval_controller_v4,2,0.6151041667,0.0108467437,0.6006677917,0.0109600518,0.5856888750,0.0009383282,0.1465469741,0.0006254192,0.5621049484,0.0028607900,0.0820771632,0.0004066043,0.2494719292,0.0004102318,0.1421006248,0.0005145472,0.0824016741,0.0003639725,0.6531762916,0.0004935690,80,96
1.0000000000,proposed_mechanism_retrieval_controller_v4,3,0.6161458333,0.0108964913,0.6016051347,0.0108892479,0.5848949000,0.0009506013,0.1462249741,0.0006540113,0.5621906809,0.0028882224,0.0822868982,0.0003911854,0.2494802583,0.0004140589,0.1422191916,0.0005302096,0.0825124721,0.0003556434,0.6533747436,0.0004929508,80,96
1.0000000000,proposed_mechanism_retrieval_controller_v4,4,0.6166666667,0.0108922535,0.6022071369,0.0110708514,0.5849763625,0.0009344995,0.1459029741,0.0006555612,0.5622764134,0.0028155215,0.0824309707,0.0004005675,0.2494958792,0.0004220027,0.1422377084,0.0005481152,0.0826983076,0.0003488570,0.6533430806,0.0005272769,80,96
1.0000000000,proposed_mechanism_retrieval_controller_v4,5,0.6169270833,0.0107801074,0.6027005872,0.0108688451,0.5848827375,0.0009076030,0.1459561616,0.0006469529,0.5625241018,0.0028109398,0.0822308063,0.0004028579,0.2493650708,0.0004151966,0.1420700934,0.0005502426,0.0829651836,0.0003500120,0.6533749493,0.0005400504,80,96
1.0000000000,proposed_mechanism_retrieval_controller_v4,6,0.6091145833,0.0105575519,0.5947987008,0.0105506966,0.5846140250,0.0008674538,0.1460093491,0.0006406802,0.5622465278,0.0026350674,0.0823260294,0.0004594546,0.2492722458,0.0004554466,0.1418118832,0.0005472835,0.0828568721,0.0003708248,0.6532927611,0.0005321226,80,96
1.0000000000,proposed_mechanism_retrieval_controller_v4,7,0.6138020833,0.0125382935,0.5995971716,0.0126702947,0.5855709250,0.0008665095,0.1461875991,0.0006407318,0.5617894890,0.0027424195,0.0821299694,0.0004539834,0.2493045708,0.0004751527,0.1415625312,0.0005438603,0.0830507116,0.0003737484,0.6531010181,0.0005242267,80,96
1.0000000000,proposed_mechanism_retrieval_controller_v4,8,0.6106770833,0.0118769878,0.5962426776,0.0120335047,0.5853022125,0.0008917171,0.1463658491,0.0006413114,0.5618577128,0.0027396496,0.0823746844,0.0004561499,0.2492961958,0.0004561784,0.1415038244,0.0005244475,0.0827943261,0.0003943627,0.6531113761,0.0005170032,80,96
1.0000000000,proposed_mechanism_retrieval_controller_v4,9,0.6066406250,0.0131917927,0.5920901834,0.0133107054,0.5852085875,0.0008772552,0.1464190366,0.0006515277,0.5619303137,0.0029398496,0.0824769763,0.0004057149,0.2494506563,0.0004195250,0.1414394110,0.0005006630,0.0827610521,0.0004061597,0.6531432448,0.0005209977,80,96
1.0000000000,retrieved_context_behavior_clone,0,0.3903645833,0.0114448592,0.1937467505,0.0115478380,0.4445590250,0.0009482531,0.3350035564,0.0006512179,0.4188167055,0.0028837204,0.1302961364,0.0004610442,0.2394873708,0.0004472750,0.2046357093,0.0005010969,0.1285865544,0.0003814994,0.6153541586,0.0005392891,80,96
1.0000000000,retrieved_context_behavior_clone,1,0.3976562500,0.0123741484,0.2005780957,0.0125805296,0.4438701375,0.0009441566,0.3355069939,0.0006570542,0.4186284602,0.0028402665,0.1304961896,0.0004665744,0.2390780500,0.0004280614,0.2050565024,0.0004980580,0.1284554469,0.0003760478,0.6152713914,0.0005096020,80,96
1.0000000000,retrieved_context_behavior_clone,2,0.3825520833,0.0105450500,0.1857078323,0.0106179363,0.4440566875,0.0009427272,0.3350099314,0.0006503348,0.4186503199,0.0028258073,0.1304290327,0.0004427399,0.2393574583,0.0003867354,0.2049282412,0.0004958978,0.1283833689,0.0003639293,0.6154187391,0.0004905995,80,96
1.0000000000,retrieved_context_behavior_clone,3,0.3901041667,0.0123374494,0.1930764360,0.0124757195,0.4440681500,0.0009334159,0.3352632439,0.0006478274,0.4184708290,0.0028189694,0.1305318521,0.0004235765,0.2391696042,0.0004041430,0.2050374711,0.0004994696,0.1285484094,0.0003569428,0.6155070574,0.0004861268,80,96
1.0000000000,retrieved_context_behavior_clone,4,0.3994791667,0.0115602561,0.2023734976,0.0115233150,0.4439045250,0.0009061284,0.3355165564,0.0006560400,0.4186415130,0.0028047069,0.1304517839,0.0004381446,0.2390312667,0.0003680862,0.2053404978,0.0005035793,0.1286384124,0.0003577107,0.6157814686,0.0004966264,80,96
1.0000000000,retrieved_context_behavior_clone,5,0.3936197917,0.0107906181,0.1969005094,0.0107915518,0.4439159875,0.0008821244,0.3351445564,0.0006549409,0.4191842580,0.0028280069,0.1303770502,0.0004253452,0.2394063604,0.0003878912,0.2047082384,0.0005173277,0.1287184104,0.0003611557,0.6155071056,0.0004976916,80,96
1.0000000000,retrieved_context_behavior_clone,6,0.3989583333,0.0115619676,0.2022702919,0.0118427692,0.4442776250,0.0008809674,0.3347725564,0.0006552583,0.4181512155,0.0025846334,0.1301757914,0.0004506483,0.2393245333,0.0003986041,0.2050047932,0.0005204167,0.1289484834,0.0003676532,0.6157610066,0.0005104712,80,96
1.0000000000,retrieved_context_behavior_clone,7,0.3861979167,0.0122778313,0.1893185485,0.0124239889,0.4444641750,0.0008755397,0.3351509314,0.0006610623,0.4183175224,0.0025731931,0.1303528402,0.0004256768,0.2394960917,0.0004438553,0.2047132265,0.0005269804,0.1289654499,0.0003774418,0.6158558281,0.0005212900,80,96
1.0000000000,retrieved_context_behavior_clone,8,0.3924479167,0.0098182286,0.1955507541,0.0098736993,0.4443005500,0.0008685481,0.3352791814,0.0006698453,0.4188427587,0.0026265817,0.1303953052,0.0004047605,0.2394765417,0.0004168366,0.2049041935,0.0005188456,0.1289033769,0.0003882498,0.6156374931,0.0005359458,80,96
1.0000000000,retrieved_context_behavior_clone,9,0.3777343750,0.0110744695,0.1803941238,0.0112851372,0.4441369250,0.0008610880,0.3354074314,0.0006775537,0.4179672949,0.0027419120,0.1305149639,0.0004099439,0.2396754437,0.0004117603,0.2049202731,0.0005231259,0.1288413039,0.0003982882,0.6153191081,0.0005138647,80,96
1.0000000000,test_time_retrieval_adaptation,0,0.5135416667,0.0122972892,0.4101008585,0.0123158446,0.5250796125,0.0008661248,0.2093843544,0.0006244774,0.5059503526,0.0026941334,0.0994333923,0.0004120764,0.3093280792,0.0004240883,0.1707115396,0.0005332876,0.0960111222,0.0004022664,0.5399830577,0.0005090874,80,96
1.0000000000,test_time_retrieval_adaptation,1,0.5041666667,0.0107716915,0.4005416719,0.0106510603,0.5252521625,0.0008543352,0.2092524794,0.0006146265,0.5057703432,0.0026857720,0.0996578611,0.0004335378,0.3094462417,0.0003782369,0.1708954954,0.0005344316,0.0957137747,0.0004131329,0.5394990742,0.0005397179,80,96
1.0000000000,test_time_retrieval_adaptation,2,0.5127604167,0.0122574010,0.4090460065,0.0123092735,0.5255998000,0.0008551457,0.2094957919,0.0006239073,0.5055772023,0.0027650155,0.0996601929,0.0004542568,0.3096129917,0.0003927762,0.1705963210,0.0005023576,0.0957225802,0.0004098581,0.5392066865,0.0005345348,80,96
1.0000000000,test_time_retrieval_adaptation,3,0.5066406250,0.0132914117,0.4028054555,0.0134187049,0.5259474375,0.0008721637,0.2097391044,0.0006299284,0.5053840613,0.0029388179,0.0995521811,0.0004677305,0.3097606188,0.0004032878,0.1706973466,0.0005012178,0.0955062732,0.0003974441,0.5396146487,0.0005289574,80,96
1.0000000000,test_time_retrieval_adaptation,4,0.5022135417,0.0130533227,0.3987860844,0.0131334271,0.5257698125,0.0009207790,0.2091069794,0.0006450212,0.5060969982,0.0029419618,0.0994274573,0.0004829567,0.3100346229,0.0003921394,0.1707426681,0.0005089274,0.0955761092,0.0003939471,0.5396329162,0.0005499924,80,96
1.0000000000,test_time_retrieval_adaptation,5,0.5105468750,0.0123192262,0.4069003184,0.0124179545,0.5255921875,0.0009523295,0.2093502919,0.0006460551,0.5057287698,0.0030173058,0.0993594392,0.0004295325,0.3101299813,0.0003879767,0.1707467953,0.0005090244,0.0955098772,0.0003946453,0.5395986575,0.0005370920,80,96
1.0000000000,test_time_retrieval_adaptation,6,0.5029947917,0.0119920420,0.3994505405,0.0120794100,0.5254145625,0.0009550729,0.2089682919,0.0006485074,0.5064329523,0.0030148245,0.0996086242,0.0004481261,0.3103726979,0.0003903823,0.1707034800,0.0004876690,0.0955086777,0.0003759169,0.5399020675,0.0005543187,80,96
1.0000000000,test_time_retrieval_adaptation,7,0.5006510417,0.0113427967,0.3966368065,0.0114810731,0.5245365875,0.0009357165,0.2092116044,0.0006442842,0.5055394613,0.0029407110,0.0996577561,0.0004598206,0.3103173854,0.0003474506,0.1707170619,0.0004827081,0.0955174832,0.0003654779,0.5392114807,0.0005435389,80,96
1.0000000000,test_time_retrieval_adaptation,8,0.5089843750,0.0133582346,0.4054649648,0.0135264567,0.5247091375,0.0009099591,0.2092047919,0.0006479550,0.5062305123,0.0029009587,0.0994221542,0.0004955298,0.3099625188,0.0004229831,0.1705908164,0.0004975686,0.0956723617,0.0003641810,0.5395203935,0.0005404950,80,96
1.0000000000,test_time_retrieval_adaptation,9,0.5169270833,0.0115561189,0.4135234499,0.0117258600,0.5250567750,0.0008965340,0.2093230419,0.0006406933,0.5063919235,0.0028659240,0.0992773754,0.0004461706,0.3098382333,0.0004353316,0.1707798823,0.0004924837,0.0957542037,0.0003740017,0.5393355595,0.0005029769,80,96
